date,AGG,ALU,BRICK,CEM,CIPI_ALL,CIPI_BLDG,CIPI_CIVIL,CIPI_MAT,CLAY,DIESEL,IRON,IRONSTEEL,LABOUR,LIME,MURRAM,NAILS,PAINT,PIPES,SAND,STEEL,TILES,TIMBER,activity_indicator,central_bank_rate,cpi,exchange_rate,lending_rate,ppi_manufacturing,private_credit
2017-07-01,96.75513309771502,107.01249176098652,100.0,96.4830488796938,100.32914888286163,128.89570913933449,139.34502177082769,100.15365062248209,98.66669292974629,103.70486483003319,101.39554061138776,131.09261553237454,101.59066833608189,96.48463073049957,95.54716637167462,104.68941665803935,100.7455427254681,100.0,101.17615720885613,103.03856763144954,98.74963960653564,102.56968772377904,121.2823884,10.0,102.28391511657,3601.5305,20.88,102.4342470449186,12.1666643634193
2017-08-01,94.67316026873388,107.01588156738069,100.0,94.07929801573972,99.90279123823572,128.8666192395674,139.3403090221963,99.60732991354035,98.66669292974629,104.23101721569347,99.74575096983983,131.061880193145,101.59066833608189,94.08084045677057,95.02597323148338,104.63124190264847,100.51711302978629,100.0,98.28381219880026,103.37849892905562,98.74963960653564,102.56968772377904,121.9975471,10.0,102.542972218826,3606.03173913043,22.29,103.49581718778089,12.2243283045191
2017-09-01,94.67316026873388,107.00862789309896,99.66377002991659,94.2980749718043,99.93011666369948,128.8879420436235,139.33705706992282,99.64137511380444,98.66669292974629,104.61176481848777,101.39242924241444,131.10332654926788,101.59066833608189,94.2996209997088,95.05845255094475,104.6842222955708,99.98168430253956,100.0,98.28381219880026,102.8914111621789,98.74963960653564,102.56968772377904,122.4305726,10.0,103.212511477685,3599.866,20.89,103.75000551885088,12.3507297763164
2017-10-01,98.88289092899576,107.00886964814099,99.12845424320496,95.00106435426852,100.40567308958093,128.93073831871632,139.3435027303457,100.14845762055333,97.22433584480909,105.24098122848972,100.8412457327992,131.13611623116657,102.58249797709652,95.00262190776569,95.54221221757068,104.78022223550767,100.74945582740563,100.0,101.17615720885613,104.71455202550108,97.13253199458434,102.56968772377904,123.1145416,9.5,103.511455455022,3637.90952380952,18.97,103.99331491463492,12.5681923477558
2017-11-01,98.88289092899576,107.02382477708923,99.12845424320496,95.31319767793802,100.69209495924954,128.90674500026358,139.35318182070336,100.5053153728991,97.22433584480909,106.37871839127915,98.34740929358404,131.06745188114132,102.58249797709652,95.31476034889732,95.88265659301264,104.71948088486705,101.00598847463571,100.0,101.17615720885613,106.03741292612685,97.13253199458434,101.23610316089916,123.3921659,9.5,103.584782065811,3638.85080808081,21.42,103.5691120972497,12.5790076008021
2017-12-01,98.88289092899576,107.01938812517247,98.7756514457568,94.4981460893775,101.00377642794541,128.94576115738013,139.3581910540832,100.89784024028172,97.22433584480909,107.36788002348852,102.52941893127962,131.10965557907537,102.73025065147593,94.49969539747123,96.25712760406142,104.81460762392419,101.03471348453448,100.16975720692929,101.17615720885613,110.3276194076632,97.13253199458434,101.11838570015861,124.3700769,9.5,103.83570148135,3623.26157894737,20.276701023335,102.53313216825724,12.8251198868611
2018-01-01,98.88289092899576,107.0205381699208,98.43435956126704,94.80709066071756,101.19275673055147,128.96212524379197,139.36333940218236,101.26122264489356,97.22433584480909,109.74022525904485,103.51177352855352,131.11724609716802,102.65351590090103,94.80864503399346,96.60379653578973,104.85484747526274,100.59896835443057,100.16975720692929,101.17615720885613,110.91411544829468,97.13253199458434,101.11838570015861,124.5699812,9.5,103.687971408457,3640.05304232804,20.2573268024728,102.05296387592853,12.6547601712683
2018-02-01,98.88289092899576,107.04029280778012,98.43435956126704,98.00283490104648,102.23504920832706,128.9829218836336,139.37805141382117,102.50803304777759,97.22433584480909,114.79267682527484,104.72385477444661,131.07241017164463,103.25495783498978,98.00444166892082,97.79326092633241,104.9068375183101,101.31131226204285,100.16975720692929,101.17615720885613,113.40071298412967,97.13253199458434,99.25878218155471,126.0275877,9.0,104.030062456739,3637.56260233918,21.1035262097449,102.49659849393348,12.6357124327097
2018-03-01,98.88289092899576,107.04098980227802,98.43435956126704,102.18007968327885,103.1790971816042,129.03408116856522,139.38644800252584,103.69845297057593,97.22433584480909,118.33617203672169,106.80092512132093,131.11172903193247,103.08990764312429,102.18175493756713,98.92892847023955,105.02478014691738,100.95842252703905,100.16975720692929,101.17615720885613,114.5972523039171,97.13253199458434,99.25878218155471,126.1171243,9.0,104.32732287263,3660.11786111111,20.1018827701149,103.09334402405872,12.8279615873349
2018-04-01,98.88289092899576,107.06259687436588,99.48947599683386,119.72130027693106,106.35607392892466,129.111922377235,139.41073925174356,107.61087171345045,97.22433584480909,124.35036262653873,108.19387660196931,131.10666799741676,103.08990764312429,119.72326312157074,102.66139875182884,105.17399770628494,107.74042478915894,100.16975720692929,101.17615720885613,115.11533754618308,97.13253199458434,99.25878218155471,126.4573892,9.0,104.840046981494,3697.2425,20.034877234095,103.70469964465,12.9259833537793
2018-05-01,98.88289092899576,107.0525753220634,98.43435956126704,105.52636544245108,105.44223319778814,129.12177085844945,139.41692661334264,106.4313626956562,98.55045239209008,126.8197740419107,109.77014920374846,131.1346778117373,103.252398098489,105.5280955594835,101.53614027488243,105.21111546628784,107.55983602647194,100.16975720692929,101.17615720885613,119.95903972221122,98.61920905796921,99.25878218155471,127.0467736,9.0,105.499910091617,3726.84315656566,20.1999073716358,104.11363144943276,13.0323425963498
2018-06-01,98.88289092899576,107.03357902541443,98.43435956126704,101.87728084549448,105.40414121205569,129.18078838759675,139.4164291207382,106.42141473049332,98.55045239209008,130.62812583001568,109.29040412998387,131.2405235055231,102.139396997313,101.87895113536061,101.52664985814205,105.34949768512561,108.603573055133,100.16975720692929,101.17615720885613,120.16016218711746,98.61920905796921,100.81221267793792,127.8850482,9.0,105.062932236756,3840.47675,17.683715187874,104.72388025033882,13.4046252857106
2018-07-01,110.65814110874615,107.05011636239969,98.43435956126704,101.55325404411228,106.44150782009477,129.22778578251706,139.46084102322752,107.68520175397416,98.55045239209008,134.60516856418712,107.63621341541558,131.19796361429894,102.139396997313,101.55491902152133,102.73231004367082,105.42805888473828,108.42700417671949,100.68868483876427,114.45649234667593,119.88586490759889,98.61920905796921,100.81221267793792,125.7503938,9.0,105.418288880922,3760.44343915344,19.17,104.96432931678176,13.3790462036214
2018-08-01,110.65814110874615,107.04415066677032,98.43435956126704,97.13296667701994,106.294243870418,129.22100850649767,139.45717863233193,107.50172885738641,98.55045239209008,134.6856500709428,108.05308242677863,131.2091768689327,102.1393308384258,97.13455918330358,102.55727583107841,105.41873052980152,107.8804897278696,100.68868483876427,114.45649234667593,118.41857832765939,98.61920905796921,100.81221267793792,127.5742368,9.0,105.820321061926,3729.5325,19.03,105.61708933501428,13.5535294487902
2018-09-01,110.65814110874615,107.0459381242605,98.43435956126704,95.54110404401371,105.89049205417794,129.2282145395643,139.46232212327308,106.99868778089441,98.55045239209008,135.78531020887425,107.56701502801297,131.2088114494667,102.1393308384258,95.54267045152437,102.0773717124703,105.43472921173083,108.19452172560932,100.68868483876427,114.45649234667593,120.94939160772145,98.61920905796921,100.81221267793792,128.5385199,9.0,106.533823455265,3800.67941666667,19.56,105.93130894677978,13.8918008277995
2018-10-01,110.65814110874615,107.03360928590202,95.36352027413486,94.95939816066428,105.95420307466588,129.24369606618254,139.46773043760427,107.07806639677065,100.22793724198334,136.41157650389056,107.53111400436472,131.249763211899,102.1393308384258,94.96095503103935,102.15309937462081,105.45804037227492,108.10304328472789,100.68868483876427,114.45649234667593,121.18221508816103,100.50326963283942,100.81221267793792,131.1060268,10.0,106.428095054428,3777.97772727273,20.3713441887711,105.70868831415538,13.8798050008377
2018-11-01,110.65814110874615,107.03305215688545,95.36352027413486,94.50488084088278,105.73825086094166,129.2342429966622,139.4643164018903,106.90479594514119,100.22793724198334,136.83614819046133,107.22050688569324,131.2452630804124,102.14923051903722,94.50643025939354,101.98779835397664,105.43788259621468,108.06163289539681,100.68868483876427,114.45649234667593,118.9823665391672,100.50326963283942,100.81221267793792,130.8689898,10.0,106.417292551442,3739.57772727273,20.5096932845887,105.23211890956692,14.0995360693288
2018-12-01,110.65814110874615,107.03307173500704,95.36352027413486,95.7529768460641,106.03400614593,129.24993922051104,139.46641162282,107.27499172782949,100.22793724198334,138.2153948489591,107.63124421535763,131.257432116963,102.20214485137014,95.75454672725401,102.34096728809708,105.47331231039482,108.5870698039168,100.68868483876427,114.45649234667593,119.35687217055295,100.50326963283942,100.81221267793792,131.4105435,10.0,106.253701033593,3714.12678362573,20.1477551090464,105.58383274612464,14.2236507000663
2019-01-01,110.65814110874615,107.03860453189343,95.36352027413486,94.29993078836755,106.0569260143026,129.22166614644323,139.46940963554027,107.30734659686333,109.47452869374746,133.44701075289066,106.07775750274443,131.2159653528672,102.15803879079206,94.30147684669838,102.37183402171382,105.4116306748527,107.2433304365895,100.68868483876427,114.45649234667593,119.28424471302549,110.9557596662589,100.81221267793792,131.9419543,10.0,106.361643811883,3702.43409090909,21.3984700795888,105.4132536185468,14.0697659825823
2019-02-01,111.14075791482608,107.03711310643205,95.14997885822646,94.1828793669464,106.10783326921157,129.22634812191745,139.4693947613147,107.41814085552056,109.68587275647556,133.70812240738394,106.23787625406204,131.22354948683008,102.24931132539693,94.30147684669838,102.47753239016224,105.42126759677207,107.59854065520227,100.2357351296038,114.77483407902699,119.44070649891687,111.77556758469804,99.61687955862116,132.1132856,10.0,106.192107742702,3672.894,21.1052143002769,105.18100943601908,14.1349565214484
2019-03-01,111.27598805173265,107.028062250709,95.2178659657473,94.62221841196526,106.12154624249028,129.25071101269964,139.46479753102986,107.43741501741715,110.10283471286598,133.0287920492138,106.29645969140174,131.27543018623325,102.22389539993749,94.83408791691637,102.49592005293802,105.48018472816733,107.01726587581913,99.83023658465567,114.35788185480652,119.60167983323882,113.51349799307715,99.81687274336568,135.2803728,10.0,107.028433651355,3706.1915,19.6053445259492,105.42783912921168,14.5358315637738
2019-04-01,111.20041159437275,107.03045812534653,95.35058400378541,94.2837979411403,106.62224919268027,129.26230668131197,139.47047337390734,108.05666220228225,111.13559482838016,133.45727281074056,106.22850721051203,131.2751753108884,102.22203163201567,95.13820393328191,103.08668547616278,105.50564709163996,107.2455427620214,99.83062017848113,114.65649387537815,119.98443179541734,112.22734248923578,101.9788228498333,135.0274234,10.0,107.385175096515,3736.97575,19.7906989423451,105.8325084204937,14.759921454982
2019-05-01,111.30314260091264,107.02870976906492,95.36822447887285,93.9065892873892,106.85182270694015,129.2699032166,139.47176221865553,108.31439018246398,111.62410246691503,133.24909154787693,105.9834014433339,131.28666365680445,102.55064158792916,93.86463600891534,103.33255947124941,105.52592609970215,107.35209072878024,100.06868501426788,114.76842345252719,119.84536687119832,116.63370429888369,103.62845826485538,134.9159024,10.0,107.72187492799,3765.62933080808,19.6312875341174,105.93897338064794,14.9152788909739
2019-06-01,112.01949310009073,107.02574049091936,95.50559502752147,93.4669734390831,106.93370403205607,129.28582418272356,139.4751012090416,108.4683496427058,112.4522414158815,133.65977245306559,107.84937792426788,131.3050378161007,102.61591196227783,93.76581676533013,103.47943769356871,105.56007131284882,107.4063298614857,99.77991577451333,117.11474131466207,119.14833834452583,116.63370429888369,103.69272607258883,134.787514,10.0,107.323374868198,3728.98830246914,19.0216093138992,105.5943714986798,15.0921988265046
2019-07-01,112.10223382335865,107.0397123993795,95.62203808164892,92.90331273876386,106.92998645636688,129.25734570574465,139.48352074874646,108.46795906529539,112.98339539058313,133.59403347045654,107.37632733346152,131.2348699443288,102.49520893985932,94.76672946942864,103.47906508044296,105.49008848728981,108.11321102610314,99.4080348158593,117.70404996851285,119.97374480255226,117.97035789318763,103.05370387610844,135.6651407,10.0,107.2697805818,3696.48695652174,21.4359983055731,105.54889631132684,15.2262591243972
2019-08-01,112.27425220387846,107.03235550981613,95.80900757335255,92.76399645051875,107.06709380125349,129.2777643162672,139.4826284900788,108.66259152568115,112.78199976556132,133.27866346890758,107.31381411463457,131.2741393292828,102.33378091108277,94.76672946942864,103.66474558193465,105.53817175547249,108.36499012047062,99.84453796593588,118.27593563940631,120.12616644534705,121.67769659961543,103.73039160493097,136.1618173,10.0,107.790993770313,3693.73386363636,20.227302712304,105.75002007836724,15.3573771987977
2019-09-01,113.48274431389339,107.03329754576858,95.6969000650391,92.86691365173189,107.52634365059814,129.29651844227428,139.48825105294773,109.0970994012437,117.93079734583047,132.02153507621685,108.37266159578603,131.2829787457436,103.64913396586348,96.73944398941104,104.07926862745666,105.58122699476182,108.51593512264034,100.58801938986215,118.71759027144677,120.67917107991227,122.23388278818177,105.51120731261607,136.9937341,10.0,108.45873515799,3675.49642857143,19.823623988352,105.92098423198266,15.3629381847365
2019-10-01,114.62682037868046,107.05019331008131,95.6969000650391,92.4547334075367,107.64224369018592,129.28085211100762,139.48953379213737,109.24111895134685,118.42314962833781,131.5832941804848,107.91556822764161,131.22403203410667,103.65357205193715,97.75779076720377,104.21666411757562,105.56029278284409,108.36143002933102,100.60383763323252,119.81506665149548,121.35257377858514,123.67549937403602,107.63700757786218,137.3921658,9.0,108.525600441137,3695.83636363636,19.8048609403963,105.81524751408868,15.4986782863277
2019-11-01,114.69367110265937,107.04098145759947,95.79631967493425,92.43978921862293,107.30307384625064,129.30745985473197,139.4872572826302,108.81854162402807,118.42314962833781,131.58554849215696,106.88807784830931,131.27507823711954,103.65357205193715,98.65450044383643,103.81352288460731,105.6242845946881,107.9967504582489,100.60383763323252,120.06943597661954,122.27318299485535,124.17537146711243,109.7390515017287,137.3426289,9.0,108.514460027521,3697.44285714286,18.3397265329228,106.31373819321462,15.6394439347934
2019-12-01,114.64752915627089,107.04724439667056,96.0419145171424,92.38190682330955,108.2147373464215,129.3206899379936,139.50002652381033,109.94977383595982,120.21839701863777,129.87805575765597,107.28599894193508,131.25910722111712,103.70726676151949,101.39382696206,104.89272500741218,105.64717913630271,108.93316637963714,100.61630021764053,122.39701060134436,125.03769069451923,124.97486255082626,112.3765882768535,137.5984205,9.0,108.772075087227,3676.60441666667,18.8344591980902,106.91374759333476,15.9279329627316
2020-01-01,115.92429035716846,94.20490522246853,96.38461945405626,,,113.49220027844106,122.92496900397282,106.93169639347852,120.46979186639932,129.86998659011624,106.2813745533695,114.6582201920438,103.46951040009708,97.42079169252114,100.4,93.10187963622278,,97.4263759369288,,124.80227543540549,124.7943854319003,101.35124375428421,139.4732177,9.0,109.121110252864,3680.77116161616,19.8834273260785,107.68925070164056,15.7946754977727
2020-02-01,115.57116342154231,94.05805424004846,96.42857770148962,,,113.31528336452298,122.73334785197908,106.7650062977755,121.19852921715803,130.2246630383294,106.49390034531963,114.47948563211854,104.29265686310501,97.42079169252114,104.3,92.95674810132608,,97.43524216725406,,125.43777315083697,124.7943854319003,107.0701227122062,140.1134165,9.0,109.340005814073,3676.8465,19.12,107.545555448379,15.7355143091059
2020-03-01,116.00449923137027,99.71181706322079,96.44016537070351,,,120.12658455036865,130.1107622037374,113.18257498234127,121.58495829849285,129.47134580609043,108.05340545003725,121.36076618924045,105.11580332611294,100.13374839403036,104.6,98.54431219484843,,97.54234697809588,,127.1000806839025,124.7943854319003,103.89296773558287,137.9245476,9.0,109.207644847706,3772.9075,17.78,108.4930426010824,15.9406361976612
2020-04-01,116.58362929423015,97.36220134449982,96.49598603579982,,,117.29591392767954,127.04482377183784,110.51553345109315,122.78912865963363,128.4125844796702,108.18891645607312,118.50101323043653,107.50292806883593,97.42079169252115,107.1,96.22220763650148,,97.78786830751305,,127.69286997559928,125.11318918526199,101.98667474960888,135.4262878,8.0,110.187033479222,3785.74630555556,17.73,108.563405490518,16.2307097697094
2020-05-01,116.8380618320715,99.85866804564084,96.5812769808642,,,120.3035014642867,130.3023833557311,113.34926507804425,124.3588432787565,125.93029968815422,111.0646273072058,121.53950074916567,105.85663514282007,97.42079169252115,102.8,98.68944372974511,,97.8328791130895,,128.44784690025088,125.11318918526199,106.01107105333176,133.9053651,8.0,110.581067430562,3791.46,18.84,108.35386611547185,16.3163716806885
2020-06-01,116.17470703106133,95.08601111698889,96.8296852312016,,,114.55370176194947,124.07469591593515,107.93183696769655,124.7134698952353,126.28515996313344,112.31183676001443,115.73062755159526,105.28043261871453,100.13374839403038,106.9,93.97266884560288,,97.71640279066608,,128.3700693638202,125.11318918526199,107.91736403930577,138.7840457,7.0,110.94713759482,3737.9445,19.2971441954946,108.90744186377027,16.9818131979102
2020-07-01,116.20517086194432,107.10286367511617,97.90276616185308,92.08513804759005,108.53053947206477,129.2494766210885,139.50332236638994,110.14357254492954,126.44864054309777,127.33492609936496,113.65322167767333,131.04717250041156,104.88391586562868,100.91983159159388,105.07761010519403,105.5084479295954,110.07786065284837,96.06357954185562,123.08906117369831,128.6225528897018,125.5059543585911,103.9901949994331,143.2988539,7.0,110.743067771127,3703.53704545455,20.9292024479297,108.85876369502606,16.996574400882
2020-08-01,116.53620001432624,107.09768109702458,98.15470198477071,92.64530838341086,109.23764272885141,129.2753114711252,139.50482508464643,111.01250055366448,127.46911555195425,128.06652640444432,113.97659989466175,131.08279498452038,105.02398764417384,100.91983159159388,105.90657248948646,105.57172988052271,109.90218692908336,96.06357954185562,123.08906117369831,128.71588846514896,130.9408980383633,104.47601759908719,143.4812411,7.0,110.996475967466,3677.52758454106,19.8382721634667,109.1111898722621,16.9713743223835
2020-09-01,116.71951039506668,107.09889016319705,98.5244039357338,93.33078596957375,109.70155495526711,129.27950197336986,139.50648585184544,111.55109914288862,126.75661478569288,127.12240930093708,114.46927980632441,131.08274267921672,105.48505400723258,100.5972341923678,106.42039868246395,105.58116274767659,109.70988778556509,96.11167437399186,123.30948448966504,129.720912556104,132.4194735454156,105.08153685975788,145.2121964,7.0,111.335733064231,3695.08727272727,19.9062974975883,108.91564663055578,17.2214664911589
2020-10-01,116.72417194514429,107.095638066532,98.5244039357338,93.40616867705552,109.95139239233455,129.29342212175254,139.5066317184995,111.86099455318876,126.75661478569288,127.56936034378988,114.46927980632441,131.10438045556666,105.50109110126556,100.5972341923678,106.71604070990614,105.61241881241308,109.95166374269448,96.11167437399186,123.30948448966504,129.58778675768235,132.4194735454156,105.08153685975788,144.6374753,7.0,111.812952282232,3719.91692857143,19.2995093421278,109.08054736024776,17.3186042083637
2020-11-01,116.71951039506666,107.09704369778085,98.5244039357338,93.0417236248383,109.8727964344693,129.2833047165959,139.50546894983154,111.75426737832616,126.75661478569288,126.39563795955524,116.01544489477476,131.09244324739652,105.60330520970442,100.5972341923678,106.61422236310005,105.59207400561671,109.01142565478109,96.11167437399186,123.37392917949757,129.59676486756274,132.4194735454156,105.08153685975788,145.6255139,7.0,111.238641344863,3710.67738095238,19.6383111146535,108.96852676077216,17.4603958602501
2020-12-01,116.49841251118994,107.07995517818445,98.5244039357338,92.8531051035798,109.81576805143949,129.3201702781499,139.49772922994964,111.68093351768833,126.75661478569288,126.31258273215919,114.49361566853844,131.17752132877237,105.6297929770455,100.5972341923678,106.54426143267474,105.67782733617175,109.45003871478804,97.70086449958453,123.46981981848138,129.78875530587788,132.4194735454156,105.08153685975788,148.3613273,7.0,111.44244143792,3666.54318181818,17.1101860472377,109.6892287024918,17.845398002375
2021-01-01,118.54987105999851,107.08185395881097,99.87391425644084,91.62567168049662,109.91563659768474,129.3186707232818,139.50379347174632,111.69342605118503,127.5913511695412,123.25575109857446,113.62673990581526,131.1659145164657,106.5741030602868,100.73861469049669,106.55617938243488,105.66856112821513,109.9567407653436,98.88158950046154,125.46736410736447,130.70527648390825,133.43976508771672,107.2401431876058,146.6604166,7.0,111.309497323677,3691.563657289,17.3963201483861,110.73494057237043,17.9115229097398
2021-02-01,119.18722795615783,107.09890316436268,99.864088341252,91.90176845047823,110.18915418950482,129.29058136487072,139.51289121360767,112.02983420254105,127.5705164636225,123.71020194410433,114.19069803229037,131.08747529671498,106.6069759426932,101.45032581158256,106.87711471935594,105.60340691152695,109.95345818724114,99.54647158718882,125.06588279037068,131.90556302814,133.43976508771672,106.55044702965729,146.9605121,7.0,111.845584959454,3667.31578947368,19.8615200132269,111.10053464220054,17.8969202541125
2021-03-01,119.65328933108258,107.09266452373686,99.63172295801088,91.71502988532781,110.45091706133897,129.31501889953856,139.5116212836407,112.32715122803486,127.27684632793705,124.54257805221404,116.46475193067421,131.12650610187683,106.94157962617369,101.04512146199933,107.16075689438827,105.66574998072308,109.6977920664496,99.54647158718882,124.68368789826391,131.75972214847636,134.10290799864768,107.43368316339979,148.4613888,7.0,112.171486842886,3662.86954545455,18.76,111.885727754716,17.9850511930386
2021-04-01,119.69559502948941,107.08940192029533,99.58724861022388,92.03328292159206,110.72069101858467,129.33123257125325,139.5124819530744,112.64723305233906,127.3699439611317,125.5376684276032,115.86750399830905,131.14769824955764,107.04351595473854,101.04512146199933,107.46611682015494,105.70162169110395,111.01273776777569,99.48604343253156,124.72398831738555,132.29727430542175,135.6397633618595,107.50685501528483,149.874862,7.0,112.494243459467,3623.302,18.1,112.06710020430046,17.8294544806131
2021-05-01,119.69559502948941,107.09941898235564,99.58724861022388,92.19999119830494,111.15203913606966,129.3100230814146,139.51703456815767,113.17614758650802,127.3699439611317,125.89736393662132,114.29453727352157,131.09652212248233,107.14231713525389,101.04512146199933,107.97070436817283,105.65002529936328,111.70884392571222,99.99162223030774,124.66827587160209,132.3751383758479,134.83417450494034,107.50685501528483,149.9292426,7.0,112.667743532306,3552.78657894737,19.55,112.05693045603954,17.7921736401406
2021-06-01,119.69559502948941,107.09445857046033,99.41936354759973,92.37166925977253,111.26314017253472,129.32952691582977,139.50663435840818,113.26954320612991,127.39913839209063,126.1634991552877,112.31635362907848,131.1368841396903,107.44431944337057,101.3079464703275,108.05980433358532,105.70535463503933,112.29576519595587,99.81244645163426,124.47228530308705,131.90431764218434,134.83417450494034,107.30297368470568,149.4716641,6.5,113.143084454636,3540.35210526316,17.0,112.00441886950442,18.1878623404886
2021-07-01,122.43698155975598,107.09159344304511,99.42429348417122,92.07516488424295,112.30735417716565,129.39447050956844,139.51901128782308,114.47165046438434,128.62802894754356,134.8743599459021,112.13610186458875,131.1940881470333,108.1161038311216,100.07378758219262,109.20662166362932,105.86638915787931,112.43299447136131,103.67950370416749,122.8190545235958,132.65897570096476,139.76777850387552,107.5058448027951,148.1133413,6.5,113.100481372442,3552.30571428571,16.276291253495,112.7252819493108,18.415818306576
2021-08-01,122.09790253990984,107.10617690708906,99.54169731973285,92.14520907346908,112.53178878157408,129.3710033022564,139.5287166720487,114.72817021095958,128.7070405326399,135.8405978217988,112.60808865602309,131.12571917184366,108.16564514937447,101.10469019631078,109.45134299681398,105.80871295845263,112.88042249110148,103.67950370416749,123.75624017022949,132.31491282005007,139.76777850387552,107.97699862826937,149.0039251,6.5,113.063791815992,3537.03681818182,18.29,113.23370987499538,18.4137379162818
2021-09-01,122.22990629249763,107.11294641772109,99.53904208929742,92.99071131507887,112.84090631038727,129.36722113176498,139.53328429317614,115.07972136856561,128.70073093281664,136.37369400978963,112.71482018429282,131.1002761556609,108.36120200390292,101.25329380314648,109.78672484994833,105.79715853041955,114.06396616985599,104.06519183388976,123.72199626676503,132.8492119033167,139.76777850387552,108.48953782764308,147.6792649,6.5,113.735208855778,3530.51772727273,19.0474008665586,112.99649349480556,18.4459510154603
2021-10-01,120.57864004763178,107.11551465826881,99.67599337175139,93.17643179999673,112.95652263983128,129.35631582988992,139.53302464305867,115.19399395253231,128.9737575004611,135.55309358799715,113.02372163229519,131.0856143566466,107.89710386313828,101.25329380314648,109.89574156101304,105.77169995874169,114.22799597747529,103.72046760167285,123.16226044468021,132.3023518979137,142.9256921763809,108.52308612430284,150.0784139,6.5,113.92818841152,3579.94238095238,19.6552944030961,114.06907019792531,18.5860680517527
2021-11-01,121.07880695576331,107.12022345180056,99.99333988369845,93.43804758751732,114.12592193539413,129.39970426178837,139.55033329110228,116.62775178026723,129.9323395099015,140.91778195919576,117.86976086274005,131.09743233777323,108.19914226928856,102.77541805462579,111.26355488436012,105.87475610408006,115.05594623101653,104.95075690530078,124.79451767360912,133.1902760166986,150.10622154712905,108.65652404363993,151.4399522,6.5,114.133734692231,3551.52279545455,19.8703336625883,115.32379344455636,18.7336005176683
2021-12-01,121.23433135317204,107.11331677879379,100.36500595626354,93.5997938717011,114.30252187555017,129.42856056725316,139.55071582365383,116.78570925053161,130.40554765221546,141.46349624758514,118.89603872866115,131.14212442024652,108.33018087843718,103.82022007149102,111.41424723154063,105.94336200331006,114.12867728838106,104.95075690530078,125.28709729187061,133.85692444068636,150.10622154712905,108.65652404363993,151.9276882,6.5,114.652084433748,3554.99173913044,18.6034951497352,115.60738721087584,18.9240935359506
2022-01-01,121.82814749044225,106.1,100.25056906693789,97.78393079256732,114.45171338306999,126.1,138.3,117.64207352725042,129.0501363002191,146.84164030770674,118.41748904032849,133.2,108.58961180581693,104.31651892756871,112.23122374227047,101.7,116.4403123586619,105.81299588177968,134.51946274791982,134.5778554726452,150.78102398708552,107.95011299734584,152.358053,6.5,114.298722109595,3528.8335,19.3983031503427,116.3540833628826,18.9363421803931
2022-02-01,123.90619410817665,107.0,100.49776662637255,102.43195620243823,115.01092370904591,127.6,137.4,117.90748219489036,129.46047059688118,148.34532809734657,118.76534843769379,130.0,108.58961180581693,104.31651892756871,112.48442515795392,101.7,121.62824706771117,104.26916987609881,131.21583818312055,134.60206883536438,148.19114173986446,107.5492470654695,153.128283,6.5,115.418594061213,3514.50684210526,18.8365783640463,116.63312311699184,19.1627877522499
2022-03-01,125.02244759405181,108.1,102.1607194175273,101.02877872021305,121.62824589976087,132.5,143.0,120.59229246854098,131.92247637685355,155.12234596656737,119.26669453003848,129.3,109.10974850464736,105.77744069932898,115.04574980561776,106.2,120.72241719787718,105.14708346162772,140.19756746866855,140.24357979919174,149.36155496702924,108.65024458432637,152.1912763,6.5,116.376709926536,3589.83790513834,19.3501256323033,117.84580455107854,19.0836512385273
2022-04-01,129.3414240586656,107.2,102.67557687156382,99.45020405270972,124.70390269262839,130.4,140.7,124.09484658692361,133.35864641517077,168.35956769794507,123.21516626322295,127.9,110.1335199464123,106.40167516189214,118.38720684682298,109.5,116.27561601869206,105.14708346162772,137.61661077741914,146.3410346822544,151.13863603274572,112.86716075882337,152.3740956,6.5,117.977526891427,3541.45611111111,18.8408377284236,120.03443345052683,19.1138868174181
2022-05-01,130.152215310161,108.4,103.11627040497312,102.69505198035544,121.53504417876489,129.6,138.5,125.23752997678277,133.76898071183285,172.8976101249392,123.41098864751577,131.2,110.1672499632804,106.89669365259229,119.47733346010605,109.4,116.11091967872225,105.14708979954,134.31298621261985,147.59448254362866,151.13863603274572,112.87200694867232,152.6772506,6.5,119.724455405425,3633.06809523809,18.3201709512936,120.53319892313608,19.5257535059467
2022-06-01,130.4081485213364,106.0,105.01754989634378,97.60853360728916,120.1370183638251,131.6,139.9,126.64302212351876,132.64056139601217,182.88730205859554,122.25250863046973,135.8,110.16802649296733,107.77941642914399,120.81818115905274,109.9,116.52266052864681,105.14709613743204,137.92632558036905,150.10203198683976,153.10034591789403,113.00111872525675,154.4616286,7.5,120.882509174531,3747.38075,16.3293799369815,121.89682102525292,19.8087133591588
2022-07-01,130.8008145746427,107.08758052503705,105.35229176592809,106.06276422360398,123.41452241482085,129.91990936420382,139.6848449892142,127.74777898452072,132.02524934859363,192.05664279170452,123.69318819014539,131.54483156293222,110.35524586163477,108.19611276220702,121.87212564277691,107.00693636554465,120.01018772157381,105.1471208587474,140.163676942275,150.38345641973308,153.26685401139088,113.89385187141664,152.4225501,8.5,122.036278890615,3791.47285714286,15.5313039825407,122.29045080777682,20.0412161256606
2022-08-01,131.6753315531503,107.09147626504092,105.35468881867573,105.06749385841582,123.80715940646155,129.92799558473578,139.69931052979015,128.2145455224001,131.74449457622737,196.79247576274244,122.92732239057979,131.53006707117714,110.35524621510926,109.6351850824744,122.31742364014697,107.01434554815424,120.38386917743928,105.14714558004616,140.29590648258628,150.4808905982238,151.85168618113684,113.89616204976066,154.2593964,9.0,123.243530729046,3832.38434782609,17.2864483883482,122.51143378493391,20.1159145204316
2022-09-01,129.6947034344121,107.09940121789582,106.48456181616311,105.49586094142897,124.0237928044376,129.92299775398672,139.71246686884615,128.36546050186644,132.88804398103397,195.8111547385287,122.78671923422571,131.49309233654603,110.99232232163538,109.6351850824744,122.46139741006377,106.9891419527621,121.33957413436683,105.1464250991563,145.5056376917485,150.90494639690831,153.26685401139088,114.79773805995676,153.019589,9.0,125.102026103297,3825.59181818182,18.2353549472688,123.65336571607966,19.6150366873096
2022-10-01,135.53870381049433,107.08434267857535,108.87113608149419,105.00437594399993,123.70570602836278,129.9529671604763,139.71677846038938,127.91544951524861,136.62700310417222,191.88425508192748,117.98938720990232,131.5575933602219,111.61587180126827,111.99478853207897,122.03208430624562,107.04870318985047,119.85929266154926,109.14788920751242,142.3599581595633,154.1988308830222,155.54403925513043,115.7192632832381,154.0744545,10.0,126.13083369409,3822.04571428571,18.4165387517413,123.28681708526912,19.8273617603426
2022-11-01,135.75349803601773,107.08772848106874,108.87984111961046,104.48103700744018,123.51607311592115,129.93526102008764,139.71534829533798,127.67284077066144,136.57096653487312,189.82410119982103,119.416697660716,131.531917493085,111.6895063174587,111.99478853207897,121.80063415002846,107.00817637604074,120.70764511975229,109.14788920751242,142.43069300691866,153.3342524253078,155.54403925513043,116.39451681813294,153.3980084,10.0,126.213655635556,3760.22818181818,18.9784083347439,123.23853700108084,19.8863617998627
2022-12-01,135.7082299541467,107.09522896471353,109.40389855920223,108.14496378581066,124.49310480043707,129.9620561764687,139.72678243400642,128.54819816734417,139.6006724631996,187.97926568126275,121.55103263977446,131.52548992632245,113.35895985375286,116.48038887116007,122.63573020789244,107.06235152546547,122.18296478056054,110.18529825186647,143.83077200818408,160.31075469452412,153.71515966285023,116.87208873308353,154.2516079,10.0,126.383988856518,3690.8580952381,18.9064470461976,123.1764863705002,20.1555659061799
2023-01-01,136.8701376968617,107.09277857666903,108.56371505872977,108.20618429376661,124.99504059900212,129.95034015119023,139.72047092314992,128.93370833766954,139.53788697809068,182.33095422135997,123.298809809733,131.52576922984665,117.03547382942442,115.41139979324606,123.00350915706818,107.03847467981879,120.8386919949768,109.99074920163707,143.63670402856903,159.2843204769343,153.71515966285023,116.87208873308353,156.1478568,10.0,126.191607285481,3693.61047619048,18.5400974430027,123.36134040122604,20.1441137457914
2023-02-01,137.62923480122828,107.10527028133951,108.26599234033353,110.10097074592329,125.27693016683824,129.9245283834673,139.72617004906283,129.23323894105718,139.71857643065619,181.62002255323188,121.86291853733871,131.4635869057976,117.78136111516068,115.41139979324606,123.28926309831155,106.9656715245354,123.87037654354947,109.86733427789396,145.28283192689014,157.85291713486555,153.71515966285023,116.68102522044184,156.3719427,10.0,126.043093004958,3685.71578947368,20.2362343638096,123.2778578240249,20.1085414885156
2023-03-01,138.36114461805704,107.09538388134371,107.67427135741498,109.57847722283454,125.28740580611242,129.94460794167662,139.72165915899268,129.20023458319295,142.40924728444318,179.60235278620468,121.80114675999535,131.5136733274749,118.57204821426346,116.36968055481107,123.2577767485655,107.01510385866337,122.67934943328096,110.23217055681728,145.31023584038516,156.34586559559503,155.76357945424016,117.37676351410619,158.6435286,10.0,126.866797438668,3744.515,18.7584902721643,123.29418615217068,20.4015909552312
2023-04-01,138.40646174007824,107.09755552131729,107.45297512874507,108.60980895870169,125.67240217577373,129.93442584100046,139.72316329837247,129.57597382445243,142.41566826261072,177.7959666725737,120.2574238414821,131.49701836001145,119.77883327733389,115.8344632154649,123.61623417446913,106.98739117506669,124.0084358279073,109.15696789648106,145.51173879900017,156.49681433419764,158.9523259766994,117.37676351410619,159.3297833,10.0,127.467110879844,3745.81941176471,19.2651590800361,123.7206448999166,20.469720950874
2023-05-01,138.15038260544975,107.10306150688112,107.4421119030949,109.12144879876689,125.60226631068066,129.91844453465154,139.72346048795455,129.49534894967888,142.40346250837197,176.74355794315773,121.66915228581836,131.4673200590931,119.77883327733389,115.8344632154649,123.5393175740676,106.95154149718655,123.84365446810317,109.15696789648106,145.42042005457887,156.39670806570822,158.9523259766994,117.89563894537366,161.8355554,10.0,127.128406444657,3729.55454545454,20.1394089070404,123.5009923740074,20.5304832425939
2023-06-01,138.78787455044161,107.09118306097389,107.41290145542543,108.43767757121371,125.39043311484933,129.92932225225974,139.71210743185574,129.1728078808653,142.3372185434551,175.63834161116273,120.92411784534357,131.51676650267237,120.3750617820463,115.8344632154649,123.23161151470693,106.9821146649763,124.07792854667404,107.33621166544259,142.93139905133498,155.1958163219113,158.9523259766994,117.95691811003442,161.5178276,10.0,126.794205613896,3707.788,18.4082123018226,122.96303083257226,20.4073202695962
2023-07-01,141.34937246741436,107.08880335281935,106.75259020596481,108.21970611757777,125.39081959753268,129.92779460893317,139.7078429052683,128.96431530294603,144.46264617385063,173.83160196377895,121.06293006324753,131.5230358100145,120.65820998587371,113.22442783314688,123.03270838031395,106.97821071175039,125.1672483947878,106.61611401032302,142.82327631714801,154.31411367281459,158.9523259766994,117.6423193542188,162.0677678,10.0,126.760687808034,3661.22952380952,17.9498651177107,122.8800252786956,20.5354012786881
2023-08-01,141.1236898658356,107.10045879862558,106.76450575967925,107.84110115162431,125.67028443236767,129.92706136048318,139.71275648315196,129.26342212754705,146.01208384933807,176.62162662728105,122.16599955531555,131.48910301051401,120.69969768390456,115.04663217381139,123.31805803412517,106.98670851235957,124.08907611098859,106.61611401032302,142.84791424931095,154.51591128144503,158.9523259766994,117.6423193542188,163.6266374,9.5,127.512859231161,3689.12260869565,18.3985911813771,123.34794505793842,20.8413752225887
2023-09-01,140.51343398418163,107.1046214592348,107.09986365144881,108.19269092854437,126.15241921913854,129.9456699897386,139.7213530437277,129.81066326538885,145.18906347333802,182.9566724665063,120.91563881580325,131.48994061475346,120.79169656160255,117.51216866986735,123.84012926885119,107.02888384842996,124.10683831502391,106.47529001914543,142.68760284290877,153.67023486113402,158.9523259766994,117.6423193542188,163.9873824,9.5,128.456650485876,3738.94071428571,18.9544282388269,123.58845188863872,21.1674427800147
2023-10-01,140.77605945501458,107.10501612178179,107.57141344783908,108.23609194989442,126.48750710374016,129.96465619965403,139.72811527494304,130.20412957149563,145.21022709434467,186.44286868834826,120.062831433457,131.50078540590346,120.77098577203846,117.02654795695253,124.21549841792934,107.07178784811322,123.365344554632,105.57600374971656,144.02565417212688,154.4059988644781,158.9523259766994,117.95691811003442,165.5899308,9.5,129.202715193118,3755.62531746032,18.9024268363324,123.2955367061006,21.0917192010129
2023-11-01,140.56802014411863,107.08980273251645,107.74607789441481,107.59928777826917,126.30712675372072,129.99564097884922,139.72018310947465,130.05442181098655,146.2441779811392,186.65573134291267,119.6972425871713,131.57680119452846,120.95810573617015,117.02654795695253,124.07267634193323,107.14660101990879,123.10349843818614,105.2472278765284,143.38699578359345,152.80750368618396,158.9523259766994,118.06877321637944,165.3972359,9.5,129.503168286741,3782.02518939394,16.7856863531231,123.33935948462616,21.4264590817447
2023-12-01,140.50185588343294,107.08999290072165,107.74550475218489,108.05294570553106,126.42605156577132,130.00419975947645,139.72142748350848,130.20259220445413,146.24274827841253,187.5476461232504,118.85276566092861,131.58327702722372,120.95810573617015,117.02654795695253,124.21403176081225,107.16485222683262,124.0537371234913,105.2472278765284,142.91183256136105,154.45170592837997,158.9523259766994,118.06877321637944,166.6088611,9.5,129.67235286667,3780.73976608187,16.7016240400385,123.17694722101832,21.7030671020507
2024-01-01,141.95056216391853,107.09683334529292,107.64428015571069,108.43185078684006,126.9901838440844,130.01092258086544,139.73027312186008,130.81913182485974,146.43611821525272,188.27717672798033,121.21163319825615,131.56340995413913,121.7808863522532,115.9849672663237,124.80221415176345,107.18124079081439,123.47686067004143,105.2472278765284,143.80875751429974,156.9399954961003,158.9523259766994,118.43786406971986,165.005523,9.5,129.708283789124,3805.03362433863,17.3248768728134,123.65008856448073,21.5426762248319
2024-02-01,143.1519052857735,107.10319565513416,107.67255048442023,108.64027745019855,127.20675879878317,130.01239947707086,139.73787947397213,131.07333360973425,146.50680578885766,187.83218356240292,125.22375470741305,131.54247838352384,121.95684164990922,115.9849672663237,125.04472413597695,107.1815904589913,123.49026653175537,105.82374626748384,145.8339686823037,157.0162230082704,158.9523259766994,118.22578472197281,167.2515909,9.5,130.367924410997,3873.58773611111,18.0870873137629,124.48666224229969,21.7419186326344
2024-03-01,141.81318129349572,107.0899630041071,107.93095851199926,108.67983689144084,127.43975466649486,130.02976321312738,139.73404775068462,131.28437436336543,146.52942781890332,185.8541750146179,127.50225842878018,131.5956609119114,122.28306799288043,107.23131074585542,125.24605824484941,107.22037235189731,122.85449293309985,105.82374626748384,145.08141541443004,159.1170375298684,158.9523259766994,119.29935571121023,167.3926529,10.0,131.034338486754,3895.7797368421,17.3360655545441,124.68562178950764,21.7358584318734
2024-04-01,141.1621833316247,107.09012482198119,108.2772496565462,110.48789980766865,127.51079381806004,130.02541596403745,139.73290967640395,131.31062211091765,146.4544418251421,185.90999190659855,131.34498362651155,131.5914041574483,122.9088108130061,105.80057789905736,125.27109874898147,107.21906893637309,118.67695606542908,104.94965056740403,144.86364305509153,158.46155664956382,158.9523259766994,119.29935571121023,167.6137014,10.25,131.530573960512,3822.6875,17.7356961711199,124.4713719006392,21.5374375449535
2024-05-01,141.53154405116308,107.099426012542,107.25522164972853,112.3505168025703,127.70543377228286,130.00524322198908,139.73449483502517,131.55312823210278,146.42191351318183,184.52564235859487,131.15361851154228,131.54610907553115,122.90879946003807,105.80057789905736,125.50245100187503,107.16798593214148,120.42193585967145,104.94965056740403,144.85613163206745,158.67185446654113,158.9523259766994,120.12141635397701,168.8112989,10.25,131.727872827432,3791.40079365079,18.854354306528,124.40637999981244,21.6349240068222
2024-06-01,141.54948174224202,107.0906413595353,107.79103810955925,112.32438582386676,127.75151255978741,130.01713199375655,139.73012964059112,131.59997782810413,146.0658316320028,183.15691850167798,130.94798803471085,131.58610135549475,123.03142069773058,105.80057789905736,125.54714578949151,107.20070826022895,120.08966429564127,119.27146466973265,144.56587087939627,158.57270695781776,158.72100866564722,120.17701240630238,168.2003229,10.25,131.7719231399,3747.19011695906,17.6381432245516,124.50425559184252,21.9058228385907
2024-07-01,140.5621171890206,107.09093751485625,107.26238837967054,112.18582236751416,127.59128908126586,130.00680727187418,139.72744296175318,131.40035839779685,145.37259508595204,180.6374219621609,130.85993172607562,131.57756935455836,123.03142069773058,103.02226665313144,125.3567076896315,107.17621637895135,120.47073329276046,118.89785196251644,144.59538057771965,161.81441887007333,158.72100866564722,119.55890479594296,170.3708304,10.25,131.776505114744,3705.85480676329,17.7584983012056,124.56911764709189,22.2430722591738
2024-08-01,140.1257482816621,107.10268216043175,107.26994384891401,111.21438381123247,127.3900401586261,129.9840834874482,139.7306641583965,131.1110435343074,145.3914149519088,181.27203608224298,131.81845732280863,131.52212085454488,123.19416491945232,103.02226665313144,125.08069962378654,107.12480948770398,120.04551700724457,109.74288781532832,145.44677838056242,161.2449582720888,158.72100866564722,119.50198284889748,170.8533574,10.0,132.016114758092,3723.64728650138,19.0645263774834,124.57158355950456,22.2848125730354
2024-09-01,139.53042733452975,107.09985368310046,107.61022918688333,109.34519341803649,127.66406842537874,129.9818970924595,139.7311543666041,131.33833832855453,145.52170306751077,179.9447999798877,130.24340305651734,131.52729547520855,123.30897973718996,103.02226665313144,125.2975401821323,107.11465864191145,123.44871588742812,119.58571762147875,145.24051222230014,161.10429905076325,158.72100866564722,120.63060642292913,170.1216853,10.0,132.340672657767,3711.31308802309,18.8391962000317,123.94781221544535,22.209111650809
2024-10-01,139.33918180262754,107.10667895190295,107.59162290455623,108.09162302802578,127.49641224308309,129.9594764295467,139.72995684246462,131.05001261597914,145.47546394871577,177.48990421997664,132.6035040918995,131.48899397344522,123.30897973718996,104.88832120516332,125.02247577202392,107.0676030003274,123.51173608005419,119.98960816342189,145.40908197222188,160.71928907180651,158.72100866564722,120.63060642292913,171.1846333,9.75,133.006611812593,3667.92613636364,19.4349578166566,123.9736843644281,22.2708671715564
2024-11-01,139.23081266977965,107.09774080396627,107.59624117170287,107.61762887469104,127.51341448686824,129.98323704824742,139.7279375068331,130.98755435235253,145.48694296196413,176.1624147126907,131.29469064730029,131.5366911266035,124.18209405677413,106.04960320298474,124.9628902245284,107.12015819954053,124.07862598490017,120.00127295549068,146.08437201371893,162.0311948222726,158.72100866564722,121.32823060335858,172.9235717,9.75,133.309272355095,3678.64754689755,18.0796980535332,124.32958305748222,22.8451000214255
2024-12-01,138.98879610735597,107.09265495078391,108.18913184042827,107.42824643580626,127.61483437542762,129.99667426168068,139.72579590656747,131.04247921008096,145.4713409564714,178.0464075105265,130.79229268639168,131.5638758081958,124.00370182975362,103.53121984271078,125.0152888588937,107.1549614190898,123.51609824848181,119.93798829309293,145.6110911113504,161.4692959771912,158.72100866564722,121.25989140377992,172.4048272,9.75,133.912189507498,3664.08201515152,17.3709694111586,124.9258937176514,22.8189645860496
2025-01-01,139.22364035261424,107.08815835447267,108.3676754725394,108.5225215572854,127.83520933043263,130.02594244814497,139.72981313273917,131.3170480173001,145.49794824041916,178.62769485584224,130.40701158665053,131.60015241281164,124.00370182975362,108.96540217561015,125.27722910111939,107.21766317766215,123.4928960031086,119.94416668668488,147.30528797098876,161.74162474043186,158.72100866564722,121.25989140377992,174.8806412,9.75,134.326485314884,3688.95898760331,16.4988057873297,125.79173288502808,22.8804528309946
2025-02-01,139.21555994375942,107.10355642841286,108.36280913020198,108.30948633561488,127.81287193237786,129.99510036057137,139.73754003183004,131.28914202870587,145.9322380453947,179.59381927174292,130.29024953101728,131.52538867175429,124.00457793417351,110.55267240153398,125.2506066253693,107.14117341692103,124.40589597556682,119.94409564983361,147.3552641905634,161.31230770942372,158.72100866564722,119.44771888525865,174.049913,9.75,135.186089833727,3677.70182954545,18.7574811601536,126.24824406054697,23.1213771531718
2025-03-01,139.02894034869595,107.09770173673985,111.87392637467127,108.63886365304978,128.06414745963687,130.02476473436369,139.73943078080237,131.6022103708017,147.9533732833901,181.5499683819305,130.197606044596,131.566992048877,124.00457793417351,112.00181192260622,125.54927564823588,107.21080107437191,123.38300275869034,120.66910201456746,147.47201911384198,160.46778178555883,158.72100866564722,119.44771888525865,176.5471766,9.75,135.431006701499,3667.8645995671,17.7392016887777,126.61786460934158,23.3051857756329
2025-04-01,139.60021708185624,107.09091263093511,111.874710005152,108.9802667033449,128.2854171089913,130.0511451909563,139.7395404049659,131.79293549764097,147.95527793599132,182.06384384193566,130.00541890245347,131.60866731230644,124.39819512650966,111.38780284985813,125.73122853075294,107.2718023111192,123.43941092922422,120.66910447891972,148.72466405885856,160.79230376316804,158.72100866564722,121.08177306151066,178.6580538,9.75,136.092378720361,3669.61205681818,16.63648067205,126.4250267223964,23.5220409284511
2025-05-01,139.6617550482418,107.10455870634027,111.86645518279956,108.95169215187629,128.3022728393341,130.0232534950903,139.7454283119668,131.8013460693812,147.93865041158816,182.69118655621776,130.34103195820038,131.5421155904716,124.39819512650966,111.38780284985813,125.73925226520846,107.20880370651886,122.78126637754383,119.92280299740554,148.38731680116607,160.8458907504534,158.72100866564722,121.63380926513791,179.5768291,9.75,136.766332159985,3653.39715367965,18.6391328290903,126.71226922625776,23.5361022720848
2025-06-01,139.03969155261015,107.10711832195142,111.84578218537864,108.93489891757962,128.4648787159378,130.01403247005734,139.74493820644585,131.7337287512757,147.66528461197913,182.3441349117702,130.84666300797002,131.52679522502837,124.65141686093575,111.38780284985813,125.674744949674,107.18770575166846,123.14376223397011,120.59177272013679,148.24878209312686,160.66544431105385,158.72100866564722,121.43924705078875,181.9127807,9.75,136.900017637057,3605.83843434343,19.0740826628708,126.71444417098384,23.901935152281
2025-07-01,138.79489837860237,107.11036167806718,112.09078109350314,109.049851811416,128.39458346246266,130.00060468362685,139.7442789013739,131.6536702198254,147.6438980588498,182.19013139893462,131.19311718133528,131.50632594070768,124.65141686093575,111.38780284985813,125.59836864410339,107.15867767158832,122.5037443960121,120.59177272013679,147.86831145280507,159.5903598827728,158.72100866564722,121.43924705078875,181.1350822,9.75,136.72506029813,3586.56590909091,19.6460468113828,126.63034437071272,23.785741685077
2025-08-01,138.9492633428616,107.1023485406327,112.08034456989446,108.3762846453586,128.2667919615343,130.01392521660694,139.7387359403265,131.49445267179752,147.61863466364778,181.76027701504722,131.49965966380074,131.54364764197754,124.65141686093575,111.38780284985813,125.44647417539299,107.1923347994727,122.73967284763535,119.66883808810779,147.1028134497467,159.2851247680951,158.72100866564722,121.43924705078875,181.1275738,9.75,136.971365537671,3563.9291017316,18.4642031057101,126.42249563218648,24.0482329113105
2025-09-01,139.12798957729075,107.10229790943734,112.0541779519516,108.20666868609369,128.22189030606535,130.01602150935014,139.74021726679968,131.44382023153045,147.77276047949786,181.9554748621886,130.82862929016636,131.5436759553796,124.5844896276283,111.38780284985813,125.39817053230126,107.19618417986564,122.47414688267439,119.66883808810779,148.58634995831332,159.41577646492257,158.56728065194943,121.60372968393125,182.7271605,9.75,137.610443463243,3507.79013429752,18.4496128874087,126.30462044534376,24.2874152829261
2025-10-01,139.22744890296477,107.1093712267144,111.80751549369809,107.95126319884389,127.9128459996033,129.98531830904867,139.73864110387547,131.02216367348092,146.4496693003342,180.10907746536915,130.01503810171278,131.4973207956611,125.0708567661142,110.67710115433974,124.99590771858189,107.12421292487439,122.99770108001087,119.66883808810779,147.90929586940536,159.92107784169005,156.93541235836565,121.4166986690235,183.168149,9.75,137.585530421992,3463.62905991736,19.7050513710754,125.95356773010931,24.353162917562
2025-11-01,138.7154453445883,107.10096240891512,111.85951979017544,107.86549658266765,127.95091200636703,130.00843548015263,139.73586887518175,131.05539718533936,146.95293841657156,179.17126407356577,131.13052558629175,131.5455782313916,125.23565898043485,110.67710115433974,125.0276126825739,107.17451581353765,123.8909649776132,119.66883808810779,147.93201499119343,159.82231537706957,156.93541235836565,121.4166986690235,185.0194092,9.75,137.464968427636,3573.88565909091,18.43,125.913523787074,25.0254549110226
2025-12-01,139.03420435464523,107.09774575559057,111.8595622354846,107.41559561067992,127.9333288463075,130.01731492897082,139.7349109158252,131.02633964957252,146.95341666066966,179.3157255425314,130.39137163809238,131.56321874054373,125.23569087212962,110.67710115433974,124.99989162411013,107.19458246822883,124.3089391092059,119.67366626931887,147.8625302143986,159.8923413580692,156.93541235836565,121.4166986690235,186.0530162,9.75,138.109338181398,3575.22890692641,18.0015639290607,126.08299566278956,25.3466973665874
2026-01-01,139.17042540124436,107.0996022435252,111.85353075783908,107.43197451323636,127.86767406429587,130.01066725822278,139.73431675833683,130.94453926901315,147.72008421382495,179.31480952905767,128.9463999160338,131.55310367896143,125.23569087212962,110.67710115433974,124.9218535843383,107.17997822527754,124.01605112947554,120.11921579742594,146.97432709408184,160.0550803268453,156.93541235836565,120.73771513824553,187.401563,9.75,138.576773059415,3562.14402777778,18.3328222154981,126.4808542531572,25.427943490152
2026-02-01,138.8498826714904,107.10125983024065,111.85633839270794,107.62048581599632,128.00071886039697,129.9995881461727,139.73307820703084,131.10390319066184,147.83845594013363,180.36080649808332,128.06387421915994,131.5399279936299,125.36386875419029,109.71755535862252,125.073887694336,107.15331741975186,124.03697881972522,120.42439977053962,147.13068680303616,156.2443251815435,156.93541235836565,120.73771513824553,188.504878,9.75,139.06047410492,3568.22894736842,18.7258984321092,126.76393679124328,25.3770398734542
2026-03-01,139.16166738950454,107.10746938775007,112.12000647909717,108.97807414425144,128.97706402106914,130.0482401985585,139.75265725045253,132.3351477410616,154.23894109257986,184.22174422212,128.27434574775097,131.55515387142145,125.36386875419029,110.99453042936709,126.24850217089364,107.25997388807312,124.09447937593414,121.20875889526116,149.04148536433757,160.51823407150778,156.93541235836565,123.72187277138862,187.9,9.75,139.234238207232,3730.53132251082,18.8926671383762,127.16306937799652,25.9403280652109
2026-04-01,140.4372047215124,107.10927787162099,112.76906224048903,111.83068401521788,130.33863321498754,130.10703129008684,139.76837654540932,134.02457835264914,154.6204054318455,192.66701797313885,129.33812996965213,131.59046436011494,125.48702326231948,112.43106009612188,127.86022882005204,107.39225416174811,125.56390722922697,122.56352307935062,151.8786121386589,161.09856959549836,158.36380878029232,125.41060027377974,187.7,9.75,140.12864045762,3716.69922619048,18.2593161371183,127.4815627490996,26.4343371247288
