series_code,older,newer,splice_factor,note
AGG,05_2026CIPI_MARCH_2026_PIN_UPS.xlsx,06_2026CIPI_APRIL_2026_PIN_UPS.xlsx,1.0,overlap=105
AGG,03_2026CIPI_FEBRUARY_2026_EXCEL_TABLES.xlsx,05_2026CIPI_MARCH_2026_PIN_UPS.xlsx,1.0,overlap=104
AGG,03_2026CIPI_JANUARY_2026_EXCEL_TABLES.xlsx,03_2026CIPI_FEBRUARY_2026_EXCEL_TABLES.xlsx,1.0,overlap=103
AGG,01_2026CIPI_DECEMBER_2025_PIN_UPS.xlsx,03_2026CIPI_JANUARY_2026_EXCEL_TABLES.xlsx,1.0,overlap=102
AGG,CIPI-NOVEMBER-2025-EXCEL-TABLES.xlsx,01_2026CIPI_DECEMBER_2025_PIN_UPS.xlsx,1.0,overlap=101
AGG,CIPI-OCTOBER-2025-PIN-UPS.xlsx,CIPI-NOVEMBER-2025-EXCEL-TABLES.xlsx,1.0,overlap=100
AGG,CIPI-September-2025-PIN-UPS.xlsx,CIPI-OCTOBER-2025-PIN-UPS.xlsx,1.0,overlap=99
ALU,CIPI_2020_06.xlsx,CIPI_2022_06_rebased.xlsx,,"NO OVERLAP - segment kept separate, break flagged"
BRICK,05_2026CIPI_MARCH_2026_PIN_UPS.xlsx,06_2026CIPI_APRIL_2026_PIN_UPS.xlsx,1.0,overlap=105
BRICK,03_2026CIPI_FEBRUARY_2026_EXCEL_TABLES.xlsx,05_2026CIPI_MARCH_2026_PIN_UPS.xlsx,1.0,overlap=104
BRICK,03_2026CIPI_JANUARY_2026_EXCEL_TABLES.xlsx,03_2026CIPI_FEBRUARY_2026_EXCEL_TABLES.xlsx,1.0,overlap=103
BRICK,01_2026CIPI_DECEMBER_2025_PIN_UPS.xlsx,03_2026CIPI_JANUARY_2026_EXCEL_TABLES.xlsx,1.0,overlap=102
BRICK,CIPI-NOVEMBER-2025-EXCEL-TABLES.xlsx,01_2026CIPI_DECEMBER_2025_PIN_UPS.xlsx,1.0,overlap=101
BRICK,CIPI-OCTOBER-2025-PIN-UPS.xlsx,CIPI-NOVEMBER-2025-EXCEL-TABLES.xlsx,1.0,overlap=100
BRICK,CIPI-September-2025-PIN-UPS.xlsx,CIPI-OCTOBER-2025-PIN-UPS.xlsx,1.0,overlap=99
CEM,05_2026CIPI_MARCH_2026_PIN_UPS.xlsx,06_2026CIPI_APRIL_2026_PIN_UPS.xlsx,1.0,overlap=105
CEM,03_2026CIPI_FEBRUARY_2026_EXCEL_TABLES.xlsx,05_2026CIPI_MARCH_2026_PIN_UPS.xlsx,1.0,overlap=104
CEM,03_2026CIPI_JANUARY_2026_EXCEL_TABLES.xlsx,03_2026CIPI_FEBRUARY_2026_EXCEL_TABLES.xlsx,1.0,overlap=103
CEM,01_2026CIPI_DECEMBER_2025_PIN_UPS.xlsx,03_2026CIPI_JANUARY_2026_EXCEL_TABLES.xlsx,1.0,overlap=102
CEM,CIPI-NOVEMBER-2025-EXCEL-TABLES.xlsx,01_2026CIPI_DECEMBER_2025_PIN_UPS.xlsx,1.0,overlap=101
CEM,CIPI-OCTOBER-2025-PIN-UPS.xlsx,CIPI-NOVEMBER-2025-EXCEL-TABLES.xlsx,1.0,overlap=100
CEM,CIPI-September-2025-PIN-UPS.xlsx,CIPI-OCTOBER-2025-PIN-UPS.xlsx,1.0,overlap=99
CEM,CIPI_2022_06_rebased.xlsx,CIPI-September-2025-PIN-UPS.xlsx,0.8769859263907382,overlap=6
CEM,CIPI_2020_06.xlsx,CIPI_2022_06_rebased.xlsx,,"NO OVERLAP - segment kept separate, break flagged"
CIPI_ALL,05_2026CIPI_MARCH_2026_PIN_UPS.xlsx,06_2026CIPI_APRIL_2026_PIN_UPS.xlsx,1.0,overlap=105
CIPI_ALL,03_2026CIPI_FEBRUARY_2026_EXCEL_TABLES.xlsx,05_2026CIPI_MARCH_2026_PIN_UPS.xlsx,1.0,overlap=104
CIPI_ALL,03_2026CIPI_JANUARY_2026_EXCEL_TABLES.xlsx,03_2026CIPI_FEBRUARY_2026_EXCEL_TABLES.xlsx,1.0,overlap=103
CIPI_ALL,01_2026CIPI_DECEMBER_2025_PIN_UPS.xlsx,03_2026CIPI_JANUARY_2026_EXCEL_TABLES.xlsx,1.0,overlap=102
CIPI_ALL,CIPI-NOVEMBER-2025-EXCEL-TABLES.xlsx,01_2026CIPI_DECEMBER_2025_PIN_UPS.xlsx,1.0,overlap=101
CIPI_ALL,CIPI-OCTOBER-2025-PIN-UPS.xlsx,CIPI-NOVEMBER-2025-EXCEL-TABLES.xlsx,1.0,overlap=100
CIPI_ALL,CIPI-September-2025-PIN-UPS.xlsx,CIPI-OCTOBER-2025-PIN-UPS.xlsx,1.0,overlap=99
CIPI_ALL,CIPI_2022_06_rebased.xlsx,CIPI-September-2025-PIN-UPS.xlsx,0.9320172099598534,overlap=6
CIPI_ALL,CIPI_2020_06.xlsx,CIPI_2022_06_rebased.xlsx,,"NO OVERLAP - segment kept separate, break flagged"
CIPI_MAT,05_2026CIPI_MARCH_2026_PIN_UPS.xlsx,06_2026CIPI_APRIL_2026_PIN_UPS.xlsx,1.0,overlap=105
CIPI_MAT,03_2026CIPI_FEBRUARY_2026_EXCEL_TABLES.xlsx,05_2026CIPI_MARCH_2026_PIN_UPS.xlsx,1.0,overlap=104
CIPI_MAT,03_2026CIPI_JANUARY_2026_EXCEL_TABLES.xlsx,03_2026CIPI_FEBRUARY_2026_EXCEL_TABLES.xlsx,1.0,overlap=103
CIPI_MAT,01_2026CIPI_DECEMBER_2025_PIN_UPS.xlsx,03_2026CIPI_JANUARY_2026_EXCEL_TABLES.xlsx,1.0,overlap=102
CIPI_MAT,CIPI-NOVEMBER-2025-EXCEL-TABLES.xlsx,01_2026CIPI_DECEMBER_2025_PIN_UPS.xlsx,1.0,overlap=101
CIPI_MAT,CIPI-OCTOBER-2025-PIN-UPS.xlsx,CIPI-NOVEMBER-2025-EXCEL-TABLES.xlsx,1.0,overlap=100
CIPI_MAT,CIPI-September-2025-PIN-UPS.xlsx,CIPI-OCTOBER-2025-PIN-UPS.xlsx,1.0,overlap=99
CIPI_MAT,CIPI_2020_06.xlsx,CIPI-September-2025-PIN-UPS.xlsx,0.8334504785150313,overlap=6
CLAY,05_2026CIPI_MARCH_2026_PIN_UPS.xlsx,06_2026CIPI_APRIL_2026_PIN_UPS.xlsx,1.0,overlap=105
CLAY,03_2026CIPI_FEBRUARY_2026_EXCEL_TABLES.xlsx,05_2026CIPI_MARCH_2026_PIN_UPS.xlsx,1.0,overlap=104
CLAY,03_2026CIPI_JANUARY_2026_EXCEL_TABLES.xlsx,03_2026CIPI_FEBRUARY_2026_EXCEL_TABLES.xlsx,1.0,overlap=103
CLAY,01_2026CIPI_DECEMBER_2025_PIN_UPS.xlsx,03_2026CIPI_JANUARY_2026_EXCEL_TABLES.xlsx,1.0,overlap=102
CLAY,CIPI-NOVEMBER-2025-EXCEL-TABLES.xlsx,01_2026CIPI_DECEMBER_2025_PIN_UPS.xlsx,1.0,overlap=101
CLAY,CIPI-OCTOBER-2025-PIN-UPS.xlsx,CIPI-NOVEMBER-2025-EXCEL-TABLES.xlsx,1.0,overlap=100
CLAY,CIPI-September-2025-PIN-UPS.xlsx,CIPI-OCTOBER-2025-PIN-UPS.xlsx,1.0,overlap=99
CLAY,CIPI_2022_06_rebased.xlsx,CIPI-September-2025-PIN-UPS.xlsx,1.0258357416551598,overlap=6
DIESEL,05_2026CIPI_MARCH_2026_PIN_UPS.xlsx,06_2026CIPI_APRIL_2026_PIN_UPS.xlsx,1.0,overlap=105
DIESEL,03_2026CIPI_FEBRUARY_2026_EXCEL_TABLES.xlsx,05_2026CIPI_MARCH_2026_PIN_UPS.xlsx,1.0,overlap=104
DIESEL,03_2026CIPI_JANUARY_2026_EXCEL_TABLES.xlsx,03_2026CIPI_FEBRUARY_2026_EXCEL_TABLES.xlsx,1.0,overlap=103
DIESEL,01_2026CIPI_DECEMBER_2025_PIN_UPS.xlsx,03_2026CIPI_JANUARY_2026_EXCEL_TABLES.xlsx,1.0,overlap=102
DIESEL,CIPI-NOVEMBER-2025-EXCEL-TABLES.xlsx,01_2026CIPI_DECEMBER_2025_PIN_UPS.xlsx,1.0,overlap=101
DIESEL,CIPI-OCTOBER-2025-PIN-UPS.xlsx,CIPI-NOVEMBER-2025-EXCEL-TABLES.xlsx,1.0,overlap=100
DIESEL,CIPI-September-2025-PIN-UPS.xlsx,CIPI-OCTOBER-2025-PIN-UPS.xlsx,1.0,overlap=99
IRON,05_2026CIPI_MARCH_2026_PIN_UPS.xlsx,06_2026CIPI_APRIL_2026_PIN_UPS.xlsx,1.0,overlap=105
IRON,03_2026CIPI_FEBRUARY_2026_EXCEL_TABLES.xlsx,05_2026CIPI_MARCH_2026_PIN_UPS.xlsx,1.0,overlap=104
IRON,03_2026CIPI_JANUARY_2026_EXCEL_TABLES.xlsx,03_2026CIPI_FEBRUARY_2026_EXCEL_TABLES.xlsx,1.0,overlap=103
IRON,01_2026CIPI_DECEMBER_2025_PIN_UPS.xlsx,03_2026CIPI_JANUARY_2026_EXCEL_TABLES.xlsx,1.0,overlap=102
IRON,CIPI-NOVEMBER-2025-EXCEL-TABLES.xlsx,01_2026CIPI_DECEMBER_2025_PIN_UPS.xlsx,1.0,overlap=101
IRON,CIPI-OCTOBER-2025-PIN-UPS.xlsx,CIPI-NOVEMBER-2025-EXCEL-TABLES.xlsx,1.0,overlap=100
IRON,CIPI-September-2025-PIN-UPS.xlsx,CIPI-OCTOBER-2025-PIN-UPS.xlsx,1.0,overlap=99
IRONSTEEL,CIPI_2020_06.xlsx,CIPI_2022_06_rebased.xlsx,,"NO OVERLAP - segment kept separate, break flagged"
LABOUR,05_2026CIPI_MARCH_2026_PIN_UPS.xlsx,06_2026CIPI_APRIL_2026_PIN_UPS.xlsx,1.0,overlap=105
LABOUR,03_2026CIPI_FEBRUARY_2026_EXCEL_TABLES.xlsx,05_2026CIPI_MARCH_2026_PIN_UPS.xlsx,1.0,overlap=104
LABOUR,03_2026CIPI_JANUARY_2026_EXCEL_TABLES.xlsx,03_2026CIPI_FEBRUARY_2026_EXCEL_TABLES.xlsx,1.0,overlap=103
LABOUR,01_2026CIPI_DECEMBER_2025_PIN_UPS.xlsx,03_2026CIPI_JANUARY_2026_EXCEL_TABLES.xlsx,1.0,overlap=102
LABOUR,CIPI-NOVEMBER-2025-EXCEL-TABLES.xlsx,01_2026CIPI_DECEMBER_2025_PIN_UPS.xlsx,1.0,overlap=101
LABOUR,CIPI-OCTOBER-2025-PIN-UPS.xlsx,CIPI-NOVEMBER-2025-EXCEL-TABLES.xlsx,1.0,overlap=100
LABOUR,CIPI-September-2025-PIN-UPS.xlsx,CIPI-OCTOBER-2025-PIN-UPS.xlsx,1.0,overlap=99
LABOUR,CIPI_2020_06.xlsx,CIPI-September-2025-PIN-UPS.xlsx,0.8231464630079321,overlap=6
LIME,05_2026CIPI_MARCH_2026_PIN_UPS.xlsx,06_2026CIPI_APRIL_2026_PIN_UPS.xlsx,1.0,overlap=105
LIME,03_2026CIPI_FEBRUARY_2026_EXCEL_TABLES.xlsx,05_2026CIPI_MARCH_2026_PIN_UPS.xlsx,1.0,overlap=104
LIME,03_2026CIPI_JANUARY_2026_EXCEL_TABLES.xlsx,03_2026CIPI_FEBRUARY_2026_EXCEL_TABLES.xlsx,1.0,overlap=103
LIME,01_2026CIPI_DECEMBER_2025_PIN_UPS.xlsx,03_2026CIPI_JANUARY_2026_EXCEL_TABLES.xlsx,1.0,overlap=102
LIME,CIPI-NOVEMBER-2025-EXCEL-TABLES.xlsx,01_2026CIPI_DECEMBER_2025_PIN_UPS.xlsx,1.0,overlap=101
LIME,CIPI-OCTOBER-2025-PIN-UPS.xlsx,CIPI-NOVEMBER-2025-EXCEL-TABLES.xlsx,1.0,overlap=100
LIME,CIPI-September-2025-PIN-UPS.xlsx,CIPI-OCTOBER-2025-PIN-UPS.xlsx,1.0,overlap=99
PAINT,05_2026CIPI_MARCH_2026_PIN_UPS.xlsx,06_2026CIPI_APRIL_2026_PIN_UPS.xlsx,1.0,overlap=105
PAINT,03_2026CIPI_FEBRUARY_2026_EXCEL_TABLES.xlsx,05_2026CIPI_MARCH_2026_PIN_UPS.xlsx,1.0,overlap=104
PAINT,03_2026CIPI_JANUARY_2026_EXCEL_TABLES.xlsx,03_2026CIPI_FEBRUARY_2026_EXCEL_TABLES.xlsx,1.0,overlap=103
PAINT,01_2026CIPI_DECEMBER_2025_PIN_UPS.xlsx,03_2026CIPI_JANUARY_2026_EXCEL_TABLES.xlsx,1.0,overlap=102
PAINT,CIPI-NOVEMBER-2025-EXCEL-TABLES.xlsx,01_2026CIPI_DECEMBER_2025_PIN_UPS.xlsx,1.0,overlap=101
PAINT,CIPI-OCTOBER-2025-PIN-UPS.xlsx,CIPI-NOVEMBER-2025-EXCEL-TABLES.xlsx,1.0,overlap=100
PAINT,CIPI-September-2025-PIN-UPS.xlsx,CIPI-OCTOBER-2025-PIN-UPS.xlsx,1.0,overlap=99
PAINT,CIPI_2022_06_rebased.xlsx,CIPI-September-2025-PIN-UPS.xlsx,0.823481699849094,overlap=6
PAINT,CIPI_2020_06.xlsx,CIPI_2022_06_rebased.xlsx,,"NO OVERLAP - segment kept separate, break flagged"
PIPES,05_2026CIPI_MARCH_2026_PIN_UPS.xlsx,06_2026CIPI_APRIL_2026_PIN_UPS.xlsx,1.0,overlap=105
PIPES,03_2026CIPI_FEBRUARY_2026_EXCEL_TABLES.xlsx,05_2026CIPI_MARCH_2026_PIN_UPS.xlsx,1.0,overlap=104
PIPES,03_2026CIPI_JANUARY_2026_EXCEL_TABLES.xlsx,03_2026CIPI_FEBRUARY_2026_EXCEL_TABLES.xlsx,1.0,overlap=103
PIPES,01_2026CIPI_DECEMBER_2025_PIN_UPS.xlsx,03_2026CIPI_JANUARY_2026_EXCEL_TABLES.xlsx,1.0,overlap=102
PIPES,CIPI-NOVEMBER-2025-EXCEL-TABLES.xlsx,01_2026CIPI_DECEMBER_2025_PIN_UPS.xlsx,1.0,overlap=101
PIPES,CIPI-OCTOBER-2025-PIN-UPS.xlsx,CIPI-NOVEMBER-2025-EXCEL-TABLES.xlsx,1.0,overlap=100
PIPES,CIPI-September-2025-PIN-UPS.xlsx,CIPI-OCTOBER-2025-PIN-UPS.xlsx,1.0,overlap=99
SAND,05_2026CIPI_MARCH_2026_PIN_UPS.xlsx,06_2026CIPI_APRIL_2026_PIN_UPS.xlsx,1.0,overlap=105
SAND,03_2026CIPI_FEBRUARY_2026_EXCEL_TABLES.xlsx,05_2026CIPI_MARCH_2026_PIN_UPS.xlsx,1.0,overlap=104
SAND,03_2026CIPI_JANUARY_2026_EXCEL_TABLES.xlsx,03_2026CIPI_FEBRUARY_2026_EXCEL_TABLES.xlsx,1.0,overlap=103
SAND,01_2026CIPI_DECEMBER_2025_PIN_UPS.xlsx,03_2026CIPI_JANUARY_2026_EXCEL_TABLES.xlsx,1.0,overlap=102
SAND,CIPI-NOVEMBER-2025-EXCEL-TABLES.xlsx,01_2026CIPI_DECEMBER_2025_PIN_UPS.xlsx,1.0,overlap=101
SAND,CIPI-OCTOBER-2025-PIN-UPS.xlsx,CIPI-NOVEMBER-2025-EXCEL-TABLES.xlsx,1.0,overlap=100
SAND,CIPI-September-2025-PIN-UPS.xlsx,CIPI-OCTOBER-2025-PIN-UPS.xlsx,1.0,overlap=99
SAND,CIPI_2022_06_rebased.xlsx,CIPI-September-2025-PIN-UPS.xlsx,1.0323826764997683,overlap=6
SAND,CIPI_2020_06.xlsx,CIPI_2022_06_rebased.xlsx,,"NO OVERLAP - segment kept separate, break flagged"
STEEL,05_2026CIPI_MARCH_2026_PIN_UPS.xlsx,06_2026CIPI_APRIL_2026_PIN_UPS.xlsx,1.0,overlap=105
STEEL,03_2026CIPI_FEBRUARY_2026_EXCEL_TABLES.xlsx,05_2026CIPI_MARCH_2026_PIN_UPS.xlsx,1.0,overlap=104
STEEL,03_2026CIPI_JANUARY_2026_EXCEL_TABLES.xlsx,03_2026CIPI_FEBRUARY_2026_EXCEL_TABLES.xlsx,1.0,overlap=103
STEEL,01_2026CIPI_DECEMBER_2025_PIN_UPS.xlsx,03_2026CIPI_JANUARY_2026_EXCEL_TABLES.xlsx,1.0,overlap=102
STEEL,CIPI-NOVEMBER-2025-EXCEL-TABLES.xlsx,01_2026CIPI_DECEMBER_2025_PIN_UPS.xlsx,1.0,overlap=101
STEEL,CIPI-OCTOBER-2025-PIN-UPS.xlsx,CIPI-NOVEMBER-2025-EXCEL-TABLES.xlsx,1.0,overlap=100
STEEL,CIPI-September-2025-PIN-UPS.xlsx,CIPI-OCTOBER-2025-PIN-UPS.xlsx,1.0,overlap=99
TILES,05_2026CIPI_MARCH_2026_PIN_UPS.xlsx,06_2026CIPI_APRIL_2026_PIN_UPS.xlsx,1.0,overlap=105
TILES,03_2026CIPI_FEBRUARY_2026_EXCEL_TABLES.xlsx,05_2026CIPI_MARCH_2026_PIN_UPS.xlsx,1.0,overlap=104
TILES,03_2026CIPI_JANUARY_2026_EXCEL_TABLES.xlsx,03_2026CIPI_FEBRUARY_2026_EXCEL_TABLES.xlsx,1.0,overlap=103
TILES,01_2026CIPI_DECEMBER_2025_PIN_UPS.xlsx,03_2026CIPI_JANUARY_2026_EXCEL_TABLES.xlsx,1.0,overlap=102
TILES,CIPI-NOVEMBER-2025-EXCEL-TABLES.xlsx,01_2026CIPI_DECEMBER_2025_PIN_UPS.xlsx,1.0,overlap=101
TILES,CIPI-OCTOBER-2025-PIN-UPS.xlsx,CIPI-NOVEMBER-2025-EXCEL-TABLES.xlsx,1.0,overlap=100
TILES,CIPI-September-2025-PIN-UPS.xlsx,CIPI-OCTOBER-2025-PIN-UPS.xlsx,1.0,overlap=99
TIMBER,05_2026CIPI_MARCH_2026_PIN_UPS.xlsx,06_2026CIPI_APRIL_2026_PIN_UPS.xlsx,1.0,overlap=105
TIMBER,03_2026CIPI_FEBRUARY_2026_EXCEL_TABLES.xlsx,05_2026CIPI_MARCH_2026_PIN_UPS.xlsx,1.0,overlap=104
TIMBER,03_2026CIPI_JANUARY_2026_EXCEL_TABLES.xlsx,03_2026CIPI_FEBRUARY_2026_EXCEL_TABLES.xlsx,1.0,overlap=103
TIMBER,01_2026CIPI_DECEMBER_2025_PIN_UPS.xlsx,03_2026CIPI_JANUARY_2026_EXCEL_TABLES.xlsx,1.0,overlap=102
TIMBER,CIPI-NOVEMBER-2025-EXCEL-TABLES.xlsx,01_2026CIPI_DECEMBER_2025_PIN_UPS.xlsx,1.0,overlap=101
TIMBER,CIPI-OCTOBER-2025-PIN-UPS.xlsx,CIPI-NOVEMBER-2025-EXCEL-TABLES.xlsx,1.0,overlap=100
TIMBER,CIPI-September-2025-PIN-UPS.xlsx,CIPI-OCTOBER-2025-PIN-UPS.xlsx,1.0,overlap=99
TIMBER,CIPI_2020_06.xlsx,CIPI-September-2025-PIN-UPS.xlsx,1.0590516588744432,overlap=6
