"dsid","ok","rows","cols","file","error"
"MOF_POE",TRUE,450,168,"data/raw/mofped_bulk/datasets/MOF_POE.csv",""
"MOF_TOT_14",TRUE,344,36,"data/raw/mofped_bulk/datasets/MOF_TOT_14.csv",""
"MOF_REV_14",TRUE,344,40,"data/raw/mofped_bulk/datasets/MOF_REV_14.csv",""
"MOF_REV_DOM_14",TRUE,344,79,"data/raw/mofped_bulk/datasets/MOF_REV_DOM_14.csv",""
"MOF_OUT_14",TRUE,344,31,"data/raw/mofped_bulk/datasets/MOF_OUT_14.csv",""
"MOF_KES",TRUE,15,105,"data/raw/mofped_bulk/datasets/MOF_KES.csv",""
"MOF_MHD",TRUE,66,156,"data/raw/mofped_bulk/datasets/MOF_MHD.csv",""
"MOF_TOT",TRUE,344,45,"data/raw/mofped_bulk/datasets/MOF_TOT.csv",""
"MOF_REV_DOM",TRUE,344,39,"data/raw/mofped_bulk/datasets/MOF_REV_DOM.csv",""
"MOF_BSD_USD",TRUE,240,44,"data/raw/mofped_bulk/datasets/MOF_BSD_USD.csv",""
"MOF_EXP",TRUE,272,32,"data/raw/mofped_bulk/datasets/MOF_EXP.csv",""
"MOF_EXP_NDPD",TRUE,272,34,"data/raw/mofped_bulk/datasets/MOF_EXP_NDPD.csv",""
"MOF_EXP_W",TRUE,344,34,"data/raw/mofped_bulk/datasets/MOF_EXP_W.csv",""
"MOF_EXP_NWR",TRUE,272,34,"data/raw/mofped_bulk/datasets/MOF_EXP_NWR.csv",""
"MOF_EXP_DDEV",TRUE,344,34,"data/raw/mofped_bulk/datasets/MOF_EXP_DDEV.csv",""
"MOF_DPD",TRUE,272,34,"data/raw/mofped_bulk/datasets/MOF_DPD.csv",""
"MOF_DPD_P",TRUE,272,34,"data/raw/mofped_bulk/datasets/MOF_DPD_P.csv",""
"MOF_IDPD",TRUE,272,34,"data/raw/mofped_bulk/datasets/MOF_IDPD.csv",""
"MOF_AMI_CY",TRUE,38,58,"data/raw/mofped_bulk/datasets/MOF_AMI_CY.csv",""
"MOF_AMI_FY",TRUE,37,42,"data/raw/mofped_bulk/datasets/MOF_AMI_FY.csv",""
"MOF_EXP_OLD",TRUE,300,32,"data/raw/mofped_bulk/datasets/MOF_EXP_OLD.csv",""
"MOF_EXP_NDPD_OLD",TRUE,300,32,"data/raw/mofped_bulk/datasets/MOF_EXP_NDPD_OLD.csv",""
"MOF_EXP_W_OLD",TRUE,300,32,"data/raw/mofped_bulk/datasets/MOF_EXP_W_OLD.csv",""
"MOF_EXP_NWR_OLD",TRUE,300,32,"data/raw/mofped_bulk/datasets/MOF_EXP_NWR_OLD.csv",""
"MOF_EXP_DDEV_OLD",TRUE,300,32,"data/raw/mofped_bulk/datasets/MOF_EXP_DDEV_OLD.csv",""
"MOF_DPD_OLD",TRUE,300,32,"data/raw/mofped_bulk/datasets/MOF_DPD_OLD.csv",""
"MOF_DPD_P_OLD",TRUE,168,32,"data/raw/mofped_bulk/datasets/MOF_DPD_P_OLD.csv",""
"MOF_IDPD_OLD",TRUE,300,32,"data/raw/mofped_bulk/datasets/MOF_IDPD_OLD.csv",""
"UBOS_GDP_CP",TRUE,71,36,"data/raw/mofped_bulk/datasets/UBOS_GDP_CP.csv",""
"UBOS_GDP_FY_CP",TRUE,18,183,"data/raw/mofped_bulk/datasets/UBOS_GDP_FY_CP.csv",""
"UBOS_GDP_EXP_FY_CP",TRUE,17,51,"data/raw/mofped_bulk/datasets/UBOS_GDP_EXP_FY_CP.csv",""
"UBOS_GDP_KP",TRUE,71,36,"data/raw/mofped_bulk/datasets/UBOS_GDP_KP.csv",""
"UBOS_GDP_EXP_FY_KP",TRUE,17,51,"data/raw/mofped_bulk/datasets/UBOS_GDP_EXP_FY_KP.csv",""
"BOU_MMI",TRUE,486,54,"data/raw/mofped_bulk/datasets/BOU_MMI.csv",""
"BOU_MMI_CY",TRUE,40,56,"data/raw/mofped_bulk/datasets/BOU_MMI_CY.csv",""
"BOU_MMI_FY",TRUE,41,56,"data/raw/mofped_bulk/datasets/BOU_MMI_FY.csv",""
"BOU_I",TRUE,3607,9,"data/raw/mofped_bulk/datasets/BOU_I.csv",""
"BOU_I_M",TRUE,439,35,"data/raw/mofped_bulk/datasets/BOU_I_M.csv",""
"BOU_E",TRUE,5187,11,"data/raw/mofped_bulk/datasets/BOU_E.csv",""
"BOU_E_M",TRUE,546,22,"data/raw/mofped_bulk/datasets/BOU_E_M.csv",""
"BOU_BOP",TRUE,99,460,"data/raw/mofped_bulk/datasets/BOU_BOP.csv",""
"BOU_BOP_CY",TRUE,25,470,"data/raw/mofped_bulk/datasets/BOU_BOP_CY.csv",""
"BOU_BOP_FY",TRUE,25,471,"data/raw/mofped_bulk/datasets/BOU_BOP_FY.csv",""
"BOU_IIP",TRUE,58,212,"data/raw/mofped_bulk/datasets/BOU_IIP.csv",""
"BOU_IIP_CY",TRUE,27,212,"data/raw/mofped_bulk/datasets/BOU_IIP_CY.csv",""
"BOU_PSC",TRUE,228,494,"data/raw/mofped_bulk/datasets/BOU_PSC.csv",""
"BOU_DCS",TRUE,294,32,"data/raw/mofped_bulk/datasets/BOU_DCS.csv",""
"BOU_CBS",TRUE,294,39,"data/raw/mofped_bulk/datasets/BOU_CBS.csv",""
"BOU_ODCS",TRUE,294,40,"data/raw/mofped_bulk/datasets/BOU_ODCS.csv",""
"BOU_BS",TRUE,294,150,"data/raw/mofped_bulk/datasets/BOU_BS.csv",""
"BOU_OFCS",TRUE,58,24,"data/raw/mofped_bulk/datasets/BOU_OFCS.csv",""
"BOU_FS",TRUE,105,59,"data/raw/mofped_bulk/datasets/BOU_FS.csv",""
"BOU_TOT",TRUE,325,12,"data/raw/mofped_bulk/datasets/BOU_TOT.csv",""
"BOU_EX_C",TRUE,419,80,"data/raw/mofped_bulk/datasets/BOU_EX_C.csv",""
"BOU_IM_C",TRUE,299,21,"data/raw/mofped_bulk/datasets/BOU_IM_C.csv",""
"BOU_IM_CIF",TRUE,395,41,"data/raw/mofped_bulk/datasets/BOU_IM_CIF.csv",""
"BOU_EX_D",TRUE,353,88,"data/raw/mofped_bulk/datasets/BOU_EX_D.csv",""
"BOU_IM_O",TRUE,335,132,"data/raw/mofped_bulk/datasets/BOU_IM_O.csv",""
"BOU_CPI",TRUE,252,39,"data/raw/mofped_bulk/datasets/BOU_CPI.csv",""
"BOU_BTI",TRUE,168,54,"data/raw/mofped_bulk/datasets/BOU_BTI.csv",""
"IMF_IFS",TRUE,787,355,"data/raw/mofped_bulk/datasets/IMF_IFS.csv",""
"IMF_IFS_Q",TRUE,262,519,"data/raw/mofped_bulk/datasets/IMF_IFS_Q.csv",""
"IMF_BOP",TRUE,105,1564,"data/raw/mofped_bulk/datasets/IMF_BOP.csv",""
"IMF_BOPAGG",TRUE,14,44,"data/raw/mofped_bulk/datasets/IMF_BOPAGG.csv",""
"IMF_PCTOT",TRUE,543,12,"data/raw/mofped_bulk/datasets/IMF_PCTOT.csv",""
"IMF_ED",TRUE,53,9,"data/raw/mofped_bulk/datasets/IMF_ED.csv",""
"IMF_PCPS",TRUE,426,198,"data/raw/mofped_bulk/datasets/IMF_PCPS.csv",""
"IMF_CPI",TRUE,186,19,"data/raw/mofped_bulk/datasets/IMF_CPI.csv",""
"IMF_GFSMAB",TRUE,26,64,"data/raw/mofped_bulk/datasets/IMF_GFSMAB.csv",""
"IMF_GFSR",TRUE,26,170,"data/raw/mofped_bulk/datasets/IMF_GFSR.csv",""
"IMF_GFSE",TRUE,25,98,"data/raw/mofped_bulk/datasets/IMF_GFSE.csv",""
"IMF_FM",TRUE,33,11,"data/raw/mofped_bulk/datasets/IMF_FM.csv",""
"IMF_PGCS",TRUE,58,21,"data/raw/mofped_bulk/datasets/IMF_PGCS.csv",""
"IMF_WRLD",TRUE,29,17,"data/raw/mofped_bulk/datasets/IMF_WRLD.csv",""
"IMF_FAS",TRUE,21,126,"data/raw/mofped_bulk/datasets/IMF_FAS.csv",""
"IMF_FDI",TRUE,42,15,"data/raw/mofped_bulk/datasets/IMF_FDI.csv",""
"IMF_FSI",TRUE,126,59,"data/raw/mofped_bulk/datasets/IMF_FSI.csv",""
"IMF_MFS",TRUE,722,191,"data/raw/mofped_bulk/datasets/IMF_MFS.csv",""
"WB_WDI",TRUE,66,1281,"data/raw/mofped_bulk/datasets/WB_WDI.csv",""
"WB_GEM",TRUE,471,35,"data/raw/mofped_bulk/datasets/WB_GEM.csv",""
"WB_HEA",TRUE,66,450,"data/raw/mofped_bulk/datasets/WB_HEA.csv",""
"WB_GFD",TRUE,62,89,"data/raw/mofped_bulk/datasets/WB_GFD.csv",""
"ILO_EMP_T",TRUE,34,30,"data/raw/mofped_bulk/datasets/ILO_EMP_T.csv",""
"ILO_EMP_S",TRUE,34,30,"data/raw/mofped_bulk/datasets/ILO_EMP_S.csv",""
