"Date","Year","Quarter","FY","QFY","Month","BTI","BTI_PBS","BTI_BS3","BTI_OVS","BTI_EMP","BTI_CO","BTI_ASP","BTI_FS","BTI_AC","BTI_EEMP","BTI_SFP","BTI_CDS","BTI_FDS","BTI_OB","BTI_CON","BTI_CON_PBS","BTI_CON_BS3","BTI_CON_OVS","BTI_CON_EMP","BTI_CON_OB","BTI_MAN","BTI_MAN_PBS","BTI_MAN_BS3","BTI_MAN_OVS","BTI_MAN_EMP","BTI_MAN_SFP","BTI_MAN_OB","BTI_WOT","BTI_WOT_PBS","BTI_WOT_BS3","BTI_WOT_EMP","BTI_WOT_SFP","BTI_AGR","BTI_AGR_PBS","BTI_AGR_BS3","BTI_AGR_EMP","BTI_AGR_EMPL","BTI_AGR_OB","BTI_OSE","BTI_OSE_PBS","BTI_OSE_BS3","BTI_OSE_EMP","BTI_OSE_CD","BTI_OSE_FD","BTI_FSE","BTI_FSE_PBS","BTI_FSE_CD","BTI_FSE_FD"
2012-07-01,2012,"Q3","2012/13","Q1","July",60.40170127,55.9989863,62.6608277,65.2567177,,68.0352426,47.9426041,56.6605139,39.0003018,,,,,,55.20828469,48.29916924,68.04048827,56.1046054,,,63.72959714,51.60122429,75.0411788,68.34593209,,,,53.17296621,40.26915384,73.28864878,,,60.7168996,59.22381545,51.58369336,,,,61.58999455,61.48898385,72.95320433,,,,,,,
2012-08-01,2012,"Q3","2012/13","Q1","August",62.3124827,57.8566575,63.4825531,66.6071256,,67.3677396,48.4211644,56.6739129,43.65899,,,,,,55.07610833,42.23019947,69.50668888,57.03570347,,,64.82328095,53.49498542,76.52054478,69.62988787,,,,50.91368182,41.38893452,64.63321146,,,59.88923368,57.2612712,65.72345682,,,,67.35680364,67.5941395,76.30979765,,,,,,,
2012-09-01,2012,"Q3","2012/13","Q1","September",62.84800055,58.5199229,64.6221573,62.7582551,,69.8292771,54.9169958,58.9269488,42.5875477,,,,,,56.27953376,39.20199899,73.29051435,56.52255735,,,62.35772173,54.11966652,73.18063351,65.66595888,,,,52.78238604,45.34183712,64.48931473,,,63.84015164,64.15280601,67.74080684,,,,66.33838158,63.52128288,74.7505951,,,,,,,
2012-10-01,2012,"Q4","2012/13","Q2","October",62.46717694,59.0822778,63.7065057,62.6867565,,61.7312974,59.7658309,58.5596608,42.9865497,,,,,,54.4334301,45.53364385,69.13307666,56.52361915,,,59.79233449,49.59271454,76.6226718,65.22119714,,,,53.11483985,46.75346034,62.10388246,,,62.20877175,61.13611052,68.07105792,,,,67.88951691,67.74665311,76.19768426,,,,,,,
2012-11-01,2012,"Q4","2012/13","Q2","November",64.13732255,60.4692093,65.5775333,61.2782193,,70.2358545,58.0531043,62.1453035,42.301055,,,,,,57.1918922,51.59346518,67.52780888,54.47242694,,,60.94130981,54.1470912,73.30450617,62.87334359,,,,53.36640077,47.78143388,64.61216385,,,68.48067904,65.48308673,81.25824774,,,,66.7412125,64.89465134,76.58644359,,,,,,,
2012-12-01,2012,"Q4","2012/13","Q2","December",61.16319157,55.3901385,63.6949376,59.9008288,,66.2717784,58.2560942,58.4473999,36.2702875,,,,,,56.78894244,47.96698831,68.50092929,54.50516359,,,58.57719852,57.92511953,65.47517703,61.72068815,,,,46.48135323,45.03230429,55.60276437,,,62.93924958,52.64815263,75.02937936,,,,65.99967084,60.3851437,78.95047824,,,,,,,
2013-01-01,2013,"Q1","2012/13","Q3","January",65.29475763,62.5422007,66.1598466,61.3895524,,68.8959734,61.6864538,59.2479321,39.5903581,,,,,,57.29787977,50.77652857,69.06756014,57.41160961,,,61.88398374,62.20366746,71.01630733,62.45180737,,,,56.91733111,51.3818335,66.31522739,,,71.93689628,69.44400001,75.89871541,,,,65.85379344,62.93924779,75.52471498,,,,,,,
2013-02-01,2013,"Q1","2012/13","Q3","February",62.15548,55.5703906,65.7250669,57.9190646,,66.8472123,60.4336435,55.2315579,39.007696,,,,,,55.37017823,46.54316139,68.02938675,54.43850439,,,56.71251628,50.82512804,69.66453235,59.08725746,,,,54.08032444,45.89465359,65.3126058,,,65.40901838,53.76211082,74.30401326,,,,65.76704925,63.30193114,74.28774244,,,,,,,
2013-03-01,2013,"Q1","2012/13","Q3","March",65.25346288,60.4017892,67.6382668,60.4373412,,67.7194026,58.338709,54.1762458,37.6527078,,,,,,58.89909395,46.08801106,77.20102052,60.86667284,,,61.92674761,57.18362504,78.11368073,60.04825599,,,,55.84816984,48.31142329,66.52421557,,,62.76178952,48.95671297,66.55456929,,,,72.29728937,75.87704484,82.21183662,,,,,,,
2013-04-01,2013,"Q2","2012/13","Q4","April",60.20095006,56.8890128,62.0075748,60.6211558,,67.8038887,48.6152722,55.2821408,38.9145693,,,,,,56.67042183,48.14615176,67.3371254,61.10587507,,,61.74594516,55.66314376,77.29141883,61.55828121,,,,57.51818649,52.8586679,71.14633277,,,52.71230932,54.90525172,55.20979135,,,,66.18754387,61.48058652,80.46851749,,,,,,,
2013-05-01,2013,"Q2","2012/13","Q4","May",58.76053352,59.0342112,57.5515922,55.7082721,,68.095432,52.385905,56.5589334,40.5319813,,,,,,52.30132733,44.70825415,67.83543215,57.61374535,,,54.88528394,53.69380174,63.60621639,55.96981209,,,,53.28832083,50.57237539,65.36350091,,,56.89370977,58.57659812,59.25134681,,,,64.50646235,66.62022048,68.82842567,,,,,,,
2013-06-01,2013,"Q2","2012/13","Q4","June",63.2265496,63.0380906,63.789346,61.3717919,,68.0140515,57.5009182,56.451958,41.1257066,,,,,,57.71303127,45.2614893,71.06615874,57.31656788,,,60.95321837,58.73218189,69.74332782,62.65593954,,,,57.33954393,52.03287445,71.82506773,,,62.72892114,68.60230037,63.73531151,,,,67.22448772,67.16684354,77.53058964,,,,,,,
2013-07-01,2013,"Q3","2013/14","Q1","July",62.62,60.2,64,62.1,,63.3,48.2,56.1,41.5,54.1,,,,,58.4,44.3,72.5,61.1,53,,60.5,56,72.2,62.2,48.5,,,56.5,52.9,67.2,49.4,,59.6,58.8,66.2,54.4,,,68.2,67.8,82,57.9,,,,,,
2013-08-01,2013,"Q3","2013/14","Q1","August",64.11,63.5,63.5,61.5,,66.2,46.3,56.9,40.1,55.5,,,,,58.9,49.3,72.6,62.6,50.3,,56.8,51.1,69.8,60.3,46.3,,,59.9,52.8,70.4,56.4,,70.1,76.6,65.7,63,,,65.3,65.3,75.2,55.1,,,,,,
2013-09-01,2013,"Q3","2013/14","Q1","September",63.13,63.6,62.8,63.2,,62.2,34,57.9,40.6,53.8,,,,,63.8,59.2,74.7,70.9,50.4,,58.8,51,70.1,61.1,51.4,,,55.9,50.4,66.3,49.6,,68.5,79.4,70.7,58,,,63.3,62.6,72.7,53.5,,,,,,
2013-10-01,2013,"Q4","2013/14","Q2","October",62.65,59.8,63.7,60.4,,64.3,50.8,57.2,40,54.5,,,,,60.4,54.7,73.3,60.2,52.4,,59.4,49.7,79.9,60.5,51,,,55.6,47.2,66.7,52.2,,66.4,67.1,78.6,56.4,,,63.9,63.7,73,55.7,,,,,,
2013-11-01,2013,"Q4","2013/14","Q2","November",59.43,54.5,61.5,63.6,,64.5,51.6,53.5,38,52.7,,,,,60.2,53.1,73.7,60.5,53.1,,58.4,50.5,71.7,63.5,47.9,,,55.2,50.6,67,47,,58.9,52.8,68.5,56.4,,,61.4,58.8,71.2,53.9,,,,,,
2013-12-01,2013,"Q4","2013/14","Q2","December",59.51,53.9,61.7,61.3,,62.2,54.3,46.2,39.3,54.6,,,,,56.7,43.7,73.3,58.1,49.5,,58.3,46.6,71.1,62.4,52.1,,,57,52,65.9,52.9,,59.1,53.7,64.6,57.5,,,61.6,59.7,68.6,54.9,,,,,,
2014-01-01,2014,"Q1","2013/14","Q3","January",59.4,52.6,62.2,58.6,,63.4,52,53.7,38.5,53.3,,,,,58.9,50.7,76.9,57.7,53.2,,57.3,48.7,71.4,58.6,52.3,,,58.4,50.2,72.7,50.7,,55.8,47.1,65.2,51.2,,,63.3,59.2,75.2,56,,,,,,
2014-02-01,2014,"Q1","2013/14","Q3","February",60.08,57.5,61.3,60.5,,65.6,52.8,55.2,35.9,51.8,,,,,59.6,54.4,76.4,57.7,51.9,,57.4,49.9,67.2,61.6,51.3,,,56.8,52.2,68.8,49.4,,57.3,61.1,65.5,45.8,,,64.3,60.5,74,57,,,,,,
2014-03-01,2014,"Q1","2013/14","Q3","March",59.23,59,59.4,57.9,,64.1,51.7,57.3,41.2,51.7,,,,,54.7,53.5,68.9,52.1,47.4,,57,53,65.9,59.9,49.6,,,56.3,50.6,70.8,48.7,,57.4,62.6,65.2,49.7,,,63.2,62.6,70.2,55.5,,,,,,
2014-04-01,2014,"Q2","2013/14","Q4","April",58.59,57.4,59.3,51.6,,64.5,54.5,55.8,40.1,50.7,,,,,56.9,53.9,72.5,48.6,51.1,,55.2,50.4,63.5,53.6,51.5,,,52.1,43.2,64,50,,58.6,61.1,66,48.5,,,62.2,62.7,72.2,52,,,,,,
2014-05-01,2014,"Q2","2013/14","Q4","May",58.87,56.3,59.1,57.5,,62.3,55.8,56.9,39.5,51.3,,,,,57.8,54.4,74.3,55.8,50.5,,56.9,49.8,68.7,58.9,51.1,,,53.8,43.9,69.7,51.9,,58.5,57,66.1,50,,,61.6,62.6,69.5,52.3,,,,,,
2014-06-01,2014,"Q2","2013/14","Q4","June",55.21,52.4,57.1,58.7,,62.9,57.2,53,38.9,48.5,,,,,57.3,56.5,62.9,58.9,48.4,,56,51.5,66.7,58.5,47.6,,,54.8,45.8,67.3,50.8,,55.4,51.7,63.7,50.1,,,54.5,54.4,63.9,47.1,,,,,,
2014-07-01,2014,"Q3","2014/15","Q1","July",56.5,53.7,58.1,58.6,,66.5,58.7,51.6,40.8,48.9,,,,,64.8,68.2,76.3,58.6,53.4,,56.6,54.2,66.7,58.5,45,,,53.2,44.1,65.8,49.7,,53.3,51.4,61.7,47.5,,,58.2,55.5,70.4,50.6,,,,,,
2014-08-01,2014,"Q3","2014/15","Q1","August",56.9,51.9,58.8,59.1,,63.3,58.9,50.9,40,50.6,,,,,60.4,52.9,74.8,58.1,55.7,,57.9,53.4,68.8,58.9,51.2,,,54.1,48.3,66.6,47.4,,52.2,46.8,60.8,46,,,60,55.8,70.5,53.8,,,,,,
2014-09-01,2014,"Q3","2014/15","Q1","September",56.8,55,57.4,54.9,,67,56.3,48.5,42,48.3,,,,,59.5,53.7,72.1,55.7,56,,58.7,55.3,68.8,55.2,52.8,,,55.2,47.6,68.3,48.2,,48.2,46,58.2,41.1,,,62,63.6,71,50.2,,,,,,
2014-10-01,2014,"Q4","2014/15","Q2","October",55.9,53.7,56.8,62.1,,64.1,54.2,51.2,41.1,47.8,,,,,62.8,53,80.2,59.9,58.1,,59.2,57.6,65.8,62.9,53.5,,,55.7,49.3,68.9,47.7,,48.7,48.4,58.6,41.1,,,58.4,57.1,70.7,48.3,,,,,,
2014-11-01,2014,"Q4","2014/15","Q2","November",55.6,52.9,56.6,54.1,,64,54.1,50.3,42.4,47.9,,,,,60.6,47.9,79.9,59.9,53.6,,54.7,52.7,65.2,50.7,51,,,54,43.3,67.4,50,,49.7,49.1,57.1,43.1,,,59.7,59.4,71.2,48.3,,,,,,
2014-12-01,2014,"Q4","2014/15","Q2","December",56.4,53.6,57.4,58.6,,65.7,56.5,50.7,40.3,47.8,,,,,64.5,51.8,79,67.7,57,,57.2,53.7,66.2,55.1,53,,,52.2,41,66.9,48.7,,49,47.7,56.8,41.5,,,61.1,61.7,72.1,48,,,,,,
2015-01-01,2015,"Q1","2014/15","Q3","January",54.4,52.5,55.1,57.9,,63.4,56.7,49.5,39.5,44.9,,,,,61.5,54.8,73.8,66.8,54.5,,51.4,47.6,63,54.4,42.4,,,50.9,42.8,61.8,47.2,,49.9,47.1,56.7,43.2,,,58.8,60.9,71.2,44.9,,,,,,
2015-02-01,2015,"Q1","2014/15","Q3","February",55.5,54.1,56.1,58.6,,63.2,56.6,48.2,40.4,47.2,,,,,65.4,63.6,76.1,69.2,55,,53.7,49.2,64,55.4,46.1,,,52.2,44.7,63.8,48.3,,51,52.6,54.3,46.5,,,58.9,58.6,70.3,46.7,,,,,,
2015-03-01,2015,"Q1","2014/15","Q3","March",51.4,48.8,52.7,47,,60.4,61.4,44.6,36.8,45.8,,,,,55.2,51.7,72.7,53.3,45.4,,45.8,44.3,52.8,44.7,41.4,,,45,31.4,56.6,48.5,,48.8,50.2,54.4,45.5,,,56.9,54.3,68.6,47.2,,,,,,
2015-04-01,2015,"Q2","2014/15","Q4","April",52.4,48.4,54.5,55.1,,62.4,61.1,46.4,36.7,47.6,,,,,62.1,56.7,75.3,61.9,53.8,,49.9,43.6,57.4,53.6,43.6,,,50.4,46.7,57,48.4,,51,49.8,55.9,46.5,,,53.6,48.7,63.2,48.9,,,,,,
2015-05-01,2015,"Q2","2014/15","Q4","May",55.7,53.7,56.1,53.2,,66.8,59.3,53.6,41.4,48.7,,,,,56.8,56.1,69.1,54.6,50.1,,49.9,45.6,56.7,53.3,44.2,,,48.9,44.8,61.7,43.3,,57,60.8,63.6,44.9,,,59.1,54.4,68.7,54.8,,,,,,
2015-06-01,2015,"Q2","2014/15","Q4","June",52.6,51.4,53.6,50.3,,67.1,64.7,45.9,35.6,47.6,,,,,56.9,49.1,70.1,54.7,51.4,,49.4,48.6,56.9,48.3,44.1,,,45.3,39.9,50.7,44.9,,49.6,49.8,52.1,46,,,57.6,57.5,66.6,50.5,,,,,,
2015-07-01,2015,"Q3","2015/16","Q1","July",52.5,51.7,52.9,50.1,,60.6,65.2,47.7,30.7,46.2,,,,,53.8,46.2,64.5,55.1,47.1,,48.4,38.1,60,48.2,45.7,,,47,40.8,51.6,48.6,,52.3,52.2,60.3,45.6,,,56,61.6,61.4,46.1,,,,,,
2015-08-01,2015,"Q3","2015/16","Q1","August",50.7,47.2,52,48.7,,59.4,65.6,41.4,32.5,46.3,,,,,54.9,50.4,66.8,56.4,47.1,,43.6,39.4,51.4,45.5,38.8,,,46.5,36.6,55.7,46.4,,50.3,47.2,55.7,45.9,,,54.7,53.3,61.1,49.8,,,,,,
2015-09-01,2015,"Q3","2015/16","Q1","September",52.3,45.8,55.1,54.6,,59.9,66.9,46.7,31.8,49,,,,,55.1,48.6,67.4,56.3,47,,48.2,38.6,56.5,54.4,41,,,47.2,40.4,53.2,46.9,,50.8,45.3,57.2,50,,,56.3,50.6,64.3,52.8,,,,,,
2015-10-01,2015,"Q4","2015/16","Q2","October",53.2,49.7,54.7,52.9,,61.8,63,46.8,33.7,49.1,,,,,55.6,52.5,65.8,56.6,48.2,,48.3,41.6,55.8,51.4,46.2,,,47.1,40.5,55.7,43.8,,51.2,48.3,55.9,51.1,,,58.2,56.6,68.3,50.7,,,,,,
2015-11-01,2015,"Q4","2015/16","Q2","November",53.3,51.1,53.9,59.1,,58.1,63.4,48.1,33.8,48.7,,,,,56.8,53.2,66.3,56.4,49.2,,49.5,39.1,58,58.2,43.3,,,48.1,43.1,54.7,46.2,,52.1,52.5,56.1,47.3,,,56.9,57.6,60.1,52.6,,,,,,
2015-12-01,2015,"Q4","2015/16","Q2","December",53.6,52.3,53.9,49.1,,61,57.4,48.8,34.6,49.3,,,,,56.3,55,66.6,54.4,46.8,,47.8,42.2,57.7,47.1,44,,,47,43.2,52.9,45.1,,57.6,56.9,62,52.1,,,54.8,55.6,55.4,51.4,,,,,,
2016-01-01,2016,"Q1","2015/16","Q3","January",51.5,47.2,53.3,48.9,,59.5,57.3,46.9,35,48.7,,,,,50.4,47.7,60.5,50.1,46.4,,46.6,40.1,56,48.4,43.1,,,47.2,42,53.3,45.5,,57.1,56.7,61.8,50.7,,,51.2,45.2,57.7,51,,,,,,
2016-02-01,2016,"Q1","2015/16","Q3","February",52.4,46,55.2,48.8,,59.3,56.5,47.6,33.3,48.5,,,,,53.8,50.9,65.4,54.9,44.7,,49.4,41.3,60.3,47.1,48.8,,,50,44.7,58.7,46.6,,53.5,48.6,64.2,48.9,,,53.3,45.9,64.3,49.2,,,,,,
2016-03-01,2016,"Q1","2015/16","Q3","March",54.9,49.6,57.1,55.9,,62.3,54.6,45.2,34.6,48.9,,,,,62.2,53.9,82.7,61.2,52.3,,51.9,41.2,63,54.1,49.4,,,52.7,47.3,62.7,47.9,,56.1,51.3,72,47.9,,,54.8,52.1,62.7,49.2,,,,,,
2016-04-01,2016,"Q2","2015/16","Q4","April",56.8,53.4,58.4,56,,61.7,50.6,48.1,37.2,52,,,,,59.8,50.2,74.4,62,53.2,,53.7,44.9,63.5,54.7,50.7,,,53.1,48.9,63.3,48.1,,59.6,59.4,67.5,50.3,,,56.7,54.8,60.6,54.6,,,,,,
2016-05-01,2016,"Q2","2015/16","Q4","May",57.1,52,59.3,57.6,,63.3,54.9,47.1,34.4,50.4,,,,,62.8,54.8,78.3,64.9,55.4,,53.3,45.5,64.6,55.6,47.8,,,54.8,49.1,66.4,51.9,,54.7,50,63.8,50.1,,,60.3,56.7,74.5,50.5,,,,,,
2016-06-01,2016,"Q2","2015/16","Q4","June",57.6,51.2,60.9,56.6,,59.1,52.5,50.7,35.5,51.8,,,,,64.5,63.2,78.1,59,56.5,,52.8,45.4,64.3,55,47.3,,,57.2,50.9,69.1,51.1,,55.7,46.4,67,52.8,,,60.1,55.4,73.3,52.6,,,,,,
2016-07-01,2016,"Q3","2016/17","Q1","July",56.5,52.4,58.7,54.9,,61.7,55.6,53,38,51.8,,,,,60.9,56,74,57.3,55.2,,53.2,46.7,63,54.3,48.3,,,56.5,51.7,69.4,48.6,,53.3,49.3,60,52.5,,,59.6,56.9,69.1,53.3,,,,,,
2016-08-01,2016,"Q3","2016/17","Q1","August",55.6,51.6,57.3,54,,63.7,54.1,49.1,37.7,48.8,,,,,60.3,61.2,75.7,55.6,50.3,,52.4,47.8,62.5,53.3,47.3,,,58.1,50.3,73,50.1,,51.8,49.4,59.5,45.2,,,58.2,53.6,69.9,51.4,,,,,,
2016-09-01,2016,"Q3","2016/17","Q1","September",54.2,49.8,56.2,55.1,,60.1,53.4,47.4,36.9,47.3,,,,,58.4,54.6,70.7,56.3,49.2,,54.5,47.4,62.7,54.9,49.5,,,50.3,42.8,59.5,47.9,,52.1,48.9,60.2,47.2,,,56,52.8,68.4,45.8,,,,,,
2016-10-01,2016,"Q4","2016/17","Q2","October",53.5,46.5,56.9,49.1,,63.1,57.1,45.4,35,48.6,,,,,56.9,56,69,55.8,46.9,,48.5,42.2,61.1,46.5,45,,,49,33.5,63.7,48.2,,53.6,47.8,65.9,48.4,,,56.5,49.6,70.3,50.7,,,,,,
2016-11-01,2016,"Q4","2016/17","Q2","November",52.5,47.6,54.7,48.3,,63.1,56.8,45.7,35.4,47.5,,,,,53,42,67.2,57.5,44,,43.9,40.5,49.5,43.7,42.9,,,47.6,40.8,56.9,45.1,,54.8,51.8,63.6,48.9,,,56,50.7,67.5,49.8,,,,,,
2016-12-01,2016,"Q4","2016/17","Q2","December",53.9,48.1,56.4,53.1,,61.4,58,45.3,34.4,46,,,,,53,46.3,68.4,47.7,48.1,,51.1,42.6,60.2,55.2,46.7,,,51.5,46.4,64.8,43.9,,55.3,52.5,66,46.1,,,55.1,48.3,69,45.8,,,,,,
2017-01-01,2017,"Q1","2016/17","Q3","January",54,48.9,56.3,52,,60.9,59.8,47.4,36.5,50.1,,,,,53.3,42.4,69.6,51.6,54.7,,52.4,48.2,61,51.8,50.4,,,51.1,45.1,62.1,45.5,,54,50.4,62.4,48.1,,,55.6,50.5,65.3,51.8,,,,,,
2017-02-01,2017,"Q1","2016/17","Q3","February",55.9,49.1,58.6,54.2,,63.4,55.3,46.6,38.8,50.1,,,,,51.1,44.6,67.8,46.5,45.4,,54.5,45,66,57.1,48.5,,,49.2,41.4,61,44.6,,58.4,53.2,76.2,46.6,,,57.5,50.9,65.4,55.8,,,,,,
2017-03-01,2017,"Q1","2016/17","Q3","March",56,50.5,58.4,53.4,,63.2,59.6,48,37.3,50.9,,,,,52.7,45.4,68.4,53.3,43.1,,53.2,48.3,64.3,53.8,45.1,,,49.2,38.3,63,46,,60.1,57.8,67,58.8,,,56.8,50.6,69.3,50.6,,,,,,
2017-04-01,2017,"Q2","2016/17","Q4","April",56.3,52.1,58.3,53.2,,62.5,58.9,46.6,35.9,48.3,,,,,54.7,56.1,67.7,51.1,44.5,,55.4,51.7,67.8,54.6,46.9,,,52.1,48.7,63.3,45.3,,57.6,54.3,66.3,49.5,,,57.1,51.1,70.3,49.5,,,,,,
2017-05-01,2017,"Q2","2016/17","Q4","May",55.7,48.5,59.1,56.3,,62.5,57.8,44.3,35.9,51.7,,,,,55.7,50.1,70.8,57.8,45.9,,53.5,45.8,62.9,56.2,49.2,,,51.7,45.8,63.7,48,,60,51.9,70.9,57.9,,,54.8,47.9,66.9,50.5,,,,,,
2017-06-01,2017,"Q2","2016/17","Q4","June",56.3,53,57.6,58.8,,69.8,56.4,46.8,35.1,48.2,,,,,54.3,46.1,69.1,59,40.8,,55,48.5,66.4,57.5,49,,,55.9,47.1,67.7,52.5,,59.8,59,68.1,50.9,,,54.7,53.7,65.1,46,,,,,,
2017-07-01,2017,"Q3","2017/18","Q1","July",56.4,52.3,58.8,58.8,,65,52.4,45,33.4,48,,,,,58.2,54.4,74.2,59,46.1,,55.8,49.3,65.4,59.3,49.6,,,52.7,49.4,63.8,45.4,,56,51.8,70.8,47.7,,,57.8,54.3,70.7,48.6,,,,,,
2017-08-01,2017,"Q3","2017/18","Q1","August",59.3,56.2,60.6,57.6,,68.2,57.5,48.9,34.3,50.7,,,,,57.2,50.7,68.6,59.5,51,,56,51.3,64.9,57.1,51.9,,,53.5,50.3,60.8,48.3,,63.5,61.5,76.4,51.8,,,60,57.3,72.5,50,,,,,,
2017-09-01,2017,"Q3","2017/18","Q1","September",59.1,58.1,59.7,52.3,,66.1,57.4,53,35.9,49.6,,,,,58.7,54.7,75.2,47.2,53.9,,55.6,51.4,65.2,54.5,47.8,,,55.7,53.5,65.9,47.8,,62.7,63.2,72.9,52.5,,,59.3,59.5,69.7,48.1,,,,,,
2017-10-01,2017,"Q4","2017/18","Q2","October",57.9,55,59.2,58.2,,64.7,54.7,51.5,35.5,50,,,,,58,46.6,72.7,62.7,49,,53.9,47.9,63.8,56.5,47.4,,,53,47.4,61.5,49.1,,61.6,63.8,71.7,50.5,,,58.5,55.7,70.1,51.2,,,,,,
2017-11-01,2017,"Q4","2017/18","Q2","November",56.9,51.5,59.6,56.4,,64.6,55.8,49.5,37.5,50.2,,,,,59,54.5,75.5,54.9,50,,55.6,54,65,55.8,49.1,,,48.7,42,60.2,44.6,,58.8,51.4,72.4,53,,,58.1,52.6,71.5,50.3,,,,,,
2017-12-01,2017,"Q4","2017/18","Q2","December",57.3,51.6,59.8,54,,69.3,57.3,48.2,31.6,48.8,,,,,58.9,59.2,61.7,64.1,50,,55.2,51.5,77.5,50.6,41.4,,,56.2,52.8,67.6,49.1,,54.6,44.6,69.4,49.8,,,60.1,55.1,71,51.2,,,,,,
2018-01-01,2018,"Q1","2017/18","Q3","January",56.4,51.9,58.7,59.8,,69.4,54.7,44.6,35.2,48.6,,,,,59.8,60.2,74.7,62.1,47.8,,55.2,53,66.7,58.3,45.8,,,52.7,46,62.4,49.3,,55.5,49.8,67.7,48.1,36.7,,58,53.4,71.4,50.1,,,,,,
2018-02-01,2018,"Q1","2017/18","Q3","February",55.4,51.6,56.8,56.1,,65.7,56.3,49.8,35.8,49.1,,,,,58.3,47.2,74.2,62.2,51.1,,54.3,52,62,54.1,46.4,,,53.7,46.2,64.8,49.2,,53.2,49.7,61.4,47.9,43.5,,57.5,55.1,66.8,50.8,,,,,,
2018-03-01,2018,"Q1","2017/18","Q3","March",58.4,55.3,59.7,55.8,,65.8,55.2,51.5,37.9,52.2,,,,,61.4,52.4,76.5,61.9,53,,57,56.3,63.8,54.1,50.9,,,54.2,46.7,63.8,50.9,,56,50.3,68.7,52.1,38,,61.5,61.2,70.8,53.2,,,,,,
2018-04-01,2018,"Q2","2017/18","Q4","April",56.7,53.2,58.2,58.8,,65.9,54.9,51.8,37.3,50.6,,,,,59.5,48.7,79.6,61.6,49.2,,55.8,55.6,62.5,58.1,46.5,,,53.9,46.9,65.9,49.5,,55.6,52.4,58.3,52,54.4,,58.1,55.1,67,51.9,,,,,,
2018-05-01,2018,"Q2","2017/18","Q4","May",57,54.4,58.3,51.6,,66,57.4,54.9,38.9,51.4,,,,,56.8,46.3,71.3,59.2,52.1,,54.2,55.9,62.1,49.3,50.6,,,53.8,50,63.4,49,,61.2,57.4,74.2,53.1,62.5,,56.2,54.4,63.3,51.1,,,,,,
2018-06-01,2018,"Q2","2017/18","Q4","June",57.4,54.9,58.2,63,,67.8,59.3,51.1,39.5,51,,,,,62.8,58.3,72.4,65.5,50.3,,55.3,55.2,61.5,60.5,47.3,,,53.6,51.7,58.5,50.4,,56.4,54.2,64.5,48.3,58,,59.4,55.5,67.3,54.9,,,,,,
2018-07-01,2018,"Q3","2018/19","Q1","July",56.7,53.4,58.8,52.1,,68.3,56.8,51.8,38.9,50.9,,,,,54.7,53.8,77.8,50.1,40.1,,54.3,52.3,62.6,53.7,49.2,,,54,48.9,63.2,49.9,,56.8,56.9,65.3,51.7,54.5,,58.8,52.6,70.6,53.1,,,,,,
2018-08-01,2018,"Q3","2018/19","Q1","August",57.1,52.1,59.4,54.6,,67.5,54.4,50.1,38.6,51.2,,,,,61,57.3,77,57.8,52.6,,54.2,52,62.5,53.5,48.7,,,54.3,48.5,64.8,49.4,,55.8,49.6,68.2,49.4,56.1,,59.6,54,70.2,54,,,,,,
2018-09-01,2018,"Q3","2018/19","Q1","September",55.3,50.5,58,53.4,,68.7,55.3,50.5,37.1,49.9,,,,,58.2,46.9,71.4,62.2,47.7,,53.1,51.7,60.3,50.2,48.2,,,52.5,45.5,63.5,48.3,,54.1,49.6,65,47.9,31.7,,57.6,52.6,67.8,52.9,,,,,,
2018-10-01,2018,"Q4","2018/19","Q2","October",57.1,52.6,59.6,55.9,,65.7,56.4,48.3,37.1,49.3,,,,,57.6,52.9,73.4,54.6,47.5,,56.1,55.9,64.6,56.5,46.9,,,54.1,46.3,67.2,48.1,,58.8,54,73.9,50.1,43.3,,57.1,51.8,70.9,50.5,,,,,,
2018-11-01,2018,"Q4","2018/19","Q2","November",59.3,56.9,60.7,56.7,,68.8,56.8,51.4,37.5,50.3,,,,,60.8,58.5,74.7,63.9,45.6,,55.9,56.7,62.8,53.9,51.6,,,53.7,48,66.4,47.9,,59.6,58.5,73.9,46.8,44.1,,62.1,58,74.5,53.6,,,,,,
2018-12-01,2018,"Q4","2018/19","Q2","December",57.8,54.4,59.1,56,,64.8,56.7,49.5,38.4,50.1,,,,,59.2,53.7,75.9,56.5,50.7,,54.3,53.9,61.6,55.8,46.4,,,52.9,45.4,63.8,50.7,,58.2,57.4,66.6,49.2,49.2,,60.4,55.2,70.3,52.1,,,,,,
2019-01-01,2019,"Q1","2018/19","Q3","January",58.5,53.3,61.1,55.3,,66.7,55.5,51.4,37.6,51.7,,,,,57.7,56.4,73.6,53.7,52.4,,56.1,52,68.1,55.3,52.4,,,53.6,46.4,66.2,48.7,,58.4,53.1,70.8,50.2,48.3,,61.2,55.6,75.8,53.2,,,,,,
2019-02-01,2019,"Q1","2018/19","Q3","February",58.3,54,60.1,54.3,,66.5,54.9,52.5,37.6,51.2,,,,,59.7,54,79.2,59.7,48.7,,54.6,52.5,61.8,52.2,48.3,,,52.6,45.8,60.3,51,,60,54.3,72.8,51.5,51.2,,60.2,56.8,72.1,52.7,,,,,,
2019-03-01,2019,"Q1","2018/19","Q3","March",58.8,54.9,60.2,56.5,,68.9,54.6,50,37,52,,,,,60.2,50.1,76.6,59.2,52.5,,54.8,46.7,61.6,56,50.2,,,54.6,48.2,65.1,48.8,,59.1,56.5,71.8,52.6,52.9,,61.3,60,71.9,53.3,,,,,,
2019-04-01,2019,"Q2","2018/19","Q4","April",58.5,53.1,60.7,55.2,51.3,67.5,56,50.2,36.3,50,,,,,56,52,70.6,53.8,49.1,,53.4,48.3,63.7,55.5,46.3,,,53.5,43.8,64.6,52,,61.5,54.8,73.2,50.1,50.2,,60.5,56.8,73.4,51.2,,,,,,
2019-05-01,2019,"Q2","2018/19","Q4","May",59.9,56.4,61.8,61.5,50.2,74.2,54.2,49.5,36.9,51.3,,,,,62.1,64.5,78.7,59.9,47.9,,58.5,57.8,67.6,62.9,48.2,,,55.2,48.3,65.8,51.1,,58.3,54.4,70.7,51.4,47.6,,62.7,58.4,75.3,53.2,,,,,,
2019-06-01,2019,"Q2","2018/19","Q4","June",59.5,55.5,60.5,57.9,53.1,69.5,53.1,52.9,36.7,53.5,,,,,59,48,75.7,52.5,52.1,,57.3,55.2,65.4,58.6,53.9,,,56.1,50,66.9,50.9,,62.1,59.2,68.9,56.5,57,,59.6,55.7,70.2,52.2,,,,,,
2019-07-01,2019,"Q3","2019/20","Q1","July",59.8,57,61.6,62.2,52.9,69.2,51.7,53.9,37.7,52,,,,,61.9,46.8,75.1,75.4,53.5,,56.3,55.1,62.5,57.4,50.7,,,55,47.5,65.8,51.4,,61.9,57.7,78.5,53.7,52.3,,61,61.9,69.1,51.4,,,,,,
2019-08-01,2019,"Q3","2019/20","Q1","August",57.8,54.3,59.1,61,49.3,68.6,56.3,53.4,39.1,50.7,,,,,56.5,43.8,73.5,60.7,49.1,,57.5,51.2,65.4,61.4,50.8,,,53.1,47.6,62.6,49.8,,61.5,59.7,71.6,52.8,50,,56.9,55.5,64.4,49.7,,,,,,
2019-09-01,2019,"Q3","2019/20","Q1","September",58.4,53.7,61.3,58.6,49.9,68.5,52.3,49.3,38.4,53.3,,,,,57.5,48.8,68.5,60.2,48,,53.2,46.4,62.4,58.8,45.1,,,55.7,46.7,65.9,54.6,,61.8,60.2,71.4,55.9,51.1,,59.3,55.2,68.9,55.6,,,,,,
2019-10-01,2019,"Q4","2019/20","Q2","October",54.7,51.9,56.3,57.5,44.9,65.9,51.3,50.1,39,49,,,,,54.6,43.7,71.8,54.2,46.8,,54.1,50.2,60.4,58.6,47.1,,,55.5,52.7,62.4,51.3,,54,51.3,61.9,49.6,44.6,,55.2,54.1,64.5,49.2,,,,,,
2019-11-01,2019,"Q4","2019/20","Q2","November",53.6,47.9,56.4,54,49.4,64.7,50.8,47.6,37.3,49.9,,,,,56.7,48.3,70,53.9,53.9,,50.2,42.9,57.9,54.7,45.8,,,56,51,68.2,50.3,,54.4,45.4,62.6,55.9,48,,53.4,51,62.7,46.6,,,,,,
2019-12-01,2019,"Q4","2019/20","Q2","December",56.5,50.2,58.8,54.1,48.1,66.5,50.7,50.5,37.6,52,,,,,54.7,42.4,65.8,51.1,61.2,,51.8,42.8,64.4,54.8,46.8,,,51.8,46.6,61.2,48,,56.5,51.6,65.7,51.5,47.7,,60.2,54.8,68.3,54.2,,,,,,
2020-01-01,2020,"Q1","2019/20","Q3","January",55.2,52.5,56.3,56.8,45.5,67.4,54.5,48.9,37.6,48.4,,,,,54.9,44.5,71.1,57.9,50.7,,50.3,41.7,58.6,56.1,46.6,,,54.6,49.2,68,47.5,,58.9,58.7,67.2,50.1,50.4,,55,55.5,62.7,47.8,,,,,,
2020-02-01,2020,"Q1","2019/20","Q3","February",57.9,51.6,60.7,50,44.2,66.2,54,46.8,34.9,51.1,,,,,50.1,45.4,64.1,49.2,45.3,,50.1,40.8,62.5,49.7,44.9,,,55.6,48.8,67.8,50,,61.5,51.9,79,51.8,41.9,,60.9,58,71,54.8,,,,,,
2020-03-01,2020,"Q1","2019/20","Q3","March",43.8,41.4,44.7,35.6,41.6,62.5,48.7,45,32.8,41.9,,,,,43.2,44.7,44.5,40.8,41,,40.4,36.8,43.1,33.7,43.8,,,43.6,41.7,48.5,39.5,,42.3,38.4,48.1,42.2,36.6,,46.5,44.8,54.4,41.6,,,,,,
2020-04-01,2020,"Q2","2019/20","Q4","April",44.3,41.5,45.4,37,43.2,61.9,47.7,45.2,33.3,42.6,,,,,42.7,46,44.6,40,41.3,,40.9,39.7,44.5,35.5,43.9,,,43.8,44.5,48.3,38.1,,43.7,37.2,46.8,42.1,38.9,,46.8,43.9,53.2,43.8,,,,,,
2020-05-01,2020,"Q2","2019/20","Q4","May",33.8,19,40.5,27.3,27,48.9,46.2,26.3,28.1,31,,,,,32.1,18.6,51.6,37,22.8,,27.6,9.7,45.8,23.9,31.8,,,32.1,16,53.5,26.3,,35.9,17.5,59.1,32.1,13.6,,35.9,25.3,48.2,32.7,,,,,,
2020-06-01,2020,"Q2","2019/20","Q4","June",44,28.7,49.9,39.5,34.3,55.9,48.4,31.3,26.6,41.5,,,,,39.6,24.6,52,41.3,33.1,,39.4,16.7,60.2,38.1,42.3,,,41.3,30.4,54.5,38.3,,43.4,22.9,62.8,44,31.8,,47.9,38.4,62.2,41.7,,,,,,
2020-07-01,2020,"Q3","2020/21","Q1","July",46.7,36.1,51.7,50.1,38.7,48.7,48.9,38.4,32.9,42.9,,,,,43,40.6,54.1,44.1,35.6,,45.9,28.9,61,52.6,40.7,,,46.8,34.5,64.9,39.4,,46.7,32.8,62.2,48.8,40.4,,47.7,41.5,58.7,42,,,,,,
2020-08-01,2020,"Q3","2020/21","Q1","August",48.8,40.2,52.4,44.4,38.5,55,49,42.5,31.2,44.6,,,,,43.5,37,60.9,41.8,34.6,,42.3,30.9,53.9,45.4,37.4,,,45.6,36,60.9,41.4,,52.5,39,61.6,55.5,39.3,,50.9,46.9,61.3,42.8,,,,,,
2020-09-01,2020,"Q3","2020/21","Q1","September",51,45.3,54.4,45.2,40.3,58.1,51.5,41.2,30.1,46.3,,,,,49.2,42.3,63.7,45.1,41.6,,45.4,33.2,58.4,46.1,44.8,,,46.2,38.8,63.1,37.2,,56.5,54.3,64.2,54.1,44.4,,51.4,46.7,64.6,44.8,,,,,,
2020-10-01,2020,"Q4","2020/21","Q2","October",51.2,42,55.6,44.7,42.4,58.2,50.7,42.4,27.7,47.8,,,,,47.4,34.8,63.6,47,43,,45.5,31.9,59.2,43.9,47,,,49,39,65.9,42.1,,52,44,58.2,54.5,46,,54.5,47.1,72.7,45.8,,,,,,
2020-11-01,2020,"Q4","2020/21","Q2","November",50.7,43.5,54.1,48.7,39.7,60.5,49,41.1,30,46.2,,,,,43.6,31.5,60.4,41.2,40.6,,49.3,35.8,61.6,52.6,47.4,,,49.5,42.1,63.8,43.9,,50.8,45.4,58.5,48.9,43.2,,52.9,48,65.6,45.3,,,,,,
2020-12-01,2020,"Q4","2020/21","Q2","December",50.1,44.6,52.2,49.7,41.6,59,50.3,43.7,30.2,47,,,,,46.5,38.4,62.8,46.7,38.3,,49.9,40.6,59.1,50.3,51.2,,,50.3,40,64.4,46.6,,50.7,46.2,54.9,50.7,41.6,,50.3,47.5,57.1,43.9,,,,,,
2021-01-01,2021,"Q1","2020/21","Q3","January",50.2,41.5,54.5,50.1,42.9,57.4,48.9,40.1,29.1,48.6,,,,,47.1,39.9,63.9,46.4,41.8,,48.4,36.1,56.6,51.1,50.8,,,48,39.6,62.7,42.8,,51.3,42.7,58.3,52.8,42.5,,51.5,44,64.3,47.3,,,,,,
2021-02-01,2021,"Q1","2020/21","Q3","February",52.7,44,56.8,54.8,43,58.9,51.1,42,30.8,48,,,,,49.2,45,62.8,43.1,50,,53.2,41.6,63.3,58,47.6,,,53,47.4,66.3,45.7,,51.5,39.2,62.4,50.6,44.2,,53.9,47.5,68.5,46.8,,,,,,
2021-03-01,2021,"Q1","2020/21","Q3","March",51.6,43.4,55,50.1,44.1,59.2,51.3,41.8,30.7,47.9,,,,,46,40,59.6,40.6,43.3,,52.7,39.7,62.9,53.3,49.4,,,51.2,41.7,65,46.2,,50,42.4,57.8,50.3,47.3,,53.2,46.7,67.8,46.8,,,,,,
2021-04-01,2021,"Q2","2020/21","Q4","April",54.7,48,57.2,52.8,44.9,61.9,51.2,44.6,32.6,49.4,,,,,48.3,37.6,62.7,49.1,44.7,,52.4,42.6,62.4,53.5,52.4,,,51.6,42.1,65.3,45.8,,56.9,50.5,62.1,52.2,43.1,,56,52.1,68.9,47.9,,,,,,
2021-05-01,2021,"Q2","2020/21","Q4","May",55.9,49.8,58.9,51.6,47.2,59.3,50.9,49.6,33.2,52.4,,,,,49.3,40.6,62.9,47.7,47.7,,53.5,47.1,60.3,53.3,56.3,,,52.7,44.3,63.5,48.8,,59.3,57.1,68.4,55,48.5,,56.5,49.5,67.8,50.6,,,,,,
2021-06-01,2021,"Q2","2020/21","Q4","June",46.3,42.3,48.7,38.5,40,59.4,45.6,35.1,32.1,43.5,,,,,42.6,30.7,52.5,39.2,40.2,,44.9,33.8,59,42.8,45.6,,,43.4,37,59.3,41.7,,45.5,44.7,53,38.1,31.6,,49.3,47.9,60.6,46.9,,,,,,
2021-07-01,2021,"Q3","2021/22","Q1","July",42.4,33.6,46.5,40,35.2,58.9,49.2,33,30.4,40,,,,,37.5,26.5,54.6,22.9,48,,44.1,26.5,62,46.2,41,,,47.2,33.1,64.4,42.2,,37.7,32,49.1,34.5,26.5,,43.6,38.3,54,40.7,,,,,,
2021-08-01,2021,"Q3","2021/22","Q1","August",48.6,37.9,53.1,47.1,40.2,56.3,47.1,35.1,29.2,44.1,,,,,44.8,30.9,56.5,49,44.3,,51.2,38.1,63.3,51,50.5,,,52.3,41.2,74.7,44.1,,43,38.4,53.1,36.2,35.2,,49.9,35.6,67.4,46.2,,,,,,
2021-09-01,2021,"Q3","2021/22","Q1","September",49.2,41.4,51.8,50.3,41.4,58.8,50,38.7,29.7,46.5,,,,,43.3,38.2,59.3,34.8,37.5,,53.8,41.9,62.2,61.5,50.9,,,51.6,45.6,61,47.2,,42,36.8,43.3,49.3,36.5,,52.4,42.7,64.6,43.3,,,,,,
2021-10-01,2021,"Q4","2021/22","Q2","October",50.8,43.2,53.8,51.6,46,61,58.7,39,30.4,48.1,,,,,44.3,36.4,53.7,41.7,44.6,,52.1,40.2,61.9,54.1,51.8,,,51.3,42.8,59.9,48.1,,47,41.9,57.2,42.8,44,,53.6,46.2,62.4,50.9,,,,,,
2021-11-01,2021,"Q4","2021/22","Q2","November",52.2,43.8,55.6,51.6,43.6,61.3,54.2,40.1,31,47.3,,,,,53.6,33.2,70.5,60.4,49.5,,51.8,40.1,61.5,53.4,52.8,,,52.4,44.6,65.5,49.1,,45.3,37.9,59.4,38.6,38,,56.4,50.4,67.8,49.6,,,,,,
2021-12-01,2021,"Q4","2021/22","Q2","December",51.5,41.3,55,50.6,41.5,61.3,49.7,38.5,27.2,47.1,,,,,46.8,34.2,60,51.2,42.7,,51.4,37.8,60.9,55.1,52.7,,,52.7,46.5,65.9,47.7,,45.8,37.6,58.6,41.4,39.9,,55.4,43.8,67.2,48.8,,,,,,
2022-01-01,2022,"Q1","2021/22","Q3","January",53.3,46.7,55.7,56.9,43.6,62.7,55.7,41.5,30.2,47.7,,,,,44.6,33.5,63,45,39.8,,53.2,44.7,62.3,55.7,49.6,,,55.8,46.3,70.3,52.5,,49.8,44,61.2,45,36.1,,56,51.2,65.8,48.2,,,,,,
2022-02-01,2022,"Q1","2021/22","Q3","February",53.2,45.3,56.1,53,46.2,60.7,53.1,39.6,32.7,50,,,,,49.2,36.1,62.6,55.7,45.4,,52.1,35.9,62.8,52,56.5,,,54.7,46,69.6,51.2,,47.9,41.4,55.7,45,39.9,,57.5,53.2,66.3,50.8,,,,,,
2022-03-01,2022,"Q1","2021/22","Q3","March",55.6,47.1,58.2,58.7,47.2,63.9,58,40.6,34.3,52.2,,,,,50.6,34.7,67,54.8,45.6,,59,44.9,67.6,61.4,56.8,,,54.1,46.9,66.2,51.3,,49.4,43.8,55.9,45.8,37.6,,59.4,52.4,68.1,55.8,,,,,,
2022-04-01,2022,"Q2","2021/22","Q4","April",54.2,42.8,57.8,54.6,44.7,62.9,58.5,39.3,31.5,51.3,,,,,55.9,46.2,67.2,60.4,50.6,,56.6,41.7,71,62,53.5,,,53.9,50.7,64.9,51.7,,46.6,30.1,59.4,46.3,34.9,,57.9,49.1,66,53.8,,,,,,
2022-05-01,2022,"Q2","2021/22","Q4","May",53.4,45.8,56.9,53,51.5,65.3,61.7,43.1,31.6,51.8,,,,,50.3,36.3,66.3,53.5,46.4,,53,41,64.2,53.7,55.4,,,51.8,45.2,64.1,52.5,,47.4,40.6,54.8,49.3,52.7,,57.9,53.3,67.8,51.8,,,,,,
2022-06-01,2022,"Q2","2021/22","Q4","June",56,49.9,58.4,52.5,50,65.7,61,45.3,33.4,53.2,,,,,61.1,47.8,69.9,66.3,52.4,,53.4,47.5,68,52.1,49,,,53.3,54.5,64.2,50.2,,50.7,38.7,59.5,55.1,47.6,,60.7,58,68.2,54.7,,,,,,
2022-07-01,2022,"Q3","2022/23","Q1","July",52.3,44.5,55.8,50.5,47.1,68.6,60.8,38.8,32.1,48.4,,,,,49.9,40.5,67.5,52.6,41,,52.1,40.9,63.2,57.8,45.9,,,53.2,46.3,65.5,53.1,,47.7,39.5,58.5,48.2,41.7,,55.4,49.5,67.5,49.3,,,,,,
2022-08-01,2022,"Q3","2022/23","Q1","August",51.4,45.2,53.7,50.6,47.4,67,57.9,40.5,32.6,43.9,,,,,46.1,37.5,61.6,50.4,36.3,,52.7,42.7,62.3,52.7,50.8,,,51.2,47.5,65.5,45.1,,43.7,38.9,60.3,31,43.8,,56.9,51.6,67,51.2,,,,,,
2022-09-01,2022,"Q3","2022/23","Q1","September",52.4,49.4,54.2,50.8,46.3,62.9,53.9,42.7,32.1,46.6,43,,,,48.8,38.4,57.9,51,44,,51.5,40.3,63.9,56.1,48.2,50.9,,52,43.9,64.5,46.3,54.1,49,53.8,56.1,41.8,36.2,,55.7,54.3,65.1,49.5,,,58.5,52.3,,
2022-10-01,2022,"Q4","2022/23","Q2","October",50.9,42.9,54.6,49.6,44.4,66.2,59,40.2,30.8,47.2,40.6,,,,52.4,41.8,65.4,55.1,47.9,,52,40.2,64.8,54.7,47.7,49.2,,51.3,46.7,62.9,48.3,55.2,43.7,32.6,57.5,42.1,39.4,,55.1,50.4,66.4,49.8,,,55.4,51.3,,
2022-11-01,2022,"Q4","2022/23","Q2","November",50.3,44.5,52.6,49.5,46.4,58.6,57.5,42.4,30.7,46.5,40.4,,,,52.7,44.9,67.1,52.4,45.5,,52.3,42.3,67.3,49.6,51.4,56.3,,52.7,44.4,67.9,47.2,54.3,44.6,40.9,51.9,40.7,41,,52,47,60.1,48.3,,,56.5,52.9,,
2022-12-01,2022,"Q4","2022/23","Q2","December",51.4,42.6,54.7,53.7,45.9,70,53.6,37.9,32.2,47.2,38.7,,,,49.8,40.3,67.2,48.5,45.1,,53.9,41.8,65.8,56.2,52.2,53.1,,52.9,47.2,63.4,48.5,55.2,42.2,29.1,57.8,39.8,35.1,,56.6,51.2,65,50.1,,,57.1,53.4,,
2023-01-01,2023,"Q1","2022/23","Q3","January",50.6,44.6,53.1,49.9,44.8,59.5,54.9,40.7,32.2,46.1,33.5,,,,53.7,44.3,70.3,50.9,53.2,,55,47.1,67.8,55.1,48.1,51.7,,51.6,45.8,65.5,50,54.8,40.2,33.6,50.3,37.7,36.4,,54.8,50.4,64.4,48.5,,,58.6,55.6,,
2023-02-01,2023,"Q1","2022/23","Q3","February",53,46.8,55.8,52.3,45.1,65.3,56.7,39.7,29.8,48.4,38.5,,,,52,42.3,71.3,49.7,45.8,,58.9,50.3,68.4,59.9,56.3,51.5,,51.2,44,65.9,51.2,54.4,47.9,41.5,59.3,42.8,37.3,,54.3,50.4,64.7,48.2,,,59.9,56.6,,
2023-03-01,2023,"Q1","2022/23","Q3","March",54.7,49.7,56.3,53.9,47.3,62.6,52.6,43.2,29.4,48.8,39.3,,,,57.8,52.7,72.2,58.1,47.1,,57.5,49.3,68.5,58.1,49.7,53.4,,55.4,48.6,65.9,55.2,56.4,49.9,47,55.3,41.5,41.2,,55.6,51.1,65.1,51.3,,,62,60.4,,
2023-04-01,2023,"Q2","2022/23","Q4","April",55.6,51.8,56.4,57.9,43.7,64.6,55.7,44.9,34.2,47.3,39,,,,52.7,42.7,70.6,54.4,44.3,,56.2,51.7,66.4,55.1,52.9,49.2,,56.4,52,69.3,50.9,54.6,50.9,49.6,59.7,40.9,38.8,,58.6,53.9,72.3,48.5,,,62.2,61.9,,
2023-05-01,2023,"Q2","2022/23","Q4","May",58.2,53.6,60.4,57.8,48.4,64,55.1,47.9,32.6,52.8,40.5,,,,57,54.7,67.9,57.5,47.4,,56.8,51.9,69.6,58.7,49.3,51.1,,55.3,49.7,70.1,49,51.8,56.3,53,64.4,55.1,40.7,,61.2,56.1,69.9,55.3,,,63.2,61.8,,
2023-06-01,2023,"Q2","2022/23","Q4","June",59,53.7,59.8,63.1,48.1,63,54.1,45.5,29.7,49.5,42.7,,,,60.8,56.9,72.2,58.5,52.8,,60.6,56.5,70.6,64.4,54.8,51.9,,56.1,48.1,68.4,48.9,53.9,55.5,59,64.6,43.7,39.9,,60.8,48.5,73.2,50.8,,,66.1,71.8,,
2023-07-01,2023,"Q3","2023/24","Q1","July",61.6,65.5,59.1,60.8,50.2,63.2,47,48.8,31.6,49.9,41.2,,,,62.2,58.5,75.8,62,52,,62.3,59.5,69.3,65.7,53.5,52.3,,56.4,55,68.1,45.9,54.9,54.8,62.3,60.1,41.2,37,,67.5,76.5,71.5,55,,,67.4,62.6,,
2023-08-01,2023,"Q3","2023/24","Q1","August",59,58.8,58.3,62.6,52.1,66.2,53.5,48,27.9,49.7,46.3,,,48.5,62,57,77.8,61.7,52.5,48.3,60.8,55.9,71.6,62.8,49.8,54.1,51,57.5,60.8,64.6,48.4,52.6,54.2,59.2,54.6,48.1,49.6,37.5,61.3,60,70.2,50.3,,,66.1,62.5,,
2023-09-01,2023,"Q3","2023/24","Q1","September",57.7,56.2,58.6,57.7,48.5,67.4,56.5,48.1,31.6,51.3,47.2,,,57.9,59.4,46.5,76.8,58.9,50.4,42.6,59.3,59.7,68.5,59.4,52.6,52.2,48,55.2,54.2,65.1,47.1,52,52,54,60.3,46.8,41,58.3,60.6,58.5,67.3,54.7,,,71.2,68.6,,
2023-10-01,2023,"Q4","2023/24","Q2","October",59,60.2,58.4,60,46.7,62.4,50.7,48.1,35.1,50.3,47,,,52.9,56.8,54.8,73.3,52,48.5,35.7,60.9,58.2,69.4,62.5,52.3,50.7,53.7,56.4,53.8,68.8,47,52.4,53.6,57.2,56.9,47,39.4,45.8,62.4,64.5,71.1,52.1,,,72.8,80.4,,
2023-11-01,2023,"Q4","2023/24","Q2","November",57.8,56.3,58.3,61.6,47.6,60.9,51.5,46.1,32.9,50.8,45,,,54.5,55.3,46.6,70.4,55,48.8,35.9,58.5,54.9,69.6,63.7,47.9,53.2,49,53.5,51.7,63.2,47.6,57,57,54.5,61.8,53.6,41.5,53.6,59,58.6,67.2,51.2,,,68.5,75,,
2023-12-01,2023,"Q4","2023/24","Q2","December",58.8,59.1,57.8,58.5,43.6,61.2,55.2,48.7,30.5,49.9,50,,,47.1,58.7,53.5,72.3,60.9,50.9,41.4,58.2,55.9,69.7,56.9,50,50.1,54.3,54.7,51.6,67.2,46.3,51.9,58,58.1,60.5,53.8,43.6,34.6,60.2,62.2,67.3,46.9,,,69.6,72,,
2024-01-01,2024,"Q1","2023/24","Q3","January",57.9,57.3,58,60.2,47,62,51.4,46.5,34,48.8,48.1,,,46.9,61,57.3,79.6,62.8,48.6,46.7,56.8,47.9,68.7,57.9,49.2,51.9,52.9,55.9,56,65.4,45.7,52.5,52.7,54.2,60.6,45.1,43.6,33.3,61.5,62.3,69.8,51.9,,,71.3,81.7,,
2024-02-01,2024,"Q1","2023/24","Q3","February",56.2,55.5,56.2,58.2,46.8,65.7,51.6,46.1,32.1,48.8,43.5,,,50.3,58.5,51.6,69.6,59,52.7,46.4,53.9,51.6,59.5,54,50.7,54.9,44.6,51.2,50.8,64.7,43.9,52.6,50.5,52.7,56.9,43.2,40.4,45.8,62.1,62.3,69.9,52.5,,,63.3,62.9,,
2024-03-01,2024,"Q1","2023/24","Q3","March",55.7,53.5,56.5,60.2,43.9,58.5,51.5,45.7,32.1,44.2,47.9,,,48.7,60.3,54.9,71.9,58.8,53.1,50,56.1,50.8,65.2,56.4,49,51.8,45.3,56.8,53.8,67.3,47.4,52.2,45.3,36.3,60.3,30.7,34.8,40.9,61.2,65.6,71.4,49.2,,,69.7,75.6,,
2024-04-01,2024,"Q2","2023/24","Q4","April",56,53,56.3,58.6,48.3,60.1,50.5,38.4,28.5,50.9,48.1,,,38,55,50,74.8,48.1,48.5,50,56.6,51.6,66.6,60.8,48.2,51.8,44.9,50.5,47.4,55.9,46.2,51.5,51.3,43.4,54.2,54.8,39.6,22.2,59.6,60.5,66.2,50.5,,,76.7,72.7,,
2024-05-01,2024,"Q2","2023/24","Q4","May",55.2,53.4,55.7,61.5,44.9,63.3,43.8,43.1,29.4,48.6,46.8,,,46.2,64.2,56.5,83.3,61.3,54.7,50,59.4,56.2,68,63.8,51.2,50.5,49,56.5,56.4,67,45.5,52.2,43.9,41.5,50.1,44,36.9,33.3,58.9,59.2,64.4,50.2,,,65.8,72.1,,
2024-06-01,2024,"Q2","2023/24","Q4","June",55.3,53.4,56.1,58.3,45.3,60.9,50.2,49.6,34.4,47.6,47.9,,,46.8,55.8,49.5,73.4,51.2,51.1,44.2,56.5,53.4,65,59.6,51.8,50.9,47.9,55.4,57.2,66.6,48.3,50.3,46.1,40.9,55.9,42.7,38.7,37.5,60.9,61.6,67.9,48,,,66,73.4,,
2024-07-01,2024,"Q3","2024/25","Q1","July",59.3,57.2,59.6,61.8,49.7,60.2,53.6,47.4,32.3,48.6,50.5,,,52.7,54.2,46.8,70.6,49.7,47.4,42.3,58.1,53.2,69.2,58.4,50.2,48.8,52.8,57.3,57.2,63.9,47.9,50.1,57.3,48.2,79.4,46.8,52.7,45.5,62.8,68.1,69.7,49.4,,,60.7,67.5,,
2024-08-01,2024,"Q3","2024/25","Q1","August",58.5,61.4,57.5,62,45,55.1,51.3,49.3,32.5,50.5,46.1,,,46.3,57.4,54,68.2,57,50,45.8,56.8,55.4,65.8,53.8,49.1,51.1,44.1,57.2,57.6,66.3,49.6,48.8,55.7,60.5,58.9,47.9,36.5,37.5,61.6,68.3,67,53.5,,,64.5,65.1,,
2024-09-01,2024,"Q3","2024/25","Q1","September",54.5,49.9,55.6,64.7,44.9,58.5,50,44.6,32.8,47.4,44.9,,,48.3,60.2,52.1,71.5,59.5,52.3,46.2,55.9,52.3,64.2,56.6,54.2,51.8,46.2,59.5,56.3,65.3,52.1,51.6,48.1,43.9,62.2,42.1,36,40.9,55.3,51.1,61.7,45.3,,,63.9,64.3,,
2024-10-01,2024,"Q4","2024/25","Q2","October",56.7,55.9,56.7,61.3,44.1,61.2,52.3,44.7,30.6,46.2,47.4,,,47.8,57.2,47.7,71.9,63.4,47.8,51.7,54.8,52,62.4,55.2,48.5,51.9,44.2,58.8,58.6,67.3,48.4,56.8,51,49.3,63.9,40.4,37.2,38.9,60.7,62.6,70.7,47.8,,,64.4,63.6,,
2024-11-01,2024,"Q4","2024/25","Q2","November",58.4,56.1,59.4,65.2,44.5,63.6,51.6,46,31.6,50,51.5,,,53.6,61.2,53.3,75.9,63,52.7,48.1,58.9,54.3,61.1,73,49.9,51.4,44.9,58,60.3,64,49.4,49.1,50.6,39.3,65.2,46.3,35.7,50,63.2,66.1,72.5,51.6,46.7,,66.5,74.9,50,
2024-12-01,2024,"Q4","2024/25","Q2","December",58.5,59,58.1,62.5,46.3,63.1,52.5,48.2,32.7,48.5,45.3,,,47.9,59.7,55,73.8,60.7,53.3,48.3,57.7,52.7,65.3,63,48.9,51.3,52.9,58.7,55,70.6,49.9,52.4,52,50.8,61.7,41.9,37.7,35,63,68.1,70.4,51.2,54.8,,65.2,65.5,61.5,
2025-01-01,2025,"Q1","2024/25","Q3","January",58.8,57.7,59,62.4,47.2,68.4,53.4,48.4,31.3,49.8,46,,,52.6,54.6,41.9,72.3,58.8,50.3,46.7,59,53.3,64.6,62.8,51.5,53.9,50,53,49.4,64.6,49.1,50.1,56.2,55.5,65.9,49.2,43,45.5,62.5,65.6,72.9,48.6,50,,67.8,66.6,70.8,
2025-02-01,2025,"Q1","2024/25","Q3","February",57.8,56.5,58,63.3,46.4,64.6,51.3,51,33.4,49.2,47.9,,,54.4,65.7,52.4,77.4,69.9,60.6,44.4,57.6,56.4,64.3,63.2,46.8,51.3,51,58.5,64,65.3,48.8,47.2,50.5,48.2,57.5,47.9,40.3,50,60.6,62.2,68.9,48.2,50,,72.1,69.6,66.7,
2025-03-01,2025,"Q1","2024/25","Q3","March",59.2,56.5,59.3,63.1,48.1,67.4,52.8,49.1,33.3,49.5,48.9,,,53.1,51.4,41.6,74.1,46.8,39.8,40,57.5,51.6,65,62.8,48.2,49.1,47.3,58.1,58,67,50.8,49.1,65.1,57.3,68.5,55.5,47.8,50,56.5,59.8,62.1,45.8,48.7,,69.2,65.1,66.7,
2025-04-01,2025,"Q2","2024/25","Q4","April",58.5,58.7,57.4,63.9,47.1,65,49.8,49,33.9,48.3,47.5,,,52.2,58,47.7,71.9,61.7,52.6,48.4,61.1,56.5,70.3,66,51.9,52.5,48.1,58.5,55.6,68.4,51.3,53.9,51.6,52,62,40.4,46,45.8,61.8,64.5,69.5,49.5,50,,67.6,65.9,53.1,
2025-05-01,2025,"Q2","2024/25","Q4","May",59.4,59.4,60.1,61.6,47.7,65.7,48.4,50.9,36.9,50.3,47.3,,,51.6,56.7,47.3,75.6,57.5,45,38.2,58.3,58,59.9,64.2,52.8,51.7,47.7,58.8,57.5,66.7,52.9,54.7,56.7,58,67.9,49.7,47.5,46.4,61.7,65.6,74,48.5,48.7,,73.7,64.2,71.4,
2025-06-01,2025,"Q2","2024/25","Q4","June",59.9,57.9,60.6,65.2,49.2,67.1,53.2,49,37.9,52.4,44.2,,,51.3,57.9,43.1,73.1,64.6,56.4,37.5,60.1,58.2,66,65.2,55.2,55.5,42.7,57,54.9,63.9,52.8,54.6,59,59.4,66.7,52.1,47.3,50,60.9,61.1,66.4,49.2,50,,69.9,67,63.3,
2025-07-01,2025,"Q3","2025/26","Q1","July",58.1,54.6,61.4,64.2,52.2,66.5,50.1,51.5,40.2,54.2,43.7,56.6,68.1,53.1,54.8,49.5,73.4,69.5,62.5,43.2,57.4,56.2,67.1,62.1,60.3,51,52.6,55.4,50,65.3,54.9,50.9,54.3,46.5,66,51.5,52.5,53.6,60.3,57.4,63.4,51.2,54.5,67.5,78,77.3,85.3,76.9
2025-08-01,2025,"Q3","2025/26","Q1","August",57.6,54,63.2,59.1,49.7,69.1,55.7,48.4,40,55.4,39.9,61,69.3,48,45.8,47.8,82.5,65.2,56.9,33.9,58.4,55.9,67.1,69.9,65.9,46.4,54.2,54.5,47.3,64.8,52.8,54.2,53.4,47.6,70,47.4,45.9,45.8,60.9,57.2,66.6,55.7,59.8,67.9,80.6,82,78.1,87.5
2025-09-01,2025,"Q3","2025/26","Q1","September",59,58.8,60.8,62.3,51.6,68.1,53.8,50.4,41.2,54.9,40.5,56,69.5,56.3,50.6,43.5,67.5,64.6,57.4,42.6,61.7,54,72.4,69.3,56.6,52.2,62.7,53.5,50.9,63.5,52.2,51.8,56.3,60.7,62,55,52.8,53.3,60.7,60,67.4,53.9,54.4,68.8,78.4,79.9,78.1,79.2
2025-10-01,2025,"Q4","2025/26","Q2","October",57.9,55.3,61.2,63.8,51.8,67.1,50.8,53.4,44.3,54.6,41.6,56.5,67.7,51.1,51.4,47,69.6,58.5,58.3,41.5,60.8,61,71.1,67.3,59.7,52.4,58.1,51.5,44.9,59.4,53.4,52.2,55.7,55.8,66.2,56.1,51.3,46.7,59.1,57,63.5,50.8,54.4,67.1,80.2,81.3,84.4,76.9
2025-11-01,2025,"Q4","2025/26","Q2","November",56,55.5,58.2,57.1,51.4,66.6,51.8,52.4,42.3,51.4,39.6,61.4,67.4,51.4,47.7,55.5,66.2,57.2,55.6,35.6,57.9,60.3,67.9,62.2,57.1,48.8,62,52.4,43,59.7,51.9,54.6,46.6,61.1,47.6,49,49.6,46.7,61.7,58.7,66.6,49,60.9,66.3,78.5,71.8,68.8,83.3
2025-12-01,2025,"Q4","2025/26","Q2","December",56.7,53.6,60.3,60.7,50,67.1,51.5,52.9,42.5,54.4,41.9,54.4,64.8,55.9,47.4,41.1,66.4,50.3,59.5,38.2,58,62.5,66.6,62.5,56.7,51.4,58.1,52.1,48.3,56,54,49.3,55.7,61.3,67.7,55.1,52,56.7,58,53.1,60.9,50.9,52.4,64.1,78.4,73.6,81.3,75
2026-01-01,2026,"Q1","2025/26","Q3","January",55.9,52.4,62.9,61.4,48.3,63.2,52.3,51.7,40.8,54.9,43.9,64.7,61.9,53.5,45.9,41.7,62.3,52.4,58.2,37.8,56.7,64.5,66.3,63.8,59.4,47.8,56.6,51.9,43.6,62,51.9,52.3,54.2,51.2,64,56.8,43.4,53.8,58.2,51.9,59.3,51.5,63.8,60.5,69.7,68.5,76.5,81.3
2026-02-01,2026,"Q1","2025/26","Q3","February",59.4,57.6,62.6,62.8,51.9,66.7,55.6,52.6,43.3,54.1,40.3,57.8,76.2,55,43.6,37.2,61.4,49.1,54.1,35,59.5,57.7,67.4,63.3,56.5,51.7,58.6,54.2,45.4,61.6,57.4,53.3,61.5,63.3,72.9,54.5,55.6,56.3,60.5,53.7,65.6,51.5,56.7,75.6,76.6,72.1,73.5,84.4
2026-03-01,2026,"Q1","2025/26","Q3","March",57.8,56,60.1,59.9,51.1,70.5,56.9,51.6,45.2,55.5,35.4,58.8,70.1,49.6,43,42.1,62.9,52.8,54.4,32.4,57.2,62.1,64.3,61,60.5,53,52.9,50.8,42.5,53.1,52.8,56.3,59.3,62.3,58.1,55.9,55.6,50,59.7,55.1,70.7,53.3,57.8,69.3,76.6,73.9,73.5,81.3
2026-04-01,2026,"Q2","2025/26","Q4","April",55.1,54.1,57.5,62.1,51.1,70.9,58.8,52.3,45.2,55.9,42,50.9,59.8,47.4,44.5,39.4,61.4,58.2,55.4,34.9,53.7,54.6,62.8,57.3,57.8,54.3,45.7,52.1,43.2,57.7,53.8,54.6,59.1,67.9,75.2,61.9,56.7,50,53.5,53.2,55.6,51.1,48.8,57.9,84.4,77.9,79.4,86.7
2026-05-01,2026,"Q2","2025/26","Q4","May",56.4,54.7,60.9,60.1,50.7,69.3,61.1,50,44.2,52.9,39.3,53.7,67.6,48.5,42.4,38.1,61.6,54.2,49.3,35.1,54.7,48.3,62.6,54.8,57.2,55.5,47.8,52.5,39.9,60.3,55,54.1,57.2,54.5,65.3,54.2,55.5,50,57.8,51.7,66.5,49.2,52.2,66.3,83.9,82.9,73.5,86.7
2026-06-01,2026,"Q2","2025/26","Q4","June",54.4,54.2,56.1,51.4,52.9,74.3,58.7,51.7,43.2,56.4,39.6,52.6,73.5,42.6,43,46.5,60.5,57.4,43.4,45,53.3,44.4,62.2,54.1,55.8,54,42.6,56,42,63.8,54.1,57,52.1,49.5,52.1,62.2,56.7,38.9,55.4,39.5,66.2,54.5,50,72.1,88.6,83.4,89.3,92.9
