"Date","Year","Quarter","FY","QFY","Month","EXPI_99","EXPI_05","IMPI_99","IMPI_05","TOT_99","TOT_05"
1995-07-01,1995,"Q3","1995/96","Q1","July",152.757790181863,,111.235202087146,,137.328639958946,
1995-08-01,1995,"Q3","1995/96","Q1","August",156.615205729397,,118.486468595935,,132.179824063699,
1995-09-01,1995,"Q3","1995/96","Q1","September",158.311886315929,,94.7677165169275,,167.052549258852,
1995-10-01,1995,"Q4","1995/96","Q2","October",144.661929351581,,112.932976038878,,128.095384028293,
1995-11-01,1995,"Q4","1995/96","Q2","November",143.773014079441,,105.715704239354,,135.999674895908,
1995-12-01,1995,"Q4","1995/96","Q2","December",133.878518730372,,102.365669787539,,130.784587262739,
1996-01-01,1996,"Q1","1995/96","Q3","January",122.645112182295,,114.295557113852,,107.305231523676,
1996-02-01,1996,"Q1","1995/96","Q3","February",120.861011079326,,120.885612574941,,99.9796489465606,
1996-03-01,1996,"Q1","1995/96","Q3","March",126.225407031059,,128.775748532083,,98.0195482999741,
1996-04-01,1996,"Q2","1995/96","Q4","April",117.546386602654,,112.789958242451,,104.217067223289,
1996-05-01,1996,"Q2","1995/96","Q4","May",117.52879289181,,117.261480060541,,100.227963037078,
1996-06-01,1996,"Q2","1995/96","Q4","June",115.876288208489,,111.769909733256,,103.673957047145,
1996-07-01,1996,"Q3","1996/97","Q1","July",108.888317194358,,121.54774164238,,111.626063083908,
1996-08-01,1996,"Q3","1996/97","Q1","August",110.307181563551,,109.050390202521,,98.8606441183472,
1996-09-01,1996,"Q3","1996/97","Q1","September",109.796142530914,,111.971072223731,,101.980879876727,
1996-10-01,1996,"Q4","1996/97","Q2","October",111.217760105259,,108.072410380204,,97.1718997738507,
1996-11-01,1996,"Q4","1996/97","Q2","November",110.085492574059,,108.005649354997,,98.1107018096297,
1996-12-01,1996,"Q4","1996/97","Q2","December",111.363823937711,,107.270172716859,,96.3240744829835,
1997-01-01,1997,"Q1","1996/97","Q3","January",105.857941620778,,120.651936198259,,87.738286642022,
1997-02-01,1997,"Q1","1996/97","Q3","February",115.035594594111,,111.635640176907,,103.04558151126,
1997-03-01,1997,"Q1","1996/97","Q3","March",125.648672058432,,108.395062112994,,115.917339414827,
1997-04-01,1997,"Q2","1996/97","Q4","April",133.079194885918,,105.691237761618,,125.913176630662,
1997-05-01,1997,"Q2","1996/97","Q4","May",145.410117936343,,108.087717327271,,134.529733379479,
1997-06-01,1997,"Q2","1996/97","Q4","June",142.714177272803,,105.703650850319,,135.013479785,
1997-07-01,1997,"Q3","1997/98","Q1","July",127.190443370796,,106.139746424614,,119.833000977756,
1997-08-01,1997,"Q3","1997/98","Q1","August",121.724029006162,,105.35530300781,,115.536689213583,
1997-09-01,1997,"Q3","1997/98","Q1","September",120.160963829317,,103.934543538096,,115.61215332155,
1997-10-01,1997,"Q4","1997/98","Q2","October",130.280027532296,,103.590592351754,,125.764342663391,
1997-11-01,1997,"Q4","1997/98","Q2","November",126.459474860533,,102.093479678413,,123.866357830951,
1997-12-01,1997,"Q4","1997/98","Q2","December",133.872077441995,,100.884434875653,,132.698446105191,
1998-01-01,1998,"Q1","1997/98","Q3","January",142.072486534806,,98.2198281094849,,144.64745995731,
1998-02-01,1998,"Q1","1997/98","Q3","February",140.25941146444,,98.482617330617,,142.420475070817,
1998-03-01,1998,"Q1","1997/98","Q3","March",136.64098753764,,95.9594340662395,,142.394532509767,
1998-04-01,1998,"Q2","1997/98","Q4","April",140.812418163742,,96.3068809521625,,146.212209108595,
1998-05-01,1998,"Q2","1997/98","Q4","May",127.929095023268,,95.4554721366736,,134.019655615027,
1998-06-01,1998,"Q2","1997/98","Q4","June",122.046647602902,,93.1369185130706,,131.040031763317,
1998-07-01,1998,"Q3","1998/99","Q1","July",109.660060373492,,96.6130042053188,,113.504451368106,
1998-08-01,1998,"Q3","1998/99","Q1","August",113.416902408835,,94.0264461386132,,120.622343039145,
1998-09-01,1998,"Q3","1998/99","Q1","September",112.947819522853,,93.949255556759,,120.222154878721,
1998-10-01,1998,"Q4","1998/99","Q2","October",118.360479456134,,92.3189681595292,,128.208191464624,
1998-11-01,1998,"Q4","1998/99","Q2","November",116.757297302169,,91.080451290295,,128.19139085075,
1998-12-01,1998,"Q4","1998/99","Q2","December",116.323634961119,,88.1949575538791,,131.893747882418,
1999-01-01,1999,"Q1","1998/99","Q3","January",122.726711372761,,89.4017180612367,,137.275562521849,
1999-02-01,1999,"Q1","1998/99","Q3","February",118.359070117826,,86.7852909953737,,136.381486724675,
1999-03-01,1999,"Q1","1998/99","Q3","March",115.91916929767,,87.5380609339541,,132.421449665339,
1999-04-01,1999,"Q2","1998/99","Q4","April",106.237251320759,,89.5673435763091,,118.611591098766,
1999-05-01,1999,"Q2","1998/99","Q4","May",101.568245169407,,90.1362774639993,,112.682981843768,
1999-06-01,1999,"Q2","1998/99","Q4","June",98.9782843414765,,88.4857932367259,,111.857825670026,
1999-07-01,1999,"Q3","1999/00","Q1","July",96.6654062985418,,90.4559421137917,,106.864628281621,
1999-08-01,1999,"Q3","1999/00","Q1","August",97.6945589906067,,94.0752799545053,,103.847215801911,
1999-09-01,1999,"Q3","1999/00","Q1","September",93.0222977287874,,97.5918408218189,,95.3176996616197,
1999-10-01,1999,"Q4","1999/00","Q2","October",92.7987298601782,,97.8101532132251,,94.8763771567539,
1999-11-01,1999,"Q4","1999/00","Q2","November",86.634895690996,,99.3264678214209,,87.2223663955885,
1999-12-01,1999,"Q4","1999/00","Q2","December",96.7584745901605,,100.264597457412,,96.5031297624862,
2000-01-01,2000,"Q1","1999/00","Q3","January",99.4602288375891,,101.889071627886,,97.6161891049834,
2000-02-01,2000,"Q1","1999/00","Q3","February",108.153422707556,,104.344192188086,,103.650639714191,
2000-03-01,2000,"Q1","1999/00","Q3","March",100.391090678152,,104.132116688689,,96.4074234448526,
2000-04-01,2000,"Q2","1999/00","Q4","April",90.5216689087095,,100.841207666712,,89.7665458429362,
2000-05-01,2000,"Q2","1999/00","Q4","May",84.4647158287082,,104.71954319213,,80.6580254783386,
2000-06-01,2000,"Q2","1999/00","Q4","June",79.5622328440384,,104.549587254324,,76.0999970765049,
2000-07-01,2000,"Q3","2000/01","Q1","July",85.6566051631748,,103.133500655383,,83.0541042618089,
2000-08-01,2000,"Q3","2000/01","Q1","August",79.9075591330484,,102.891062989242,,77.6622933144383,
2000-09-01,2000,"Q3","2000/01","Q1","September",80.0915287892998,,105.877037385672,,75.6457970178703,
2000-10-01,2000,"Q4","2000/01","Q2","October",78.0731909658324,,102.738911217241,,75.991841884276,
2000-11-01,2000,"Q4","2000/01","Q2","November",76.5683435426556,,103.165536516538,,74.2189166344143,
2000-12-01,2000,"Q4","2000/01","Q2","December",75.9186653025971,,99.0731590733927,,76.6288932468148,
2001-01-01,2001,"Q1","2000/01","Q3","January",77.275212206792,,100.371401807009,,76.9892726569408,
2001-02-01,2001,"Q1","2000/01","Q3","February",79.8210814072818,,101.235595570478,,78.8468531819045,
2001-03-01,2001,"Q1","2000/01","Q3","March",83.2612715047172,,98.9089251727985,,84.1797354073516,
2001-04-01,2001,"Q2","2000/01","Q4","April",80.0982690046132,,99.888134338168,,80.1879718099882,
2001-05-01,2001,"Q2","2000/01","Q4","May",79.2117130518764,,103.093449024283,,76.8348656501135,
2001-06-01,2001,"Q2","2000/01","Q4","June",73.5013104009026,,101.336668329586,,72.531800790853,
2001-07-01,2001,"Q3","2001/02","Q1","July",76.2047747144391,76.2047747144391,72.3864586642495,72.3864586642495,105.274903788152,105.274903788152
2001-08-01,2001,"Q3","2001/02","Q1","August",71.4735446780461,71.4735446780461,71.3088427319878,71.3088427319878,100.230969876593,100.230969876593
2001-09-01,2001,"Q3","2001/02","Q1","September",61.483000645065,61.483000645065,69.1766070457625,69.1766070457625,88.8783120056641,88.8783120056641
2001-10-01,2001,"Q4","2001/02","Q2","October",63.6868145586715,63.6868145586715,64.9486550504163,64.9486550504163,98.0571722528121,98.0571722528121
2001-11-01,2001,"Q4","2001/02","Q2","November",63.1534162541755,63.1534162541755,65.3139910887146,65.3139910887146,96.69201835851,96.69201835851
2001-12-01,2001,"Q4","2001/02","Q2","December",62.2350648575626,62.2350648575626,64.9587736280882,64.9587736280882,95.8070194087718,95.8070194087718
2002-01-01,2002,"Q1","2001/02","Q3","January",61.1864979559329,61.1864979559329,65.9846128374139,65.9846128374139,92.7284336830109,92.7284336830109
2002-02-01,2002,"Q1","2001/02","Q3","February",60.1315396942298,60.1315396942298,66.8991921805788,66.8991921805788,89.8838053708014,89.8838053708014
2002-03-01,2002,"Q1","2001/02","Q3","March",71.7811990950634,71.7811990950634,69.6143977813734,69.6143977813734,103.112576396186,103.112576396186
2002-04-01,2002,"Q2","2001/02","Q4","April",64.849689043834,64.849689043834,70.1309610208618,70.1309610208618,92.4694145065875,92.4694145065875
2002-05-01,2002,"Q2","2001/02","Q4","May",61.6626580859261,61.6626580859261,70.6494631865227,70.6494631865227,87.2797262777916,87.2797262777916
2002-06-01,2002,"Q2","2001/02","Q4","June",62.7752519435271,62.7752519435271,72.0089663724736,72.0089663724736,87.1769935133019,87.1769935133019
2002-07-01,2002,"Q3","2002/03","Q1","July",75.0049542614107,74.9902309698237,75.1575949071141,75.1575949071141,99.7969058936865,99.7773160017997
2002-08-01,2002,"Q3","2002/03","Q1","August",75.4936430572652,75.4788238372465,75.3699879860477,75.3699879860477,100.164064071816,100.144402107665
2002-09-01,2002,"Q3","2002/03","Q1","September",75.2631370092992,75.2483630370617,77.5295357210412,77.5295357210412,97.0767286419762,97.0576727143221
2002-10-01,2002,"Q4","2002/03","Q2","October",74.0028726851757,73.9883460997848,77.5081362066915,77.5081362066915,95.4775541084251,95.4588120948743
2002-11-01,2002,"Q4","2002/03","Q2","November",84.6424374081259,84.6258223018457,76.1468246842712,76.1468246842712,111.156883769061,111.135063940921
2002-12-01,2002,"Q4","2002/03","Q2","December",81.9807207747392,81.9646281570133,76.7922273322709,76.7922273322709,106.756534642521,106.735578592299
2003-01-01,2003,"Q1","2002/03","Q3","January",92.8470326765941,92.8288070280547,78.3449462534397,78.3449462534397,118.510557625812,118.487294289233
2003-02-01,2003,"Q1","2002/03","Q3","February",92.1359814752342,92.1178954043303,78.9413823143408,78.9413823143408,116.714426292097,116.691515531767
2003-03-01,2003,"Q1","2002/03","Q3","March",86.8996093864998,86.8825512028053,77.0680046039482,77.0680046039482,112.757051169388,112.734917232247
2003-04-01,2003,"Q2","2002/03","Q4","April",83.5911748493133,83.5747661033375,75.3197798964551,75.3197798964551,110.981703563432,110.959918122744
2003-05-01,2003,"Q2","2002/03","Q4","May",86.0647618612795,86.0478675561403,75.7755306532665,75.7755306532665,113.57856701142,113.556271812702
2003-06-01,2003,"Q2","2002/03","Q4","June",83.8683246229306,83.8518614731227,75.5103463088507,75.5103463088507,111.068653135153,111.046850626474
2003-07-01,2003,"Q3","2003/04","Q1","July",82.4405303542954,82.4243474770582,75.1990655804417,75.1990655804417,109.629727069025,109.608207018061
2003-08-01,2003,"Q3","2003/04","Q1","August",84.611736361386,84.5951272816472,76.5945522042218,76.5945522042218,110.467042271868,110.44535785795
2003-09-01,2003,"Q3","2003/04","Q1","September",85.9591673776857,85.9422938004889,77.8312646828796,77.8312646828796,110.44297908806,110.421299397687
2003-10-01,2003,"Q4","2003/04","Q2","October",80.8733352137529,80.8574599731413,81.3994751448043,81.3994751448043,99.3536322806561,99.3341294023103
2003-11-01,2003,"Q4","2003/04","Q2","November",82.6775636295746,82.6613342232773,82.5866937132737,82.5866937132737,100.110029730233,100.090378372892
2003-12-01,2003,"Q4","2003/04","Q2","December",82.6764555851675,82.6602263963767,83.9031503541947,83.9031503541947,98.5379633972637,98.5186206327521
2004-01-01,2004,"Q1","2003/04","Q3","January",89.9090200095723,89.891371085832,87.5249664319072,87.5249664319072,102.723855460739,102.703691015712
2004-02-01,2004,"Q1","2003/04","Q3","February",85.8057287027691,85.7888852452139,89.8804604234369,89.8804604234369,95.4664988347063,95.447758991279
2004-03-01,2004,"Q1","2003/04","Q3","March",94.7942987655203,94.775690873345,92.6887214797475,92.6887214797475,102.271665044202,102.251589363064
2004-04-01,2004,"Q2","2003/04","Q4","April",97.0211241400873,97.0020791274627,92.5800552533163,92.5800552533163,104.797003927703,104.776432528634
2004-05-01,2004,"Q2","2003/04","Q4","May",91.8883159250495,91.8702784702957,93.3588209973906,93.3588209973906,98.4248889857101,98.4055684174326
2004-06-01,2004,"Q2","2003/04","Q4","June",89.0362444415274,89.0187668415257,91.9896865799127,91.9896865799127,96.7893768875714,96.7703773663735
2004-07-01,2004,"Q3","2004/05","Q1","July",73.0004803373081,72.9861505191171,92.253842914196,92.253842914196,79.130015651711,79.114482620524
2004-08-01,2004,"Q3","2004/05","Q1","August",88.7382592780714,88.7208401718385,91.5807197504514,91.5807197504514,96.8962239212299,96.8772034262171
2004-09-01,2004,"Q3","2004/05","Q1","September",86.2765245529955,86.2595886793507,91.0591017959084,91.0591017959084,94.7478317393992,94.7292329685891
2004-10-01,2004,"Q4","2004/05","Q2","October",86.0659835767512,86.0490890317922,92.202967376541,92.202967376541,93.3440495741016,93.3257263623442
2004-11-01,2004,"Q4","2004/05","Q2","November",87.6443404809281,87.6271361083162,90.8907492481682,90.8907492481682,96.4282297218432,96.4093010929627
2004-12-01,2004,"Q4","2004/05","Q2","December",88.0386168101294,88.0213350420252,90.3116143140412,90.3116143140412,97.4831614724459,97.4640257630076
2005-01-01,2005,"Q1","2004/05","Q3","January",95.8595005138218,91.3496830853923,93.8003676409185,93.8003676409185,102.195229000366,97.3873401382522
2005-02-01,2005,"Q1","2004/05","Q3","February",95.8264065228513,93.064483969806,96.3748361039456,96.3748361039456,99.4309411011576,96.5651281309893
2005-03-01,2005,"Q1","2004/05","Q3","March",102.501329592457,99.3941893936669,101.793703518742,101.793703518742,100.695157017825,97.642767634804
2005-04-01,2005,"Q2","2004/05","Q4","April",104.024881450293,100.006386849179,99.2336189131118,99.2336189131118,104.828265450418,100.778736021654
2005-05-01,2005,"Q2","2004/05","Q4","May",103.608516961937,101.96588338526,97.9245846511075,97.9245846511075,105.804397671004,104.126950089757
2005-06-01,2005,"Q2","2004/05","Q4","June",103.454170156962,102.924616710998,96.3667261816721,96.3667261816721,107.354658870458,106.805139895448
2005-07-01,2005,"Q3","2005/06","Q1","July",103.552582038331,101.156553061917,100.5594269788,100.5594269788,102.976503694836,100.593804182319
2005-08-01,2005,"Q3","2005/06","Q1","August",105.356025064382,101.300840351871,102.861755657289,102.861755657289,102.424875398202,98.4825115073691
2005-09-01,2005,"Q3","2005/06","Q1","September",108.571437877637,99.0280638592249,102.50076752633,102.50076752633,105.922560872286,96.6120217917265
2005-10-01,2005,"Q4","2005/06","Q2","October",99.4754045112783,101.713289576001,102.094110163566,102.094110163566,97.4350081037072,99.6269906393671
2005-11-01,2005,"Q4","2005/06","Q2","November",104.787554005848,102.965572904764,101.531849204025,101.531849204025,103.20658475872,101.412092571916
2005-12-01,2005,"Q4","2005/06","Q2","December",99.0200650881435,104.513595417528,104.958253460492,104.958253460492,94.3423330928578,99.5763477113011
2006-01-01,2006,"Q1","2005/06","Q3","January",104.935715200732,104.915116572975,109.856136453095,109.856136453095,95.5210319503058,95.5022814021594
2006-02-01,2006,"Q1","2005/06","Q3","February",115.360862541694,115.338217482662,111.907698560278,111.907698560278,103.085725134055,103.065489654885
2006-03-01,2006,"Q1","2005/06","Q3","March",120.26580659211,120.242198704393,113.177958646304,113.177958646304,106.262569170342,106.241710084351
2006-04-01,2006,"Q2","2005/06","Q4","April",121.911264060796,121.887333173747,120.760084985553,120.760084985553,100.953277794878,100.933460909977
2006-05-01,2006,"Q2","2005/06","Q4","May",121.219681428091,121.195886297045,129.384499131897,129.384499131897,93.6894931320307,93.6711021105362
2006-06-01,2006,"Q2","2005/06","Q4","June",113.666370061689,113.644057627444,126.015311509774,126.015311509774,90.2004436602716,90.1827375307717
2006-07-01,2006,"Q3","2006/07","Q1","July",107.776702530806,107.755546224089,129.084812704834,129.084812704834,83.4929379161342,83.4765484538314
2006-08-01,2006,"Q3","2006/07","Q1","August",117.087877730638,117.064893662691,129.013191782868,129.013191782868,90.7565157582483,90.738700473137
2006-09-01,2006,"Q3","2006/07","Q1","September",120.8946233925,120.870892069563,124.424419270571,124.424419270571,97.1631003795204,97.1440274973025
2006-10-01,2006,"Q4","2006/07","Q2","October",116.329853538475,116.307018268848,126.120387315339,126.120387315339,92.2371521486179,92.2190462181549
2006-11-01,2006,"Q4","2006/07","Q2","November",124.685427667287,124.660952218614,127.882141743317,127.882141743317,97.5002654534465,97.481126386538
2006-12-01,2006,"Q4","2006/07","Q2","December",126.175377540099,126.150609617861,130.651942286912,130.651942286912,96.5736714904835,96.5547143117347
2007-01-01,2007,"Q1","2006/07","Q3","January",124.493071781319,124.468634091643,127.631488493471,127.631488493471,97.541032585926,97.5218855165277
2007-02-01,2007,"Q1","2006/07","Q3","February",126.274312463219,126.249525120295,131.352145154387,131.352145154387,96.134183659354,96.1153127510063
2007-03-01,2007,"Q1","2006/07","Q3","March",127.750090253689,127.725013219144,134.431484236855,134.431484236855,95.029889001751,95.0112348637806
2007-04-01,2007,"Q2","2006/07","Q4","April",130.786281669156,130.76060863756,140.5083163943,140.5083163943,93.0808118874175,93.0625403485829
2007-05-01,2007,"Q2","2006/07","Q4","May",129.698654174187,129.673194641245,141.917719936682,141.917719936682,91.3900351781677,91.3720955347224
2007-06-01,2007,"Q2","2006/07","Q4","June",127.872866340409,127.847765205215,142.431815341407,142.431815341407,89.7783027155132,89.7606794512625
2007-07-01,2007,"Q3","2007/08","Q1","July",132.249744214152,132.223783908389,143.623432642692,143.623432642692,92.0808963974315,92.0628211395955
2007-08-01,2007,"Q3","2007/08","Q1","August",135.628851592715,135.602227976325,137.700189089674,137.700189089674,98.4957627795194,98.4764282988872
2007-09-01,2007,"Q3","2007/08","Q1","September",133.192265445525,133.166120125118,141.955940153523,141.955940153523,93.826482570211,93.8080646580202
2007-10-01,2007,"Q4","2007/08","Q2","October",137.782801507423,137.75575507586,145.065729829869,145.065729829869,94.9795666206017,94.9609223607933
2007-11-01,2007,"Q4","2007/08","Q2","November",133.047459069856,133.021342174591,147.062051247365,147.062051247365,90.4702864820397,90.4525273830448
2007-12-01,2007,"Q4","2007/08","Q2","December",140.963732696794,140.936061856113,146.96903081105,146.96903081105,95.9139023499611,95.895074682303
2008-01-01,2008,"Q1","2007/08","Q3","January",140.379681049035,140.352124856283,154.555322127992,154.555322127992,90.828111977135,90.8102826378586
2008-02-01,2008,"Q1","2007/08","Q3","February",150.488656535545,150.459115975291,164.391952057689,164.391952057689,91.5425935709644,91.5246239806747
2008-03-01,2008,"Q1","2007/08","Q3","March",152.397158513476,152.367243318887,171.779332782445,171.779332782445,88.7168182836543,88.6994033862369
2008-04-01,2008,"Q2","2007/08","Q4","April",165.858010842461,165.825453315032,172.679099869749,172.679099869749,96.0498467779637,96.0309924247423
2008-05-01,2008,"Q2","2007/08","Q4","May",162.580790807313,162.548876590272,174.79723698078,174.79723698078,93.01107592747,92.9928180776361
2008-06-01,2008,"Q2","2007/08","Q4","June",159.921892744786,159.89050046302,179.1315908753,179.1315908753,89.276208603603,89.2586838992152
2008-07-01,2008,"Q3","2008/09","Q1","July",161.253519294,161.221865617155,179.688925778936,179.688925778936,89.7403769291733,89.7227611096629
2008-08-01,2008,"Q3","2008/09","Q1","August",166.268341867746,166.235703793327,165.443076949555,165.443076949555,100.498821064869,100.479093388727
2008-09-01,2008,"Q3","2008/09","Q1","September",160.964014679753,161.016100788088,154.146488143837,154.146488143837,104.422758259374,104.456548265855
2008-10-01,2008,"Q4","2008/09","Q2","October",160.752090282735,160.720535035195,127.780791351613,127.780791351613,125.803016699431,125.778321870728
2008-11-01,2008,"Q4","2008/09","Q2","November",148.149126807352,148.12004549114,114.601460092711,114.601460092711,129.273332719758,129.247956676391
2008-12-01,2008,"Q4","2008/09","Q2","December",133.459742235343,133.433544409887,104.859559208084,104.859559208084,127.274750383515,127.24976665704
2009-01-01,2009,"Q1","2008/09","Q3","January",125.462697332721,125.438069307889,108.101497114058,111.315922125756,116.06009230413,112.686547362181
2009-02-01,2009,"Q1","2008/09","Q3","February",137.736941966115,137.70990453667,105.269527244165,108.830495238751,130.842177762083,126.536136984917
2009-03-01,2009,"Q1","2008/09","Q3","March",143.806562422622,143.778333541323,105.984908795496,108.243083621331,135.685885902969,132.829118250461
2009-04-01,2009,"Q2","2008/09","Q4","April",133.115609661762,133.0894793887,111.839882960314,113.663793396566,119.023380692375,117.090478341119
2009-05-01,2009,"Q2","2008/09","Q4","May",131.689637552384,131.663787194207,119.58373959429,121.668208664291,110.123364597198,108.215439875092
2009-06-01,2009,"Q2","2008/09","Q4","June",138.381203592782,138.354039696334,125.427512694236,128.555084828018,110.327631171419,107.622378283539
2009-07-01,2009,"Q3","2009/10","Q1","July",134.013437773789,133.987131259234,124.086873188738,128.604091369187,107.99968951587,104.185745439928
2009-08-01,2009,"Q3","2009/10","Q1","August",134.63459531398,134.608166867699,130.562966966078,136.555815542332,103.118517020956,98.5737343613688
2009-09-01,2009,"Q3","2009/10","Q1","September",150.644523004249,150.698634803906,127.551137099976,131.633222362063,118.105197985159,114.483739058976
2009-10-01,2009,"Q4","2009/10","Q2","October",150.54170360139,150.512152628125,130.38596385495,135.162872140371,115.458519575667,111.356136670293
2009-11-01,2009,"Q4","2009/10","Q2","November",147.003047184374,146.974190840828,135.41887859831,141.586301459177,108.554323227285,103.805374761628
2009-12-01,2009,"Q4","2009/10","Q2","December",155.382929767458,155.352428473175,138.567368009401,145.430482422381,112.1352970758,106.822466573395
2010-01-01,2010,"Q1","2009/10","Q3","January",156.511398734228,156.48067592421,140.986568042982,149.325312851768,111.01156720583,104.791795132245
2010-02-01,2010,"Q1","2009/10","Q3","February",156.1118304013,156.081186025581,138.131916295796,146.731219738332,113.016480613359,106.372172400613
2010-03-01,2010,"Q1","2009/10","Q3","March",154.565764225736,154.535423339078,142.137041652226,152.733961286847,108.744182676828,101.179477070491
2010-04-01,2010,"Q2","2009/10","Q4","April",154.155230097938,154.124969798139,151.364860450152,162.296843161619,101.843472546724,94.9648599416429
2010-05-01,2010,"Q2","2009/10","Q4","May",155.763538075746,155.73296206897,142.954547991495,153.290908992366,108.960183683707,101.593084086106
2010-06-01,2010,"Q2","2009/10","Q4","June",148.298437641109,148.269327015541,120.79762991253,147.817494804527,122.766015979364,100.305668968082
2010-07-01,2010,"Q3","2010/11","Q1","July",151.545530586008,143.146306977567,120.79762991253,149.704429777831,125.454059567015,95.6192860759055
2010-08-01,2010,"Q3","2010/11","Q1","August",140.380492097076,157.771051740673,120.79762991253,158.176483504218,116.211296694087,99.7436839190237
2010-09-01,2010,"Q3","2010/11","Q1","September",169.194300420801,166.46487244212,120.79762991253,161.923132715744,140.064255021655,102.804873923943
2010-10-01,2010,"Q4","2010/11","Q2","October",,157.942288256804,,170.833135385126,,92.4541295227878
2010-11-01,2010,"Q4","2010/11","Q2","November",,162.275130399325,,175.421547335353,,92.505814060062
2010-12-01,2010,"Q4","2010/11","Q2","December",,186.824668552651,,185.621621764949,,100.648117808832
2011-01-01,2011,"Q1","2010/11","Q3","January",,202.850118294544,,194.547270224446,,104.267779270569
2011-02-01,2011,"Q1","2010/11","Q3","February",,197.835194248089,,202.869501620716,,97.5184503671529
2011-03-01,2011,"Q1","2010/11","Q3","March",,196.776583987703,,202.417882832264,,97.2130432520944
2011-04-01,2011,"Q2","2010/11","Q4","April",,212.593687381146,,208.65115353093,,101.889533694637
2011-05-01,2011,"Q2","2010/11","Q4","May",,225.354260340872,,200.424787420731,,112.438318254423
2011-06-01,2011,"Q2","2010/11","Q4","June",,210.464544785143,,196.951224915355,,106.861252005716
2011-07-01,2011,"Q3","2011/12","Q1","July",,204.049331739932,,198.486641558327,,102.802551415013
2011-08-01,2011,"Q3","2011/12","Q1","August",,198.10992093219,,193.784017089723,,102.23233262858
2011-09-01,2011,"Q3","2011/12","Q1","September",,192.524628535701,,188.596264838766,,102.082948832679
2011-10-01,2011,"Q4","2011/12","Q2","October",,206.646217033577,,176.435063165466,,117.123100888273
2011-11-01,2011,"Q4","2011/12","Q2","November",,197.081891245367,,172.870065494329,,114.005794283587
2011-12-01,2011,"Q4","2011/12","Q2","December",,224.811009310163,,169.805742376183,,132.393054654255
2012-01-01,2012,"Q1","2011/12","Q3","January",,189.820914115285,,174.117791979994,,109.01867750373
2012-02-01,2012,"Q1","2011/12","Q3","February",,192.61133354713,,180.525035022666,,106.695081667175
2012-03-01,2012,"Q1","2011/12","Q3","March",,197.083043958689,,183.380163397694,,107.472389765123
2012-04-01,2012,"Q2","2011/12","Q4","April",,202.367173855927,,182.04773890639,,111.161596991867
2012-05-01,2012,"Q2","2011/12","Q4","May",,195.314505315928,,174.522877390228,,111.913411145067
2012-06-01,2012,"Q2","2011/12","Q4","June",,187.60620435818,,167.70867056711,,111.864344117562
2012-07-01,2012,"Q3","2012/13","Q1","July",,174.469877565265,,175.305725159531,,99.5232057632429
2012-08-01,2012,"Q3","2012/13","Q1","August",,175.620217364724,,174.95866089191,,100.378121591375
2012-09-01,2012,"Q3","2012/13","Q1","September",,165.782053889183,,176.159973972429,,94.1088092548929
2012-10-01,2012,"Q4","2012/13","Q2","October",,163.389094034817,,175.030137343437,,93.349120622708
2012-11-01,2012,"Q4","2012/13","Q2","November",,171.578601742459,,173.169303477795,,99.0814181824433
2012-12-01,2012,"Q4","2012/13","Q2","December",,176.996613178307,,176.625841300245,,100.209919384011
2013-01-01,2013,"Q1","2012/13","Q3","January",,176.340443984344,,180.477653456364,,97.7076333868558
2013-02-01,2013,"Q1","2012/13","Q3","February",,171.87154089032,,182.678301986904,,94.0842667251427
2013-03-01,2013,"Q1","2012/13","Q3","March",,175.326001789026,,176.377969818197,,99.4035717554431
2013-04-01,2013,"Q2","2012/13","Q4","April",,184.292689024668,,172.722896665729,,106.698470545761
2013-05-01,2013,"Q2","2012/13","Q4","May",,217.889222959329,,173.107382435233,,125.869399614341
2013-06-01,2013,"Q2","2012/13","Q4","June",,169.175091917724,,171.997958419571,,98.3587790647136
2013-07-01,2013,"Q3","2013/14","Q1","July",,174.086297513445,,173.083693260999,,100.579259798284
2013-08-01,2013,"Q3","2013/14","Q1","August",,172.534369504117,,172.202144248576,,100.192927478918
2013-09-01,2013,"Q3","2013/14","Q1","September",,171.691919487253,,168.944004468053,,101.626524142038
2013-10-01,2013,"Q4","2013/14","Q2","October",,173.581823934281,,169.701736413934,,102.286415921451
2013-11-01,2013,"Q4","2013/14","Q2","November",,168.355696201056,,168.950826693791,,99.6477492863568
2013-12-01,2013,"Q4","2013/14","Q2","December",,158.430981797526,,172.132606775889,,92.0400758258416
2014-01-01,2014,"Q1","2013/14","Q3","January",,172.504657835637,,170.159724899926,,101.378077531032
2014-02-01,2014,"Q1","2013/14","Q3","February",,189.77739011916,,172.036648559726,,110.312187378653
2014-03-01,2014,"Q1","2013/14","Q3","March",,189.850278558257,,174.13756543869,,109.023161131249
2014-04-01,2014,"Q2","2013/14","Q4","April",,194.935159103705,,175.866797219034,,110.842502499731
2014-05-01,2014,"Q2","2013/14","Q4","May",,185.777463571017,,173.41912313472,,107.126284698543
2014-06-01,2014,"Q2","2013/14","Q4","June",,182.73140334215,,170.587977370178,,107.118570815585
2014-07-01,2014,"Q3","2014/15","Q1","July",,178.070493755792,,169.406170357485,,105.114526454392
2014-08-01,2014,"Q3","2014/15","Q1","August",,186.10036608023,,165.734544410937,,112.288217728946
2014-09-01,2014,"Q3","2014/15","Q1","September",,194.39092905411,,159.323846922277,,122.009939383989
2014-10-01,2014,"Q4","2014/15","Q2","October",,187.480628576989,,154.8838112142,,121.045980924183
2014-11-01,2014,"Q4","2014/15","Q2","November",,191.623094624166,,153.005602938823,,125.239266369078
2014-12-01,2014,"Q4","2014/15","Q2","December",,188.388811686968,,146.144894384731,,128.905503322633
2015-01-01,2015,"Q1","2014/15","Q3","January",,198.513520028195,,138.494571122471,,143.336679856317
2015-02-01,2015,"Q1","2014/15","Q3","February",,186.728590230738,,138.082385126131,,135.229841272057
2015-03-01,2015,"Q1","2014/15","Q3","March",,176.337325302217,,134.696994641556,,130.914075530393
2015-04-01,2015,"Q2","2014/15","Q4","April",,175.856799315881,,134.390537741641,,130.855045504733
2015-05-01,2015,"Q2","2014/15","Q4","May",,164.012654353434,,136.922180216719,,119.78530731386
2015-06-01,2015,"Q2","2014/15","Q4","June",,167.261364750576,,135.003614692682,,123.893989898955
2015-07-01,2015,"Q3","2015/16","Q1","July",,164.124500684681,,130.061363901219,,126.19005042061
2015-08-01,2015,"Q3","2015/16","Q1","August",,154.379520052125,,123.694789650742,,124.806809153419
2015-09-01,2015,"Q3","2015/16","Q1","September",,152.286949517487,,122.210992635199,,124.609862201238
2015-10-01,2015,"Q4","2015/16","Q2","October",,154.075973290899,,121.578181982215,,126.729953334422
2015-11-01,2015,"Q4","2015/16","Q2","November",,156.803025189565,,116.556864036934,,134.529207254476
2015-12-01,2015,"Q4","2015/16","Q2","December",,159.607186951094,,114.836245354742,,138.986768905627
2016-01-01,2016,"Q1","2015/16","Q3","January",,161.127571035383,,113.154358490438,,142.396256922793
2016-02-01,2016,"Q1","2015/16","Q3","February",,160.105221009562,,113.09731535758,,141.564121573847
2016-03-01,2016,"Q1","2015/16","Q3","March",,156.485308112102,,120.420770001898,,129.948768895628
2016-04-01,2016,"Q2","2015/16","Q4","April",,162.521623820669,,123.587747762229,,131.503022559603
2016-05-01,2016,"Q2","2015/16","Q4","May",,154.339859994974,,126.083816017305,,122.410524102309
2016-06-01,2016,"Q2","2015/16","Q4","June",,153.691271930125,,129.349128540102,,118.818946571005
2016-07-01,2016,"Q3","2016/17","Q1","July",,157.503908111216,,129.052343429857,,122.046530830199
2016-08-01,2016,"Q3","2016/17","Q1","August",,155.411550465637,,126.502517036348,,122.852536144385
2016-09-01,2016,"Q3","2016/17","Q1","September",,163.537746892337,,124.918276070394,,130.915789135755
2016-10-01,2016,"Q4","2016/17","Q2","October",,164.870543751217,,126.789243149227,,130.035119428207
2016-11-01,2016,"Q4","2016/17","Q2","November",,177.911016068069,,129.986365767737,,136.868982386941
2016-12-01,2016,"Q4","2016/17","Q2","December",,172.196164000982,,133.309176231837,,129.170525892019
2017-01-01,2017,"Q1","2016/17","Q3","January",,177.501903196934,,137.468865416531,,129.121530652852
2017-02-01,2017,"Q1","2016/17","Q3","February",,179.851007259062,,139.579023512238,,128.85246130361
2017-03-01,2017,"Q1","2016/17","Q3","March",,179.690779137809,,136.982466847883,,131.177940704889
2017-04-01,2017,"Q2","2016/17","Q4","April",,177.897567716207,,133.343283220743,,133.413219938275
2017-05-01,2017,"Q2","2016/17","Q4","May",,173.609916798102,,132.796360482233,,130.73394193008
2017-06-01,2017,"Q2","2016/17","Q4","June",,179.5935220658,,131.788125334702,,136.274434141685
2017-07-01,2017,"Q3","2017/18","Q1","July",,179.97504905974,,132.466686732463,,135.864384849624
2017-08-01,2017,"Q3","2017/18","Q1","August",,180.136954625996,,133.12257960205,,135.316604564371
2017-09-01,2017,"Q3","2017/18","Q1","September",,181.737368178863,,134.062965811766,,135.561202214514
2017-10-01,2017,"Q4","2017/18","Q2","October",,188.259097436435,,134.685413209194,,139.77690155951
2017-11-01,2017,"Q4","2017/18","Q2","November",,178.188675934197,,135.912340272052,,131.105590248481
2017-12-01,2017,"Q4","2017/18","Q2","December",,177.736178478927,,136.309446127828,,130.391681228203
2018-01-01,2018,"Q1","2017/18","Q3","January",,184.261462418064,,137.493761000249,,134.014417147066
2018-02-01,2018,"Q1","2017/18","Q3","February",,178.131374195611,,140.06100775676,,127.18127410947
2018-03-01,2018,"Q1","2017/18","Q3","March",,180.047125402612,,137.954738294946,,130.511737130531
2018-04-01,2018,"Q2","2017/18","Q4","April",,185.055272020154,,143.324792689719,,129.116022808961
2018-05-01,2018,"Q2","2017/18","Q4","May",,175.009728093564,,144.31443925742,,121.269728097956
2018-06-01,2018,"Q2","2017/18","Q4","June",,179.670958726517,,141.701769836245,,126.795140903428
2018-07-01,2018,"Q3","2018/19","Q1","July",,177.037876267473,,136.208095415648,,129.976030960003
2018-08-01,2018,"Q3","2018/19","Q1","August",,167.60226991118,,133.831364389367,,125.233924555653
2018-09-01,2018,"Q3","2018/19","Q1","September",,162.915914986982,,133.14639243191,,122.35848978807
2018-10-01,2018,"Q4","2018/19","Q2","October",,165.0883403575,,135.058726224038,,122.234486414191
2018-11-01,2018,"Q4","2018/19","Q2","November",,171.538209592733,,129.75670568993,,132.199880291848
2018-12-01,2018,"Q4","2018/19","Q2","December",,171.233653227397,,127.131391630561,,134.690300350834
2019-01-01,2019,"Q1","2018/19","Q3","January",,164.178123926065,,128.444634687088,,127.820149378781
2019-02-01,2019,"Q1","2018/19","Q3","February",,164.165865774476,,131.715475161294,,124.636733514755
2019-03-01,2019,"Q1","2018/19","Q3","March",,167.601864080477,,131.976315774015,,126.993895152722
2019-04-01,2019,"Q2","2018/19","Q4","April",,159.818382233847,,133.568372884924,,119.652863010871
2019-05-01,2019,"Q2","2018/19","Q4","May",,167.394300561568,,131.282825108365,,127.506625808361
2019-06-01,2019,"Q2","2018/19","Q4","June",,161.388112156652,,131.680722783971,,122.560165789353
2019-07-01,2019,"Q3","2019/20","Q1","July",,155.898073213526,,131.699002748783,,118.374528249772
2019-08-01,2019,"Q3","2019/20","Q1","August",,152.557191958548,,125.961782706195,,121.113871748217
2019-09-01,2019,"Q3","2019/20","Q1","September",,147.152187479652,,127.095913666255,,115.780423803447
2019-10-01,2019,"Q4","2019/20","Q2","October",,152.261735099959,,127.37585382376,,119.537361697007
2019-11-01,2019,"Q4","2019/20","Q2","November",,167.078628760503,,130.759875883937,,127.775150925351
2019-12-01,2019,"Q4","2019/20","Q2","December",,165.917664306344,,133.714903995792,,124.083149557932
2020-01-01,2020,"Q1","2019/20","Q3","January",,164.602879214475,,134.39427235279,,122.477599925081
2020-02-01,2020,"Q1","2019/20","Q3","February",,161.378891580774,,127.582891742288,,126.489444922407
2020-03-01,2020,"Q1","2019/20","Q3","March",,178.272673349893,,117.924459708826,,151.175314934727
2020-04-01,2020,"Q2","2019/20","Q4","April",,158.650345475223,,112.421320514091,,141.121225715666
2020-05-01,2020,"Q2","2019/20","Q4","May",,166.422072234706,,115.154340228041,,144.520885539476
2020-06-01,2020,"Q2","2019/20","Q4","June",,143.53249000784,,121.489428960198,,118.144015686223
2020-07-01,2020,"Q3","2020/21","Q1","July",,151.452358182921,,125.313198381381,,120.859063641475
2020-08-01,2020,"Q3","2020/21","Q1","August",,155.497716550207,,130.322274603652,,119.317834977268
2020-09-01,2020,"Q3","2020/21","Q1","September",,161.589796095342,,132.634820404907,,121.83059893476
2020-10-01,2020,"Q4","2020/21","Q2","October",,161.855591939212,,134.400279886299,,120.428017022093
2020-11-01,2020,"Q4","2020/21","Q2","November",,169.558208254636,,140.617915926871,,120.580800203877
2020-12-01,2020,"Q4","2020/21","Q2","December",,155.582358742332,,148.32446159368,,104.893257033041
2021-01-01,2021,"Q1","2020/21","Q3","January",,194.350905166852,,134.39427235279,,144.612491116194
2021-02-01,2021,"Q1","2020/21","Q3","February",,191.105474166737,,161.238465608235,,118.523500856844
2021-03-01,2021,"Q1","2020/21","Q3","March",,213.218981821499,,163.649900969411,,130.289710264691
2021-04-01,2021,"Q2","2020/21","Q4","April",,212.424373454055,,167.380728676932,,126.910890598441
2021-05-01,2021,"Q2","2020/21","Q4","May",,210.393867473354,,178.667116034927,,117.757465471276
2021-06-01,2021,"Q2","2020/21","Q4","June",,181.554099367313,,177.595607910291,,102.228935446997
2021-07-01,2021,"Q3","2021/22","Q1","July",,161.003784470095,,177.635860621238,,90.6369828181217
2021-08-01,2021,"Q3","2021/22","Q1","August",,179.069929730281,,175.034944996719,,102.305245237537
2021-09-01,2021,"Q3","2021/22","Q1","September",,195.75075267374,,174.355681570423,,112.270934282503
2021-10-01,2021,"Q4","2021/22","Q2","October",,197.620623923671,,182.007259820223,,108.578429299397
2021-11-01,2021,"Q4","2021/22","Q2","November",,202.607360021602,,181.599975047201,,111.567944857339
2021-12-01,2021,"Q4","2021/22","Q2","December",,204.51255393323,,182.131584248415,,112.288351730521
2022-01-01,2022,"Q1","2021/22","Q3","January",,202.127107538784,,192.588184189262,,104.953015881882
2022-02-01,2022,"Q1","2021/22","Q3","February",,196.734339546049,,204.023706776417,,96.4271959638708
2022-03-01,2022,"Q1","2021/22","Q3","March",,214.977822618803,,223.570906338997,,96.1564391982361
2022-04-01,2022,"Q2","2021/22","Q4","April",,209.426997046933,,222.045360322954,,94.3172137181032
2022-05-01,2022,"Q2","2021/22","Q4","May",,222.227002821383,,214.627998659109,,103.540546531556
2022-06-01,2022,"Q2","2021/22","Q4","June",,215.264696631952,,208.975926929863,,103.009327339507
2022-07-01,2022,"Q3","2022/23","Q1","July",,194.515831191507,,190.233524337744,,102.251078966587
