"Date","Year","Quarter","FY","QFY","Month","CPI_FOOD_16","CPI_FOOD_09","CPI_CORE_16","CPI_CORE_09","CPI_EFU_16","CPI_EFU_09","CPI_16","CPI_09","CPI_FOOD_BEV_16","CPI_BEV_TOB_16","CPI_CLOTH_16","CPI_HWEGF_16","CPI_FHER_16","CPI_HEA_16","CPI_TRA_16","CPI_COM_16","CPI_REC_16","CPI_EDU_16","CPI_REH_16","CPI_INSF_16","CPI_MISC_16","CPI_FOOD_BEV_09","CPI_BEV_TOB_09","CPI_CLOTH_09","CPI_HWEGF_09","CPI_FHER_09","CPI_HEA_09","CPI_TRA_09","CPI_COM_09","CPI_REC_09","CPI_EDU_09","CPI_REH_09","CPI_MISC_09"
2005-07-01,2005,"Q3","2005/06","Q1","July",,55.4573476282074,,70.4210803190078,,64.6456259731799,,67.7849636405942,,,,,,,,,,,,,,,,,,,,,,,,,
2005-08-01,2005,"Q3","2005/06","Q1","August",,55.5156096380139,,70.1897546702504,,64.8261628684656,,67.6181469057542,,,,,,,,,,,,,,,,,,,,,,,,,
2005-09-01,2005,"Q3","2005/06","Q1","September",,58.7113743027863,,70.2471498368182,,66.2483957775525,,68.1918699158501,,,,,,,,,,,,,,,,,,,,,,,,,
2005-10-01,2005,"Q4","2005/06","Q2","October",,58.1672798893043,,70.3293796066637,,66.5581257690478,,68.1362468066202,,,,,,,,,,,,,,,,,,,,,,,,,
2005-11-01,2005,"Q4","2005/06","Q2","November",,58.5861706873048,,70.5199096203208,,66.4951342302379,,68.3375849761004,,,,,,,,,,,,,,,,,,,,,,,,,
2005-12-01,2005,"Q4","2005/06","Q2","December",,57.2417269739138,,70.4805346859439,,66.3671859850374,,68.1044970053732,,,,,,,,,,,,,,,,,,,,,,,,,
2006-01-01,2006,"Q1","2005/06","Q3","January",,60.2947490534596,,70.9555964720903,,66.5405092112819,,68.9450934789601,,,,,,,,,,,,,,,,,,,,,,,,,
2006-02-01,2006,"Q1","2005/06","Q3","February",,61.968960133031,,71.6223480589429,,66.4772084904778,,69.7556724187164,,,,,,,,,,,,,,,,,,,,,,,,,
2006-03-01,2006,"Q1","2005/06","Q3","March",,67.3292297922152,,72.0053950544633,,66.4906935656825,,70.9133532573687,,,,,,,,,,,,,,,,,,,,,,,,,
2006-04-01,2006,"Q2","2005/06","Q4","April",,68.2259869024206,,72.1997488706914,,66.4661853578743,,71.2532010919737,,,,,,,,,,,,,,,,,,,,,,,,,
2006-05-01,2006,"Q2","2005/06","Q4","May",,69.6367583002804,,73.5512168503663,,67.4015029204587,,72.5352208048169,,,,,,,,,,,,,,,,,,,,,,,,,
2006-06-01,2006,"Q2","2005/06","Q4","June",,61.4716033383601,,73.6383938806125,,76.0406466619328,,71.8322794935007,,,,,,,,,,,,,,,,,,,,,,,,,
2006-07-01,2006,"Q3","2006/07","Q1","July",,59.2984665366716,,74.1516605889942,,80.0212804638922,,72.1047419228462,,,,,,,,,,,,,,,,,,,,,,,,,
2006-08-01,2006,"Q3","2006/07","Q1","August",,61.3263790695996,,74.2715709894359,,80.0055699301781,,72.4818495582805,,,,,,,,,,,,,,,,,,,,,,,,,
2006-09-01,2006,"Q3","2006/07","Q1","September",,61.3120484668056,,74.7798475109732,,79.6913316513893,,72.8897700320674,,,,,,,,,,,,,,,,,,,,,,,,,
2006-10-01,2006,"Q4","2006/07","Q2","October",,64.3361064794978,,74.8979820772385,,78.8106630005235,,73.3834118491804,,,,,,,,,,,,,,,,,,,,,,,,,
2006-11-01,2006,"Q4","2006/07","Q2","November",,65.2914387596514,,75.3905330860844,,91.2114233943083,,74.5522671753008,,,,,,,,,,,,,,,,,,,,,,,,,
2006-12-01,2006,"Q4","2006/07","Q2","December",,66.6420788430607,,76.454800877768,,89.5277799266622,,75.5112657350985,,,,,,,,,,,,,,,,,,,,,,,,,
2007-01-01,2007,"Q1","2006/07","Q3","January",,63.7008239182837,,76.7177877306902,,89.2118883851486,,75.286627931251,,,,,,,,,,,,,,,,,,,,,,,,,
2007-02-01,2007,"Q1","2006/07","Q3","February",,59.8534409650056,,77.1241255920008,,89.1051228531371,,75.0062428083847,,,,,,,,,,,,,,,,,,,,,,,,,
2007-03-01,2007,"Q1","2006/07","Q3","March",,60.2150252159598,,77.2365939947873,,89.2175296640332,,75.1784019125224,,,,,,,,,,,,,,,,,,,,,,,,,
2007-04-01,2007,"Q2","2006/07","Q4","April",,66.3092562172609,,77.5986331551328,,89.7656034698496,,76.3996071734958,,,,,,,,,,,,,,,,,,,,,,,,,
2007-05-01,2007,"Q2","2006/07","Q4","May",,65.7907989543423,,77.911088620544,,90.3034505793823,,76.5992683313245,,,,,,,,,,,,,,,,,,,,,,,,,
2007-06-01,2007,"Q2","2006/07","Q4","June",,61.2250173743625,,78.0897841379245,,90.5743507368988,,76.0720494626966,,,,,,,,,,,,,,,,,,,,,,,,,
2007-07-01,2007,"Q3","2007/08","Q1","July",,59.0119598948674,,78.2314247003411,,93.8722170719143,,75.9814498804935,,,,,,,,,,,,,,,,,,,,,,,,,
2007-08-01,2007,"Q3","2007/08","Q1","August",,55.4298808350009,,78.5152826843743,,93.611170125851,,75.6983881208877,,,,,,,,,,,,,,,,,,,,,,,,,
2007-09-01,2007,"Q3","2007/08","Q1","September",,58.4259375380109,,79.0073429930782,,94.1215687046973,,76.5953651697679,,,,,,,,,,,,,,,,,,,,,,,,,
2007-10-01,2007,"Q4","2007/08","Q2","October",,61.3263774786923,,80.0228464914092,,94.8569682502986,,77.897721073249,,,,,,,,,,,,,,,,,,,,,,,,,
2007-11-01,2007,"Q4","2007/08","Q2","November",,63.3943465061866,,80.5259919310568,,95.3849872580523,,78.6450787235905,,,,,,,,,,,,,,,,,,,,,,,,,
2007-12-01,2007,"Q4","2007/08","Q2","December",,62.9726905000684,,81.5755641169835,,96.1901449504051,,79.4247845918557,,,,,,,,,,,,,,,,,,,,,,,,,
2008-01-01,2008,"Q1","2007/08","Q3","January",,63.354316419987,,82.4122262252203,,98.0991384150614,,80.2136326519106,,,,,,,,,,,,,,,,,,,,,,,,,
2008-02-01,2008,"Q1","2007/08","Q3","February",,62.7552291689625,,83.2407161502111,,98.5740918224162,,80.8224399156655,,,,,,,,,,,,,,,,,,,,,,,,,
2008-03-01,2008,"Q1","2007/08","Q3","March",,63.2086730688238,,84.1702758882184,,97.8976850975331,,81.6114364022725,,,,,,,,,,,,,,,,,,,,,,,,,
2008-04-01,2008,"Q2","2007/08","Q4","April",,67.4656853866825,,85.7437262788391,,97.7541361386021,,83.5682794734878,,,,,,,,,,,,,,,,,,,,,,,,,
2008-05-01,2008,"Q2","2007/08","Q4","May",,70.5912176609289,,87.1121221820976,,98.1594363048722,,85.175373138775,,,,,,,,,,,,,,,,,,,,,,,,,
2008-06-01,2008,"Q2","2007/08","Q4","June",,70.6369662835904,,87.5727750244329,,99.6954310016417,,85.6113884830056,,,,,,,,,,,,,,,,,,,,,,,,,
2008-07-01,2008,"Q3","2008/09","Q1","July",,71.0821761708738,,88.4637994311857,,103.033584616097,,86.5779113640203,,,,,,,,,,,,,,,,,,,,,,,,,
2008-08-01,2008,"Q3","2008/09","Q1","August",,74.1188241474407,,89.2242137790554,,103.551719390665,,87.697694381161,,,,,,,,,,,,,,,,,,,,,,,,,
2008-09-01,2008,"Q3","2008/09","Q1","September",,75.3831176328661,,89.7109433660662,,103.128031910818,,88.2653794102054,,,,,,,,,,,,,,,,,,,,,,,,,
2008-10-01,2008,"Q4","2008/09","Q2","October",,77.8309088513306,,90.2554536063039,,102.085124238243,,88.992617930895,,,,,,,,,,,,,,,,,,,,,,,,,
2008-11-01,2008,"Q4","2008/09","Q2","November",,79.1957075696425,,90.8828480160677,,102.495332787712,,90.1767689704979,,,,,,,,,,,,,,,,,,,,,,,,,
2008-12-01,2008,"Q4","2008/09","Q2","December",,78.522383792512,,91.9367847666034,,102.118067196072,,90.7298032830275,,,,,,,,,,,,,,,,,,,,,,,,,
2009-01-01,2009,"Q1","2008/09","Q3","January",,80.0653317456184,,93.4941350225443,,103.293875123426,,91.8651239534987,,,,,,,,,,,,,,,,,,,,,,,,,
2009-02-01,2009,"Q1","2008/09","Q3","February",,81.6300644775344,,94.5361454953762,,101.196334624926,,92.8748028020051,,,,,,,,,,,,,,,,,,,,,,,,,
2009-03-01,2009,"Q1","2008/09","Q3","March",,82.2613722855221,,94.7296930828605,,99.5886469894052,,93.0904924891849,,,,,,,,,,,,,,,,,,,,,,,,,
2009-04-01,2009,"Q2","2008/09","Q4","April",,88.1717408750932,,95.759457650234,,97.6115839237262,,94.7610479495484,,,,,,,,,,,,,,,,,,,,,,,,,
2009-05-01,2009,"Q2","2008/09","Q4","May",,89.730935699243,,96.7342300815713,,97.1167520236488,,95.7567790635403,,,,,,,,,,,,,,,,,,,,,,,,,
2009-06-01,2009,"Q2","2008/09","Q4","June",,86.2101680548526,,97.8445410757296,,97.3896783474859,,96.1363269710798,,,,,,,,,,,,,,,,,,,,,,,,,
2009-07-01,2009,"Q3","2009/10","Q1","July",,87.0546610913942,,98.1396004225736,,100.877094311889,,96.705824690865,,,,,,,,,,,,,,,,,,,,,,,,,
2009-08-01,2009,"Q3","2009/10","Q1","August",,96.9842074686893,,98.6554698590138,,100.83045502651,,98.6778910261211,,,,,,,,,,,,,,,,,,,,,,,,,
2009-09-01,2009,"Q3","2009/10","Q1","September",,111.805951809064,,98.998712687454,,100.94042611341,,101.092315831775,,,,,,,,,,,,,,,,,,,,,,,,,
2009-10-01,2009,"Q4","2009/10","Q2","October",,109.187747741482,,99.1666380673151,,101.226889004857,,100.907220175323,,,,,,,,,,,,,,,,,,,,,,,,,
2009-11-01,2009,"Q4","2009/10","Q2","November",,108.480779445401,,99.4114106840934,,100.68427345413,,100.926609299175,,,,,,,,,,,,,,,,,,,,,,,,,
2009-12-01,2009,"Q4","2009/10","Q2","December",,107.479280943979,,99.3299850620079,,100.589628336933,,100.653488036949,,,,,,,,,,,,,,,,,,,,,,,,,
2010-01-01,2010,"Q1","2009/10","Q3","January",,104.065061586719,,99.4910742028204,,96.5945743368318,,100.011892229068,,,,,,,,,,,,,,,,,,,,,,,,,
2010-02-01,2010,"Q1","2009/10","Q3","February",,99.1677574525309,,101.024460135478,,96.987396157665,,100.411621250684,,,,,,,,,,,,,,,,,,,,,,,,,
2010-03-01,2010,"Q1","2009/10","Q3","March",,96.400712472459,,101.080995364993,,98.2090299315941,,100.122325264174,,,,,,,,,,,,,,,,,,,,,,,,,
2010-04-01,2010,"Q2","2009/10","Q4","April",,96.9865325827732,,101.20942840608,,100.828793872564,,100.43820971556,,,,,,,,,,,,,,,,,,,,,,,,,
2010-05-01,2010,"Q2","2009/10","Q4","May",,93.1942559434542,,101.184977127998,,101.089817469346,,99.8680039204122,,,,,,,,,,,,,,,,,,,,,,,,,
2010-06-01,2010,"Q2","2009/10","Q4","June",,89.1930514620544,,102.307247980173,,101.141621984269,,100.184598559893,,,,,,,,,,,,,,,,,,,,,,,,,
2010-07-01,2010,"Q3","2010/11","Q1","July",,93.6671115781414,,101.689720747375,,105.434713797712,,101.153456779296,,,,,,,,,,,,,,98.0220184779488,100.252843522377,100.184852976579,103.772544843639,103.107844059315,102.177550042597,101.796741734573,104.549884620808,100.488605155593,104.869473683546,102.670121905342,101.138223928841
2010-08-01,2010,"Q3","2010/11","Q1","August",,96.0688287124574,,102.215162316095,,107.372008462193,,101.974648934208,,,,,,,,,,,,,,98.8341246962765,100.70653033147,101.276444995242,104.843307635318,105.880736436849,102.429868343469,101.938561538,103.962721404611,101.714335438702,104.90025242988,103.689892828326,103.571310546947
2010-09-01,2010,"Q3","2010/11","Q1","September",,98.7043959700818,,102.850453016507,,106.187497661086,,102.677673957594,,,,,,,,,,,,,,100.61679501382,102.56913018214,101.744861732391,103.641913348861,105.117765244974,103.640693793383,102.795249892523,104.416428312142,101.357641613389,103.914034283043,105.754432528955,104.155770702168
2010-10-01,2010,"Q4","2010/11","Q2","October",,100.434635797012,,102.435278938461,,107.08508509622,,102.578217084555,,,,,,,,,,,,,,100.975124586334,107.031519313159,102.050743494939,103.722515799592,105.476808180337,103.480211365271,105.195025534672,90.4389698561282,100.318844436271,103.544902956293,105.730608036811,105.97778892975
2010-11-01,2010,"Q4","2010/11","Q2","November",,102.772605272835,,102.251367938455,,106.80357302221,,102.643263013134,,,,,,,,,,,,,,101.788246675359,107.71718612955,103.804305636183,104.177834371015,107.484329876773,103.534717230245,104.60646698763,83.2589798395139,99.9240702687279,103.544902956293,106.452909207506,106.349971157533
2010-12-01,2010,"Q4","2010/11","Q2","December",,104.500094295084,,103.310490963875,,106.105280633947,,103.639442809844,,,,,,,,,,,,,,103.263936427064,106.843275626191,106.375963898995,104.101777078412,110.777876388475,103.42175754372,105.133100277047,83.3428701005163,100.38312710807,103.544902956293,107.333982922139,109.566130633607
2011-01-01,2011,"Q1","2010/11","Q3","January",,107.875488969331,,104.721252328587,,107.169778529481,,105.22403030044,,,,,,,,,,,,,,106.186107727091,106.831397135825,107.294271825549,104.952366809167,112.734155785012,107.968149922752,106.17279843105,83.9058342569598,100.762464673027,103.617743608644,108.635794849605,109.503309968974
2011-02-01,2011,"Q1","2010/11","Q3","February",,110.313700167419,,105.977688032074,,109.021097936696,,106.644827205356,,,,,,,,,,,,,,109.085642315805,108.201431982351,108.50379526671,106.094642539526,113.799634203992,107.973141237941,107.365717378245,84.0935003571733,100.943755986698,104.709954101428,109.421025579796,109.951724188424
2011-03-01,2011,"Q1","2010/11","Q3","March",,123.282538429909,,107.483802126806,,111.181602463397,,109.364280836879,,,,,,,,,,,,,,115.24666185936,109.898124854831,109.770646068877,106.776024366506,120.038900248662,107.514521246956,110.24496178442,80.1289393830224,104.79800871948,105.001310951492,109.903298737669,111.676715176731
2011-04-01,2011,"Q2","2010/11","Q4","April",,128.633363100446,,109.532374407066,,114.731256096548,,111.860126956098,,,,,,,,,,,,,,118.159556934161,110.032495612741,112.933276513412,113.632380538952,121.754023169799,107.644333209856,113.298530039298,82.4481980815934,105.043944516556,105.001310951492,109.808610251777,112.625969779925
2011-05-01,2011,"Q2","2010/11","Q4","May",,126.702611889624,,110.824839359719,,113.959529352806,,112.671421453752,,,,,,,,,,,,,,118.933480550593,110.438738789471,114.985230305308,113.13666715095,123.464439669198,108.632662941044,114.922782738832,82.8509045183488,106.643328694595,104.992086697061,112.562441739212,111.39991692642
2011-06-01,2011,"Q2","2010/11","Q4","June",,122.630967188488,,113.340127633919,,116.215954760289,,114.498201405517,,,,,,,,,,,,,,121.110103982604,109.30498713773,117.980624494238,114.747512309759,123.64216388445,109.330446179395,115.95047226002,84.2392025942601,107.632785028635,106.171780085289,112.725032882901,119.301766330723
2011-07-01,2011,"Q3","2011/12","Q1","July",,124.347812196887,,117.579267230931,,128.018683815929,,119.044226696064,,,,,,,,,,,,,,129.938401892864,112.111685767603,123.065759755437,122.388863451199,128.307897389966,109.574262705228,116.420432609948,86.687576864048,109.707980400906,106.221254290231,114.904484699631,121.740925236395
2011-08-01,2011,"Q3","2011/12","Q1","August",,121.189651904948,,119.2694874539,,124.434110045114,,119.849111895368,,,,,,,,,,,,,,130.790693222958,117.046498310822,128.190144666092,119.821342640488,128.55275831266,109.448887231529,118.270130436899,82.9542369543445,110.733132581979,106.174473803675,117.790841192318,124.677252534861
2011-09-01,2011,"Q3","2011/12","Q1","September",,130.448339045734,,124.136547473777,,141.163535641236,,126.045582285685,,,,,,,,,,,,,,139.977562014337,123.02671539798,131.083117782465,130.025117742292,133.273380006151,113.59818540094,121.847987249759,100.570269358668,111.235105827836,106.597047479866,121.165440645063,124.329579973299
2011-10-01,2011,"Q4","2011/12","Q2","October",,132.78030712755,,125.047431811304,,146.797121616767,,127.452480809944,,,,,,,,,,,,,,139.657578149471,121.489838568881,140.454584399319,136.695543185446,135.661981163042,113.994407207373,121.185836685802,99.0269798541515,112.56195023196,106.918833781795,123.309683261671,126.061490236532
2011-11-01,2011,"Q4","2011/12","Q2","November",,131.832899108968,,125.399753282835,,146.754999954155,,127.643380840025,,,,,,,,,,,,,,139.872452654227,123.255434004409,143.7980636476,136.794172693991,137.304932865348,115.421976794863,120.98221474684,93.2713771586143,113.029853971224,106.918833781795,123.795085502707,126.464585821746
2011-12-01,2011,"Q4","2011/12","Q2","December",,128.940245249636,,126.390879887155,,146.500119438907,,128.147141871016,,,,,,,,,,,,,,136.660847437138,124.001313018639,151.401145149347,136.654910944544,139.773795203787,115.752428084984,126.074260804604,91.9771338613954,113.454458392709,106.918833781795,123.9912611849,130.276958516988
2012-01-01,2012,"Q1","2011/12","Q3","January",,129.788794400101,,127.119428612336,,152.005878395419,,129.24357276535,,,,,,,,,,,,,,136.0113104745,126.541813352547,151.846888962041,142.184663815641,141.09679853134,124.161378927658,124.023990372846,92.8668284851657,113.890036298595,107.221822443735,125.450647737828,131.912816926934
2012-02-01,2012,"Q1","2011/12","Q3","February",,153.093850003838,,128.116636671526,,153.283753447479,,132.528162614872,,,,,,,,,,,,,,143.989090770622,126.041890269339,153.074201214314,144.124719589195,143.223694520555,126.678042918849,123.446860561827,92.5404687217817,114.554280837541,114.642422245054,127.045308722894,132.957347704966
2012-03-01,2012,"Q1","2011/12","Q3","March",,157.032336125687,,127.628346046765,,151.199274349523,,132.370788764504,,,,,,,,,,,,,,143.638454083012,127.321946959459,150.239036732202,142.703078707117,142.715322179579,127.291308839364,123.493084984147,92.4530758790246,114.43611855331,118.460162691985,127.303216846643,132.714186001322
2012-04-01,2012,"Q2","2011/12","Q4","April",,163.859841424934,,128.008304390368,,148.199663689557,,133.154192112667,,,,,,,,,,,,,,148.053363185359,126.271262966651,150.949714496613,141.384260523658,142.207791802394,127.846558516242,121.118550791757,90.1741287528427,115.466599114033,118.460162691985,127.779353841037,133.128672150707
2012-05-01,2012,"Q2","2011/12","Q4","May",,156.847789747345,,128.56039060451,,147.444905292232,,132.840457550542,,,,,,,,,,,,,,146.057611871902,128.442056511882,149.714577314942,140.558435910756,143.62044697863,130.488809459407,122.628611140394,89.8686027469523,114.003105922143,118.460107310054,128.533154101685,133.030103359857
2012-06-01,2012,"Q2","2011/12","Q4","June",,145.702731997377,,128.06668561959,,149.836880880606,,131.479426762072,,,,,,,,,,,,,,141.347793370699,126.774202433549,143.472047219321,142.214731840544,142.795260645729,130.688515709234,123.448088397216,90.026460205913,113.486524818421,118.717957208012,129.617459896637,132.983969752031
2012-07-01,2012,"Q3","2012/13","Q1","July",,139.442017487003,,128.425374052966,,152.270637628732,,131.320082176196,,,,,,,,,,,,,,139.089182724871,129.897963062841,139.474313849875,144.638390787521,142.414252443997,130.68444940738,124.093388276818,90.0019536348324,114.196712051661,119.053064209648,131.483652839955,134.120278885292
2012-08-01,2012,"Q3","2012/13","Q1","August",,140.627605965875,,128.525926210964,,153.47473936439,,131.613039830482,,,,,,,,,,,,,,139.58975616566,125.664845682352,139.482853424424,145.864078851596,143.97886521268,130.800298662004,124.019195604796,90.1566421949548,114.157125137831,119.006611100751,132.170183278354,134.474357533564
2012-09-01,2012,"Q3","2012/13","Q1","September",,141.380622546092,,129.350581145931,,151.385026484042,,132.213425260976,,,,,,,,,,,,,,141.035670214126,125.572495858318,140.231904795615,144.345211053779,144.494905156112,135.924316845746,123.724137383266,90.650238058172,113.801748234423,119.398147314199,130.829070230587,136.195133628386
2012-10-01,2012,"Q4","2012/13","Q2","October",,138.77295990034,,130.683770812378,,153.236305771784,,133.184797729167,,,,,,,,,,,,,,140.488042445542,128.360608317379,142.252950992988,148.899582982726,144.754357874117,135.881864113543,124.702797261754,91.8499950733833,113.587645046398,120.329469295786,131.787094019649,137.818036606141
2012-11-01,2012,"Q4","2012/13","Q2","November",,142.821449558149,,130.462176465618,,153.548670570745,,133.436801556998,,,,,,,,,,,,,,139.921653115753,129.437672215492,146.222713320046,148.759804446527,144.437568145814,136.043395137078,126.118444352052,92.4956810076903,113.629774360254,120.329469295786,132.587807246837,136.634881259513
2012-12-01,2012,"Q4","2012/13","Q2","December",,136.934021579943,,131.642193358068,,150.898106878784,,133.613555552051,,,,,,,,,,,,,,138.296211489149,133.549538127964,147.651102869154,147.084733315855,146.089659709506,136.056074349636,129.133262065196,93.8652511693698,113.945862423689,120.329469295786,133.210488564385,137.382003368798
2013-01-01,2013,"Q1","2012/13","Q3","January",,131.078553583625,,132.344667997239,,152.413510753381,,133.710268228145,,,,,,,,,,,,,,136.597065270127,139.865981725157,147.118868953621,151.006731808899,147.070376411545,138.594779008208,126.063673470261,93.7419027073162,114.484826266462,120.387571972439,135.136197314974,138.391309994654
2013-02-01,2013,"Q1","2012/13","Q3","February",,132.534792087452,,133.713906957119,,154.448400196775,,135.137907780678,,,,,,,,,,,,,,138.81404141453,141.373794723799,147.169058656038,152.356820737926,148.583761568475,138.602137623387,125.688172560383,93.3387102748453,116.577555466615,129.060862991522,136.140174695073,137.667995541672
2013-03-01,2013,"Q1","2012/13","Q3","March",,137.77677348568,,134.296428119282,,154.980006593886,,136.190040727099,,,,,,,,,,,,,,140.424499059438,141.172682063555,149.113077240834,152.321828679453,147.889993592725,138.380615689489,127.788183895783,92.8380344357435,117.3868915716,131.490955518504,136.423683620672,139.017362334294
2013-04-01,2013,"Q2","2012/13","Q4","April",,143.685616312502,,134.903646449878,,153.88567826669,,137.209216140141,,,,,,,,,,,,,,143.023158093571,141.344797678653,150.874169526532,152.308110880207,150.187548653993,138.342065730145,128.40453703682,91.4208237471044,117.482715188379,131.490897226962,137.297276357874,139.541715659167
2013-05-01,2013,"Q2","2012/13","Q4","May",,145.00102213786,,135.745186558104,,152.898509139399,,137.962743503269,,,,,,,,,,,,,,144.110639412533,142.401285341689,151.313822191337,152.148768601485,151.038751554401,138.967098526036,127.397245643862,91.6577297320051,117.357094512,137.13757032933,137.945327886932,141.538969271723
2013-06-01,2013,"Q2","2012/13","Q4","June",,143.146140204377,,136.707684196351,,151.413485126337,,138.45676275168,,,,,,,,,,,,,,144.064406395522,141.288103495473,152.299484004337,151.410389677707,151.40934616576,138.986904490347,131.053190939765,91.7951911013407,117.82125311464,138.157375013037,137.973215626414,141.018279348885
2013-07-01,2013,"Q3","2013/14","Q1","July",,145.441764720444,,136.720754012098,,157.776375449856,,139.174520606119,,,,,,,,,,,,,,144.320989356326,142.920414828655,153.198757251486,155.728661309239,151.282921471301,139.385313527351,131.011137509695,91.8406888567552,118.249200488457,138.157375013037,138.669702869127,140.386161497245
2013-08-01,2013,"Q3","2013/14","Q1","August",,158.422205891498,,137.121238490225,,156.872178798739,,140.755991946613,,,,,,,,,,,,,,149.178920996385,143.092344770383,155.680747773445,155.164168340665,153.077542197094,139.756807645024,129.96541024769,94.824159342786,118.499687376939,138.177757918733,139.696232756768,139.766276137653
2013-09-01,2013,"Q3","2013/14","Q1","September",,162.945640298194,,138.06842837964,,157.63073865669,,142.05248487755,,,,,,,,,,,,,,151.753277281821,142.79322482102,155.921736201057,155.669550255582,154.078870630563,144.436796529429,130.054850764115,94.6267407547459,118.598689469895,138.847620575479,139.44180269758,142.297466834289
2013-10-01,2013,"Q4","2013/14","Q2","October",,158.995327981587,,138.71984205172,,156.026077698162,,142.068384288152,,,,,,,,,,,,,,151.014252111382,142.937329780175,161.051664621649,155.011876027257,154.259894488586,144.466597624694,129.840049402439,92.7007745156184,118.320014428776,139.632533681854,139.700442455579,144.146192139507
2013-11-01,2013,"Q4","2013/14","Q2","November",,152.113204054155,,138.576014190002,,155.512319550548,,141.212399972735,,,,,,,,,,,,,,147.902020834419,143.189216336071,161.772894927081,154.663800725382,154.378485320136,144.462744874216,129.892324771748,92.4814203951697,118.471955720493,139.632533681854,140.10827008357,144.080108892277
2013-12-01,2013,"Q4","2013/14","Q2","December",,148.00149897644,,138.816933325819,,154.243159316319,,140.898657198223,,,,,,,,,,,,,,145.961975016809,142.745417057523,160.835828212072,153.885276775274,156.449814618921,144.55743237203,131.083415494282,92.3657622532142,119.216729289596,139.632533681854,140.069773952735,145.783783837244
2014-01-01,2014,"Q1","2013/14","Q3","January",,149.756933406173,,138.409377706456,,154.818964090253,,140.784078765533,,,,,,,,,,,,,,145.870729811137,143.525276117994,160.166628626221,156.173609434051,153.469922502148,145.249242176607,129.677608357376,92.1273267072588,119.489190578694,139.709690961057,139.664956048396,144.776999297941
2014-02-01,2014,"Q1","2013/14","Q3","February",,158.156467818417,,138.163124348509,,157.265747254586,,141.616751922935,,,,,,,,,,,,,,148.312108571732,143.002010568676,158.907305083893,157.557382129307,154.208030485861,145.24818326388,129.655314033042,91.4018123650775,119.838994247958,143.8756498105,138.658816212776,142.777370135606
2014-03-01,2014,"Q1","2013/14","Q3","March",,168.741960679614,,138.944485063842,,156.546706481237,,143.282502346559,,,,,,,,,,,,,,153.216605330778,143.771955154989,158.3368867339,156.814914798119,155.197325280941,145.24818326388,130.325509933438,92.9406214198125,120.032852044638,144.488835033899,139.403370692914,143.849629240059
2014-04-01,2014,"Q2","2013/14","Q4","April",,172.284934787607,,138.439974768708,,154.887181118063,,143.103220434095,,,,,,,,,,,,,,153.121411534074,143.159261641569,159.828455941945,156.206785067607,154.199468256594,145.457843832473,130.367249966516,93.0275420752044,120.275700506587,144.50464525259,138.982655054634,142.095415215839
2014-05-01,2014,"Q2","2013/14","Q4","May",,163.381115457569,,139.155511899663,,154.460001697197,,142.756346168627,,,,,,,,,,,,,,151.529499564142,143.328729620327,160.639414748123,156.161712404251,155.573687987199,146.644923560399,128.991252488118,93.2397576970015,119.816452846841,144.519003325916,139.121938936977,144.276912365668
2014-06-01,2014,"Q2","2013/14","Q4","June",,155.202191030207,,139.198792087395,,155.056667708107,,142.005450373114,,,,,,,,,,,,,,148.393254410926,143.744976611865,158.101299317457,156.580217782452,156.038716785128,146.485655750645,128.697371190632,94.1282790170662,119.753413571817,148.182685485264,139.353652382865,144.012994761788
2014-07-01,2014,"Q3","2014/15","Q1","July",,152.170195471067,,140.103937192067,,157.131559524224,,142.597674908336,,,,,,,,,,,,,,148.115159894041,143.149365246416,159.122828701487,157.957901373059,157.213561963412,146.484375016072,129.324448381006,95.0738399352976,120.10516670087,150.957680125277,140.385496841887,144.945132649817
2014-08-01,2014,"Q3","2014/15","Q1","August",,155.14306940745,,140.778884402766,,158.180504317016,,143.533938437978,,,,,,,,,,,,,,149.750228891937,143.440537659239,162.107531249794,158.41279459263,158.317392429414,146.27518039943,129.320873276155,99.8539684378478,120.064958855913,150.973173782612,140.277646954463,144.733674133637
2014-09-01,2014,"Q3","2014/15","Q1","September",,156.907452721177,,141.367020269871,,159.524900363453,,144.297889238469,,,,,,,,,,,,,,151.832130228933,142.923183041218,161.711413136233,159.290694167447,160.105044044928,148.480375566079,128.673717582304,99.9781755512293,120.405432268158,151.116907383291,139.7033220128,144.641542756518
2014-10-01,2014,"Q4","2014/15","Q2","October",,157.160067466098,,141.086333628293,,161.454697273613,,144.235969085382,,,,,,,,,,,,,,150.178798733584,143.605340786191,164.480051450381,160.54617887568,158.645610278696,148.539330657003,129.468628755789,101.244953258327,119.989439900256,151.517941774829,140.55872953431,143.526717813977
2014-11-01,2014,"Q4","2014/15","Q2","November",,154.159536241719,,141.245655483444,,160.818048787746,,144.01498438612,,,,,,,,,,,,,,148.939155680392,143.932995216766,163.246266907808,160.385421763663,159.484746471355,148.54576419963,129.932877883881,102.478873831918,120.637342698041,151.517941774829,139.571284312359,144.537418188617
2014-12-01,2014,"Q4","2014/15","Q2","December",,149.901131871188,,141.551286129271,,160.274620396319,,143.793690385393,,,,,,,,,,,,,,148.115797686828,143.766028634055,165.052524671349,160.30773647889,159.994594383504,148.774143769306,128.182439524823,103.111556719398,120.863105200753,151.517941774829,140.977005676117,144.817470953615
2015-01-01,2015,"Q1","2014/15","Q3","January",,147.704563998975,,143.213763225185,,158.983887125517,,144.844204188531,,,,,,,,,,,,,,148.24297888737,144.813663273516,164.227884863432,162.555687950227,161.600285066379,149.584579282878,130.521737877423,105.041566747031,121.040325422693,151.58131499493,141.910137335168,147.332313835867
2015-02-01,2015,"Q1","2014/15","Q3","February",,154.319774307704,,143.156704118678,,158.650563457185,,145.444480377033,,,,,,,,,,,,,,150.648559769435,144.588034545677,163.398624916584,163.047492449556,161.367637313352,149.660130371302,129.200602775846,105.202064507378,120.741820478376,154.244214245118,141.692069544993,146.799868252782
2015-03-01,2015,"Q1","2014/15","Q3","March",,166.791437331943,,144.478572800474,,158.246181158393,,147.770642722559,,,,,,,,,,,,,,156.968366207514,144.64312135921,166.726032976913,163.151191614259,162.155588761369,149.747399590036,129.402894112828,106.662973505564,121.384647962035,154.763928179156,142.057454335147,148.683657330496
2015-04-01,2015,"Q2","2014/15","Q4","April",,180.459106744675,,145.165647254403,,156.512792482648,,149.596332790862,,,,,,,,,,,,,,163.048646575599,144.00313684103,168.055379652467,162.884362915229,160.860615597122,149.890682740808,129.427162315915,107.52784919575,121.328205071362,154.763928179156,143.533243778175,148.522351636198
2015-05-01,2015,"Q2","2014/15","Q4","May",,179.340041857215,,145.333306857809,,156.659555953288,,149.631704933652,,,,,,,,,,,,,,163.537122706818,144.049970069693,168.243691397134,162.960117585316,161.075827941439,148.812483452629,129.28227075096,107.697696860868,121.29578513079,154.746791766266,143.537761522655,147.642217579379
2015-06-01,2015,"Q2","2014/15","Q4","June",,166.448165554897,,146.115136420965,,157.434251744944,,149.023750388572,,,,,,,,,,,,,,158.360245009963,144.039680036302,169.6979938105,163.338847030682,160.90434209421,148.887381598099,130.853061170124,111.441938298863,121.325331966028,156.24567618145,144.445954204649,150.808704778401
2015-07-01,2015,"Q3","2015/16","Q1","July",,161.141499625373,,147.854838521977,,162.821661430259,,150.319131489995,,,,,,,,,,,,,,159.171067694902,144.895332980739,171.854662987739,165.782133478953,161.941359124034,149.002016182645,133.035556096616,114.992935009297,121.912843699896,156.159764838146,144.862547705995,151.690738340739
2015-08-01,2015,"Q3","2015/16","Q1","August",,161.068050070093,,149.424898068418,,163.599539762032,,151.663227644578,,,,,,,,,,,,,,160.000602973764,145.573808193707,173.813117403579,168.887515668715,164.506340505491,149.123642376634,134.395902723218,118.7047984606,122.035595913548,156.196084119424,146.295920040344,152.346474417151
2015-09-01,2015,"Q3","2015/16","Q1","September",,171.598868595269,,150.821584449638,,163.452536186004,,153.873008446994,,,,,,,,,,,,,,164.594836386414,146.768200077003,176.472639170796,168.86651105004,165.534688269577,152.214258552825,134.55634147346,121.035141808681,122.88984549864,160.591524877729,147.237406531548,152.857916521914
2015-10-01,2015,"Q4","2015/16","Q2","October",,180.078091731801,,150.725583958732,,171.581820403133,,155.260672027669,,,,,,,,,,,,,,168.144860633293,147.389621861987,177.507762737172,174.25315753835,165.606665920381,152.350350711323,135.827540058215,107.526629370428,123.147609505309,162.068280134963,148.027105858125,153.443234404352
2015-11-01,2015,"Q4","2015/16","Q2","November",,177.567931119611,,151.121930612105,,174.592982503328,,155.556404269411,,,,,,,,,,,,,,168.064050376273,147.527308356448,178.136972758861,176.05278617009,165.803870135254,152.384318493872,135.860240864321,107.526629370428,123.995321749149,162.08618955371,148.36630686679,153.235815240895
2015-12-01,2015,"Q4","2015/16","Q2","December",,173.453113785631,,151.97765953949,,174.656132020908,,155.848112100599,,,,,,,,,,,,,,167.795451087615,148.944977317042,179.556495355667,176.308217683665,166.733784933978,152.384318493872,136.450184948842,107.534596561765,123.942571831322,162.12427536444,148.947273849832,154.421413298821
2016-01-01,2016,"Q1","2015/16","Q3","January",,165.324326033381,,152.755248928011,,172.868347204184,,155.529804184337,,,,,,,,,,,,,,165.194356135599,151.084783795689,181.870106282021,175.88869471699,167.43630322239,153.146120182408,137.430612691315,107.534596561765,123.88949778641,162.12427536444,150.10183429419,154.820184772613
2016-02-01,2016,"Q1","2015/16","Q3","February",,164.594475244111,,152.946441684232,,173.82995745936,,155.684780519493,,,,,,,,,,,,,,164.73891576315,152.570789978207,182.260862600633,177.051437314461,166.189061673634,153.441206645235,137.794812685036,107.643599380554,124.267153872263,162.12427536444,149.957540654766,155.557922759889
2016-03-01,2016,"Q1","2015/16","Q3","March",,167.758087598855,,154.570690753102,,170.684279936908,,157.11028161928,,,,,,,,,,,,,,166.618336435426,153.533710119526,183.366496786755,175.698670575422,168.615819825587,153.441206645235,138.140925453496,106.367308185291,124.013122830771,174.28812165681,151.263945970126,158.107604639371
2016-04-01,2016,"Q2","2015/16","Q4","April",,171.711153276839,,154.517872242399,,167.968987798862,,157.266226154067,,,,,,,,,,,,,,168.563109612794,153.379475524032,182.787593952096,174.976844784608,169.761211925838,153.773222082422,135.292187476074,105.727648688349,123.645996219024,174.289949326625,152.03813265549,159.054107727769
2016-05-01,2016,"Q2","2015/16","Q4","May",,169.08015499575,,155.223656844136,,166.734642884732,,157.488539010159,,,,,,,,,,,,,,166.835256507919,153.378174190242,183.72588850091,174.739032824595,170.820394910892,154.518446098937,137.311301813947,105.784225912811,123.804875716446,174.289949326625,152.685690366534,163.498866046761
2016-06-01,2016,"Q2","2015/16","Q4","June",,162.999427476366,,156.110078959669,,169.006326042128,,157.770236910493,,,,,,,,,,,,,,165.301643129677,153.151205777835,185.078583874979,175.905501717579,170.519268336638,154.648423634509,137.620049030434,105.52422550085,124.382157783397,184.023913405247,154.002929641055,161.125105065905
2016-07-01,2016,"Q3","2016/17","Q1","July",,165.61397924127,,156.297052419141,,167.598587265342,,158.085117847248,,,,,,,,,,,,,,166.799459078429,153.099892256778,183.928313823926,174.884819934047,171.027936475331,155.022881965353,137.295307284187,105.77033508095,124.491839266232,184.023913405247,153.675396949697,162.280165276198
2016-08-01,2016,"Q3","2016/17","Q1","August",,168.999209389637,,156.932433833454,,168.615882691641,,159.028320425991,,,,,,,,,,,,,,168.300854580163,153.758241677457,185.462069042995,175.439225175519,171.697026979236,155.751851870935,138.809190473834,105.692721529897,124.40322927785,184.195911588924,154.813721659585,162.45576767681
2016-09-01,2016,"Q3","2016/17","Q1","September",,180.188302536234,,157.09483660679,,170.549365487695,,160.442905362089,,,,,,,,,,,,,,172.246139431069,154.430367731532,185.870533764386,176.606913258534,171.65488501286,156.243006716327,138.97718019855,105.714138256934,125.308513604808,184.059627281748,155.22961689906,162.38619818139
2016-10-01,2016,"Q4","2016/17","Q2","October",,183.3203030304,,158.434634313712,,168.370739051881,,161.702825049739,,,,,,,,,,,,,,173.967134768213,154.355799093554,186.822196346434,177.36272973239,172.453126971382,156.778815925756,137.912360925174,106.092082862377,125.765646734058,193.950147118296,157.02897400987,162.794709629547
2016-11-01,2016,"Q4","2016/17","Q2","November",,190.367713617442,,158.826295024778,,167.52095256059,,162.67827940601,,,,,,,,,,,,,,176.608100804194,154.02164211467,187.37725152364,176.820540286864,172.684366915024,157.025303899333,139.803911999865,104.857603916315,125.956655144658,193.949726888415,158.126072952453,162.428558696004
2016-12-01,2016,"Q4","2016/17","Q2","December",,192.265837337522,,160.773975431031,,169.806110792609,,164.64605195317,,,,,,,,,,,,,,179.855593989586,154.850573345221,189.917788773401,178.013960830971,173.995513687489,157.42239874024,143.55150094651,104.326142446023,127.209266292338,193.949726888415,159.126994903919,163.366121446728
2017-01-01,2017,"Q1","2016/17","Q3","January",,189.214795968988,,160.738758397462,,175.301553706428,,164.716214830046,,,,,,,,,,,,,,179.787724171599,154.451616935312,189.380665508133,181.227747278523,176.506329733574,157.383922497898,140.428919530344,105.665040117563,127.013646858318,193.949726888415,158.77479939375,164.009055269332
2017-02-01,2017,"Q1","2016/17","Q3","February",,195.555373715798,,161.632182203296,,175.586413841919,,166.117760268836,,,,,,,,,,,,,,182.834237843191,154.419904271497,190.106013954813,181.123332054867,177.794666506206,157.693117620658,141.907891856754,106.243916238233,127.381249519844,194.895537173549,160.503131002279,164.608273530924
2017-03-01,2017,"Q1","2016/17","Q3","March",,202.837030704447,,161.924943676144,,177.220918314404,,167.220496086312,,,,,,,,,,,,,,185.913782162348,153.332940859316,191.395785620408,181.944805225303,178.544153412381,157.275475649656,142.355479410228,106.105965393912,128.030006187679,194.895537173549,160.256751783874,164.793671026283
2017-04-01,2017,"Q2","2016/17","Q4","April",,208.813071535785,,162.125706382759,,176.786419367843,,167.960730135056,,,,,,,,,,,,,,189.587071549261,153.927994042526,191.171561367794,181.137533923281,179.069665167057,157.177333313606,139.115542808721,106.119426322493,132.068893479505,194.945514556469,160.096430041245,164.802353200833
2017-05-01,2017,"Q2","2016/17","Q4","May",,208.167359759364,,163.209465670284,,178.487667608257,,168.914750115251,,,,,,,,,,,,,,191.470570375971,153.815848592893,191.778859875,182.208264760978,180.399308267397,157.053909936132,138.474907081774,105.70628715716,134.454680657416,194.945514189141,162.40748088322,165.801299305443
2017-06-01,2017,"Q2","2016/17","Q4","June",,192.561519680763,,163.848074400347,,178.687784877559,,167.870269420201,,,,,,,,,,,,,,187.672114759537,153.864560097435,190.782777458451,182.260648732439,180.294491040426,156.74664925431,137.846140691713,106.042777508128,134.362079162179,197.302013067288,163.01074342706,165.978851058688
2017-07-01,2017,"Q3","2017/18","Q1","July",99.5452663790312,186.938261745348,102.468609297038,163.378487003875,103.89838241171,180.714390263418,102.28391511657,167.062922970873,104.323446711604,99.7164247942505,101.528132079618,102.203017914829,101.776449303986,100.201513496284,101.770930736384,98.4709812071337,102.201972370721,102.861506743666,102.381123881929,102.216712686678,100.778952076402,184.874618206753,153.85643013273,192.333816733541,183.684130593596,180.005050649838,156.877475348017,136.881073040413,103.561904707609,134.753769257067,197.302013067288,164.296438876574,164.57557063219
2017-08-01,2017,"Q3","2017/18","Q1","August",100.173986584361,188.703576376844,102.764901620094,163.406375023991,103.139904196533,181.784786498892,102.542972218826,167.344954681098,104.964875486018,100.010557235626,101.710580912156,101.597631033404,101.878866132632,100.297287443675,102.48538189065,97.2526047988071,102.411950056351,104.226284725385,102.263879779911,102.287426520655,101.025368690956,186.199597772054,154.177635996709,192.416395938444,184.321290177067,180.629014848948,157.682809277043,137.001331582927,97.5419780718788,134.604131221575,198.3464594498,164.245165312251,164.485075147248
2017-09-01,2017,"Q3","2017/18","Q1","September",103.496582152188,197.412132342794,103.052354630536,163.689853835319,104.858680896425,188.597283465259,103.212511477685,168.970546077954,106.087680627512,101.236634556896,100.918283117129,102.802478226428,102.469552803065,101.65963433615,104.471023435498,96.7402833594392,102.004835126486,104.226285485,102.388348029136,102.273350678071,100.647972136005,189.353898238593,155.439770296944,188.040363147575,188.634244241522,181.819496498644,158.203693332981,139.139349494461,97.1002292693297,134.231831818903,198.3464594498,164.619835429019,165.285183159112
2017-10-01,2017,"Q4","2017/18","Q2","October",103.966735441819,197.74755443582,103.27829056749,163.951202487027,105.847259534983,192.060970075483,103.511455455022,169.477852631496,106.380993820712,101.965199822068,101.539852179578,103.356118835175,103.164260808833,101.729620640469,104.166423711891,97.0855434691231,101.818561148331,104.251328103446,103.072236624396,102.824053473065,100.748480789219,189.592540257591,156.600379589471,190.217984896392,190.863346646637,182.512164849245,158.726592495929,138.304984605185,97.2470390358694,134.60468011802,198.999427753538,165.456685455904,164.912001611778
2017-11-01,2017,"Q4","2017/18","Q2","November",102.321328797124,194.711034442318,103.608241746359,164.145547089309,105.123843856197,190.497662639554,103.584782065811,169.213073291852,105.566306734934,102.020137722729,101.769072145622,102.863036545412,103.668506582551,101.849908921645,103.931031065702,103.833143273741,101.566745701109,104.251384845165,103.396386895007,102.990221993823,100.801227939581,188.230220087068,156.745259143607,189.895026566525,189.725578130056,183.438929017617,158.869262729947,137.595119197338,103.074589863167,134.464017127486,198.999489413713,165.636419461962,165.232519651111
2017-12-01,2017,"Q4","2017/18","Q2","December",100.820341132222,190.830239589788,104.016457126557,165.737286097218,105.903990354018,190.981528479139,103.83570148135,170.166313712252,104.436884465129,102.248685644971,103.051229587941,103.394044179829,103.68023965011,102.543427633939,106.357882904655,104.605489137153,101.956904168014,104.251401565419,103.853192933556,103.162604086188,101.136091650564,185.881259513277,157.072840525689,191.746737615878,189.947815443824,183.734123137595,159.507410924195,147.282194760959,103.465178981411,135.08267731365,198.999492123937,166.120593664173,165.653848845774
2018-01-01,2018,"Q1","2017/18","Q3","January",101.422199218836,191.801929249052,103.678694732389,164.869732795369,107.1084632271,192.554674723397,103.687971408457,169.66735185879,103.878554619702,102.461486698946,102.690831396849,104.18801943168,103.725979259057,102.649338506973,105.569256371562,104.530228876126,101.961826646988,104.25145830631,103.99417983494,103.162604086188,101.200583110217,184.530037893635,157.453625860945,191.967230245225,191.042911986955,183.287752425387,160.010354645497,145.69630595726,103.435949912071,135.077347073365,198.999553783008,165.791665009869,165.035258971935
2018-02-01,2018,"Q1","2017/18","Q3","February",103.40105885069,194.26676138124,103.728934413789,164.335999694614,108.819829313566,195.227648984951,104.030062456739,169.677031302769,104.336558286388,102.797391813744,104.112627246449,104.58443845785,104.317832098139,102.985121159953,106.795838192053,100.471830537199,102.266523439788,104.548964964417,104.219749748236,103.131883867741,101.575986780869,184.742596024887,157.773402973773,195.220709047884,191.988027438819,184.748807028225,160.732496690662,146.825323882818,90.0778164789387,135.279481785477,199.631341496226,166.234053602484,165.496637378982
2018-03-01,2018,"Q1","2017/18","Q3","March",105.326525541207,199.473352000117,103.861833681946,164.655603480079,108.858968832373,195.500797852298,104.32732287263,170.489695709323,104.806350739367,102.41168106121,103.984382947695,104.32745720833,104.407324750959,103.024464732193,108.264861718469,100.320986220113,102.558130059722,104.878080299102,104.390467868619,103.148935919472,101.924448782873,185.643398837314,156.804282505209,194.976989851882,191.746099274722,185.443244337522,160.615866141765,149.194573940343,90.0210550228762,135.537659543427,204.162259427101,166.29178725233,165.714449684031
2018-04-01,2018,"Q2","2017/18","Q4","April",108.412425050485,204.326545434577,104.052030298988,164.656854567968,109.771227088757,195.098491779838,104.840046981494,170.953858622889,105.547747857934,103.213222163121,104.31736920733,105.437343326855,104.402754805549,103.478948470366,108.885291250636,100.398654934901,102.589957872451,104.878080299102,104.484471546421,105.990957666707,101.516719989953,186.599028351972,157.818301209299,195.432709057495,191.86594388337,185.608342138696,160.902958936848,149.260210585077,90.724262012108,135.401751307378,204.162259427101,167.288830230007,165.845819237277
2018-05-01,2018,"Q2","2017/18","Q4","May",110.942586195057,207.681436829181,104.359414167675,165.065607582052,112.2399585431,196.95011433759,105.499910091617,171.769369981245,106.711490999733,103.852634018502,105.301813537088,106.881181600136,105.638378170412,103.554137851932,108.443591891505,100.52653207713,102.955497764419,104.878138020223,104.783827799536,105.87256190176,102.194542894867,188.164451517939,158.648410021533,197.156798137768,192.807741595097,187.083774760609,160.47406890399,149.276517305759,90.7766865730894,135.908358121766,204.16232732948,167.85172357646,166.615019114755
2018-06-01,2018,"Q2","2017/18","Q4","June",103.904415064942,197.045133073464,104.395439794046,165.240616596119,115.336628653308,205.601817014492,105.062932236756,171.477083475945,104.141721390041,103.431718641516,105.644666418726,108.596824067796,105.800480112196,104.234291036475,108.783624713831,100.379652908676,102.858945943336,104.722393771522,104.849401391281,105.431581408253,102.582069360983,184.282818161184,158.203926685554,198.104605996004,198.130450981883,187.540241224546,160.975666324434,148.888002394336,90.7766865730894,135.949766121241,206.186928973246,167.465604907685,167.498467198096
2018-07-01,2018,"Q3","2018/19","Q1","July",96.0066721781143,183.148244290347,105.486917439043,167.505329030616,118.248008832546,209.576859789329,105.418288880922,172.227115658769,101.378813482762,103.78450004905,106.106117143527,109.920295978165,105.511574725839,104.38650039813,112.201324625227,106.849805010818,104.176149603566,104.722393771522,105.120582128672,113.618839397049,102.688861541795,179.982404506413,158.48397208035,198.835428734224,200.23672872976,187.64985355313,161.022400321238,153.445643556729,109.202910384844,136.614956904298,206.186928973246,167.428872354931,168.331264924663
2018-08-01,2018,"Q3","2018/19","Q1","August",95.9921808063606,186.411899110491,106.061123830256,169.089610501742,117.042275864693,207.434303630569,105.820321061926,173.704538050371,101.790209824265,103.503143251443,107.050877499324,108.900164190631,105.349259256586,104.829421022822,114.361685870713,107.10157995099,104.360032990496,105.239731528491,105.26777241696,113.924918848071,103.295885086525,183.102311436675,158.601962039567,199.533355935094,198.534976246769,188.654534392397,161.96611175925,157.768768480316,109.287531917909,136.684770223086,206.938222341286,167.032331971376,168.928646688519
2018-09-01,2018,"Q3","2018/19","Q1","September",100.356279973568,193.148411228015,106.333377459728,169.985414049339,118.11261720769,207.731680102808,106.533823455265,175.149203235435,104.023091469869,103.599420009723,107.866692621014,109.608167733713,106.139538982296,104.923487798129,113.504456225111,107.196527943415,104.529523373805,105.239732509497,105.026390246425,114.071493748413,103.796265609344,187.131279219826,158.764325667501,201.564347099631,198.694828644903,189.541247744149,162.189577173192,157.601758462328,109.350497921299,137.272950600757,206.938228585646,167.14898826487,170.565470685245
2018-10-01,2018,"Q4","2018/19","Q2","October",100.092335702578,190.990074572953,106.280054425496,169.731461627852,117.56332947669,205.277773982892,106.428095054428,174.537965869305,103.475951305239,103.524529769939,107.822985526191,109.171351482119,105.830695889927,105.002859849997,113.851404289255,107.336999409545,104.517303952578,106.034229100976,105.327767627152,113.965225502021,103.668078997478,185.342548423307,158.896517295899,202.016072713868,197.087402742195,189.160283377017,162.13594269314,157.791200104576,109.335799071505,137.468846244295,207.790131409929,167.573003005708,170.153536231525
2018-11-01,2018,"Q4","2018/19","Q2","November",98.7694833632885,188.235236288788,106.379147330029,169.767698447846,118.050594092233,205.234307938307,106.417292551442,174.284694226656,102.797487667753,103.806415661074,107.524293339377,109.192937778046,106.088178337455,104.997536342757,115.030539297373,107.297467625231,105.05403809325,106.034227190374,105.593150067588,113.964641581461,103.607909939847,184.120776928348,159.079768406113,201.106508711219,196.876178882083,189.888412030004,162.516132373643,158.41032145443,109.369346993286,137.465225618039,207.790119248453,167.635110668538,170.472011864536
2018-12-01,2018,"Q4","2018/19","Q2","December",95.0847811435433,181.220227611211,106.672098479882,170.32705382167,117.144784733115,204.254387535431,106.253701033593,173.959884039603,101.422989872296,103.734633853649,108.302228183704,108.622952439177,106.395963624206,105.074243692217,116.468020435187,107.324170821283,105.215842125216,106.03423082307,105.903634205763,114.010635057101,103.79107315717,181.163796511544,158.787608375938,202.333744216144,196.218659107527,190.79124785492,162.550597956762,161.720828606778,109.356272977749,137.644036139296,207.790126847343,167.89735141632,170.846225422899
2019-01-01,2019,"Q1","2018/19","Q3","January",93.3354170241635,181.906598267524,106.953208005519,170.477000170612,117.731377830987,206.344245879763,106.361643811883,174.30876859738,101.393248736594,104.048643693032,109.382439687169,109.263738916129,106.508785990303,105.202196354778,115.121395838697,107.140863221038,105.6652208607,106.034248163633,106.578548045751,113.841951013672,104.189665688418,181.778631761727,159.300150912094,204.85000272437,197.823296511027,191.202238995711,162.798503337121,159.513130529714,109.118650861392,138.31095316165,207.790135583984,168.744811278075,171.490100602573
2019-02-01,2019,"Q1","2018/19","Q3","February",94.2593917698812,185.74649163741,106.656668371662,170.501741400176,117.602237495572,206.747376477618,106.192107742702,174.749303734116,100.576450406618,104.30537046149,108.751776041558,109.178985885201,105.704838867542,105.009833780858,115.785084325811,107.347601965372,106.274176814681,106.073671951119,106.427442262147,113.841951013672,105.010087241588,182.116787356101,159.521113600404,204.072356966797,198.094508385621,189.804275308095,162.641232525282,160.680405914777,109.315784109027,138.534405261606,208.213031494107,169.38041384739,174.075984726194
2019-03-01,2019,"Q1","2018/19","Q3","March",96.7519375456442,179.760887804742,107.428903772907,172.266095281689,116.849874296909,205.915111521604,107.028433651355,175.532926562286,101.815076722657,104.847420087047,109.70364257473,108.923128884725,106.2210018071,105.334942222211,118.333547601706,107.386226831815,106.649232156418,106.484527022154,106.723741586179,114.042057230465,106.100479002426,180.288793103458,160.575033861257,205.706215697098,197.726409881529,191.065052524167,163.194480403392,166.493400465457,109.343587656754,139.184863729418,211.568476951631,169.410128807331,176.109993614496
2019-04-01,2019,"Q2","2018/19","Q4","April",102.915451711789,191.596734269083,107.172367027877,172.488825209597,116.634731243809,205.550128098239,107.385175096515,176.891794349524,104.013441053429,104.794886349165,109.630819452711,109.033398861637,106.163324993609,104.950939257703,118.464943295149,107.306841683626,105.649774763131,106.484527022154,106.829921905809,104.849041824385,106.443393121688,184.489946087914,161.101183695607,205.634979545248,197.913712297894,190.753289951426,163.464278464513,166.72846887061,109.294566908516,138.607721101939,211.568476951631,169.38636044674,178.136960548538
2019-05-01,2019,"Q2","2018/19","Q4","May",106.206758530952,196.54175615174,107.227298965666,172.606123000062,116.290950464878,205.92147931177,107.72187492799,177.518506178229,106.222480810162,104.702404982631,110.045116137032,108.871323570065,105.632636474588,105.102234455402,118.381070679482,101.385267095196,105.798989085065,106.484543407333,107.005516825286,104.404423762685,106.585737725993,187.697846748176,159.721165495437,206.550330380485,198.236094664533,190.433784634416,163.116321372697,166.328515269911,103.91255183692,138.690607905264,211.568479607542,169.648577623286,178.356953019836
2019-06-01,2019,"Q2","2018/19","Q4","June",101.794673333455,189.74210892183,107.452731820083,173.375750084971,113.714660573819,204.506655651328,107.323374868198,177.356447927318,104.76252303516,105.397184682212,110.999070777775,107.523998340912,106.641837224594,105.221052875054,117.880592906618,101.410286024735,105.653338166782,107.355993036102,106.792355767458,104.399852251526,106.873428230533,185.266799184594,161.058624829733,207.750091373813,197.594962367175,191.639947457378,163.66464803105,165.581096720096,103.91254136659,138.907897852811,220.23558173182,169.753829772674,178.943969794169
2019-07-01,2019,"Q3","2019/20","Q1","July",98.4984450652916,181.70441464964,107.621310423169,173.381809065082,115.52774825437,205.607074162491,107.2697805818,176.626740166353,103.925365214987,104.933575731971,111.543852519621,108.615781314312,106.662883700908,105.952931808622,118.546386598203,94.4022310454421,105.697971211063,107.355989654892,106.908364681678,112.593201542042,107.710748410113,182.471580792416,160.631318640304,209.498245914345,198.304787873273,191.609621212077,164.376708471996,165.814560799795,98.3086512525817,138.878539191618,220.235580911413,170.330130169699,180.372416296992
2019-08-01,2019,"Q3","2019/20","Q1","August",98.6080841489046,183.722755727778,108.15315024328,173.625389397217,116.511926347217,209.590972909264,107.790993770313,177.329124444433,104.080809809472,104.749695850278,111.500747429647,109.275906392777,107.281349008889,107.515526046833,118.789499735926,94.6262279052862,106.462286220635,107.997296593145,107.331527786462,118.838831256814,108.200942003014,183.291648083566,160.08221291602,208.749853422399,200.983713615469,192.529734152536,165.777063945357,165.138421947276,98.3374313265887,139.737534693968,221.564655342114,170.277495237626,181.317621991102
2019-09-01,2019,"Q3","2019/20","Q1","September",102.272542315612,187.388633535522,108.376769697739,174.304917047869,118.526148847618,212.974129326062,108.45873515799,178.513366561959,105.741968167071,105.027137002801,111.984541996775,110.832247167281,107.559813651287,107.712585922838,118.103189336515,93.238131329294,106.279557332672,107.997296593145,107.60749241134,120.421715715051,109.515929280495,185.52376239792,161.2125253271,209.535205539023,203.323347306369,194.002159862612,166.347009571374,165.086262962896,98.3375825922683,139.710220802924,221.564655342114,171.08302659404,182.426573481039
2019-10-01,2019,"Q4","2019/20","Q2","October",103.07065727057,189.273110407216,108.184731256305,174.225761532858,120.857809329287,215.836850316393,108.525600441137,178.852755936045,106.110302179056,104.972297709211,112.14525337262,112.49840672882,107.671930439766,107.849336626853,117.539640270589,93.3131062968987,106.417820123564,108.610665638283,107.549882311427,110.323145859391,109.905503282407,185.975651575036,161.392354806414,209.931764249334,205.437814707028,193.767059985862,166.537194995505,164.094939689704,98.3375825922683,139.82150880848,222.007120792139,170.99464794466,183.089474135465
2019-11-01,2019,"Q4","2019/20","Q2","November",102.933013228059,188.309470657406,108.274726081704,174.622219905394,119.730107008811,220.473427795279,108.514460027521,179.426728538707,106.432110069326,105.409695634948,112.542793567336,111.865164780174,107.064894806919,108.16369269395,117.77952594916,93.3282409364343,105.907334112576,108.610669974791,107.831924541253,105.718555641263,110.229389342742,185.778037724687,162.464183658905,210.624448333795,208.518937496521,193.934867596827,166.946723191822,164.815732216503,98.3375800438077,139.549024626452,222.007127693263,171.778006556325,183.682660511161
2019-12-01,2019,"Q4","2019/20","Q2","December",102.54025671132,187.392613343894,108.619910061267,175.4534834103,119.808921294997,222.23953009415,108.772075087227,180.149986390179,106.232817501217,104.744955797608,112.768076125774,112.100593204691,107.442698408522,108.698186741441,119.735470280143,93.4600576917837,106.57678315259,108.610669974791,107.77500207258,105.901930814828,110.424111516123,185.622789784562,162.387372985952,211.09468970776,209.858702878595,194.9111510791,167.477923059587,168.089855710237,98.5058587440703,140.009474057388,222.007127693263,171.641303758117,184.307906996538
2020-01-01,2020,"Q1","2019/20","Q3","January",102.387439718364,186.573808266108,109.06681274431,175.68381569068,119.630298953456,222.248714703266,109.121110252864,180.257260289998,107.350748723834,104.994612009064,112.347272846343,112.299034644321,107.179925955958,108.899810305073,117.244482764218,93.5136023330571,107.595791896766,108.610669974791,107.971240244611,116.630533289726,110.318338119807,187.421406076424,162.482471376659,209.716028704795,210.449112858733,195.177801918112,167.865854321267,164.866489067743,99.4856100709695,140.094562598311,222.007127693263,170.994413421151,184.078029730278
2020-02-01,2020,"Q1","2019/20","Q3","February",103.195964670564,188.124025709908,109.274220050617,175.85604201913,119.137890714509,223.372440946063,109.340005814073,180.640335467087,107.708502624926,104.94342150677,112.835152088957,112.172371882822,107.683648709485,109.663397756325,116.347376946398,94.0736465806866,108.80601724902,108.853839675552,108.427278221476,116.630533289726,110.269029024699,188.49977383486,162.625298522746,211.186130209278,211.273062231153,195.59760223841,168.369239908555,163.035257325544,99.7309135017502,140.857156630156,222.76792664503,171.44676484682,183.822069671734
2020-03-01,2020,"Q1","2019/20","Q3","March",100.768275041407,184.333426761603,109.408513057067,176.609925632815,118.919865879698,221.717022773139,109.207644847706,180.753112149157,106.77313414796,105.014492579474,113.081805597964,112.178768144977,108.109369537699,109.615001939905,117.070383932328,94.0345596316263,108.858536071003,108.853838548487,108.371988374582,116.630533289726,110.456329422129,187.547709063489,162.276566870965,211.843276370423,210.341313317793,196.160031850406,168.423411832846,165.563999676761,99.7309135017502,140.938809325073,222.76792664503,172.293703213496,184.528192606947
2020-04-01,2020,"Q2","2019/20","Q4","April",103.988223543668,187.799617326677,110.196751508744,178.363997184175,119.093530876747,222.608050033752,110.187033479222,182.616877062201,110.036699516074,105.230126357046,113.17045251576,112.409869361993,108.443398433517,109.7860971905,117.109438057521,94.0345596316263,108.86142952962,108.853838548487,108.716451901715,116.630533289726,110.442269447641,193.391421996551,162.590253792772,212.01777795226,210.911765723723,197.368784285952,168.38258077712,165.616872256734,99.7309135017502,141.146589201819,222.767932725658,173.210044504862,184.515431382813
2020-05-01,2020,"Q2","2019/20","Q4","May",106.478706836841,187.959212349254,110.389425792368,178.053498185946,119.023128103112,223.638381298349,110.581067430562,182.453972100173,111.334022462264,105.584381183992,113.182819178207,112.666216904977,108.960802113731,109.980962304118,116.94280619544,94.1776602318365,108.703231278115,108.853839503771,108.803974237156,114.37588751366,111.00081035965,192.52093114369,162.64267672914,211.999811220041,211.666721836295,197.547631573856,168.5018539384,165.428474314422,99.7309135017502,141.021369863804,222.767932725658,173.723842505214,184.262406947474
2020-06-01,2020,"Q2","2019/20","Q4","June",101.129153100674,180.557675288261,111.389284900902,181.815462290334,119.564457324044,221.527463490059,110.94713759482,184.64445187186,108.262640198827,105.497153617577,113.407371932054,112.996265576582,108.921721138888,110.370312902802,127.668592754114,94.3891950860867,108.752277317534,108.853839503771,108.676772922919,114.37588751366,111.216936227047,188.733457172879,162.341919782872,212.631751865234,210.359173310353,197.606518423611,168.828506849579,189.675734083215,99.7309135017502,141.102466560485,222.767932725658,173.814189782547,184.719080607112
2020-07-01,2020,"Q3","2020/21","Q1","July",95.3686548903602,171.631640704287,111.861725563444,183.43652099044,118.754187787259,219.205187475034,110.743067771127,184.900319087886,105.705967812107,105.790042593194,113.275399916326,112.328879567139,108.816144791436,110.714132330802,133.272621864996,94.4973226969947,108.482738048143,108.853840459048,108.175122058313,114.393688725559,111.400839571666,185.427158325521,162.596322764097,211.933961917617,208.735917342886,197.461647087842,169.408452460459,199.846476201616,99.7309135017502,140.988008112099,222.767944886783,173.408800255168,185.022966934665
2020-08-01,2020,"Q3","2020/21","Q1","August",96.7184119596188,173.730482395936,112.020887507239,183.857587719394,118.622508611261,218.539938533574,110.996475967466,185.41096600571,106.147600955708,105.656555716679,113.334287088167,111.925836047098,108.988460338725,110.720392474015,134.612055838809,94.7136796399266,108.723876152646,108.853840459048,107.9728852853,114.392745128058,111.852266023194,186.405600241674,162.54160568211,212.612358302902,208.346341850794,197.668106405072,169.428997469086,201.770916312694,99.6987799104681,141.031391949942,222.767938806242,173.048092175288,184.8874016077
2020-09-01,2020,"Q3","2020/21","Q1","September",97.1954867666993,175.756340433215,112.362750630935,185.137407207684,118.727448453181,217.879345058233,111.335733064231,186.62210862819,105.767394816264,105.986447974102,114.292931666425,112.079185995241,108.54026224129,111.013267012021,137.909467735987,94.7590788144257,108.922493436742,108.853840459048,107.948747724017,114.392745128058,111.846578446615,185.840945367491,163.424818078985,214.714075678131,207.995128397447,196.656981099598,169.741578586507,210.820986692672,99.6528948794629,140.769887872956,222.767938806242,173.06441368652,186.018365934796
2020-10-01,2020,"Q4","2020/21","Q2","October",98.896858755743,177.792632018564,112.630883738777,185.245174806877,120.110526419993,218.722830451903,111.812952282232,186.980593205892,105.995953325288,107.189204548381,113.484807768192,113.103778348674,108.748770711871,111.029549236776,140.675845090891,94.9770549873219,109.011929816874,108.853842369581,108.157458498352,113.976215346091,111.762328585599,185.715844823814,167.700370944242,212.668777111094,208.682698670162,196.570777232387,169.778852290205,212.633955020033,99.7663513853243,140.841969143341,222.767932725789,173.690475767832,186.048728748522
2020-11-01,2020,"Q4","2020/21","Q2","November",95.3197487268659,174.640742326164,112.474173517444,184.669693694118,118.539731123641,217.347320280443,111.238641344863,186.083781495201,104.138974257211,107.579842118665,113.322739641766,112.261481811466,108.367900257752,111.83825863467,140.495682158464,95.0375994432349,109.345533894213,108.853842369581,107.53087823964,113.998794913414,112.608895007228,183.997875391541,168.667354758933,212.476185617546,207.868781000855,196.122790205236,170.116641005662,210.671454484115,99.7663513853243,140.852969629343,222.767932725789,172.566993297181,186.112533165046
2020-12-01,2020,"Q4","2020/21","Q2","December",95.1383618700711,174.226163575322,112.829531482033,185.775507661119,117.355291679695,212.102967502558,111.44244143792,186.562317549284,103.84033743305,107.385505982603,115.115284284715,111.289121215635,108.731833060183,111.860680678574,142.888787599097,95.1020050298597,109.408950058364,108.853842369581,107.493159725333,113.998794913414,112.549003944065,183.726760109635,167.803438400512,216.951270510719,204.653106936239,196.899829456615,170.102347471735,215.554304449255,99.7663513853243,140.872127168073,222.767932725789,172.837726108894,186.393855325765
2021-01-01,2021,"Q1","2020/21","Q3","January",95.3411048190798,176.120626447311,112.72321652472,185.364683444421,116.39073724457,217.941913279202,111.309497323677,186.851041667554,104.294161373789,107.270606142423,114.834585176775,111.042837266827,108.471492356836,111.858066198302,140.745372567739,94.9184103230906,109.334778719303,108.855619723248,107.917955837511,113.998794913414,112.648808540139,185.229688936674,167.243356342897,217.076400370986,208.50895933703,195.953396779615,170.07752010422,211.117859856472,99.7663513853243,141.091966951289,222.775767473654,173.483779632155,186.543710927551
2021-02-01,2021,"Q1","2020/21","Q3","February",98.0203617338973,180.051810431603,112.983697104699,185.685870822833,117.349341836813,217.669541989858,111.845584959454,187.4948121033,105.484723375226,107.743447141725,114.596517629626,111.613242587989,108.642554907689,116.142870111555,140.143664729904,94.8576730455391,108.971428754638,108.855619723248,108.308858338711,113.998794913414,112.477284239974,186.839518916964,168.085236063061,216.305828577555,208.385205488928,196.003099258968,175.231855808694,210.076934731251,99.7663513853243,141.337124280282,222.775767473654,173.384861329091,187.375161582026
2021-03-01,2021,"Q1","2020/21","Q3","March",100.473972116427,182.737674263428,113.157730132304,185.913378550843,116.528676798238,219.860825084404,112.171486842886,188.11830369694,107.186997092954,107.397120915383,114.223023396577,111.246392816652,108.566918652237,115.518433516074,139.096209876607,94.9552635142819,109.615755674916,108.855619723248,108.838355752648,113.998794913414,112.536040230702,189.527974812644,167.054965355347,215.884699273285,209.748980353589,197.067123866137,175.325781135898,207.563894699865,99.7663513853243,141.131694781552,222.775767473654,174.589047559869,187.184452384856
2021-04-01,2021,"Q2","2020/21","Q4","April",102.346358055017,,113.355790760784,,116.197595162589,,112.494243459467,,107.885712121609,107.355933977502,114.624352499024,110.779916620606,108.969891817238,115.862520452721,140.052056788648,94.9511080765261,109.384719786562,108.855619723248,108.771080337135,113.998794913414,113.234266756943,,,,,,,,,,,,
2021-05-01,2021,"Q2","2020/21","Q4","May",100.440595936152,,113.771452573287,,116.28566512419,,112.667743532306,,107.433295743977,107.522280974173,114.63772489367,110.699792862966,109.437314726822,115.900453307117,141.421381343442,95.1551091806607,109.438991313725,109.501236228509,109.575960577123,113.622258931768,113.574285796486,,,,,,,,,,,,
2021-06-01,2021,"Q2","2020/21","Q4","June",98.3459212233898,,114.441238241732,,118.004360696805,,113.143084454636,,106.579802170721,107.19352301979,114.695699149256,111.344997607773,109.835043534048,115.931097050987,147.948839231632,95.2130876156614,109.620476954994,109.507533965374,108.93076566771,113.622258931768,113.371104942129,,,,,,,,,,,,
2021-07-01,2021,"Q3","2021/22","Q1","July",96.1916190478634,,114.659802345684,,117.679125452054,,113.100481372442,,106.429333685823,107.197314353563,114.674151888465,111.317878963035,110.114801178149,116.277795841155,147.57752177589,93.174391628324,109.27448940684,109.507533965374,109.546815755051,115.222324526707,113.896949053429,,,,,,,,,,,,
2021-08-01,2021,"Q3","2021/22","Q1","August",97.2491985126386,,114.47299852167,,117.978993442746,,113.063791815992,,107.57013224969,106.706795733001,114.917893116282,111.126197172862,110.860149380142,116.345764353398,144.481869652508,93.1363214482652,108.379806264435,109.507533965374,109.622457939832,115.312043295077,113.872312857519,,,,,,,,,,,,
2021-09-01,2021,"Q3","2021/22","Q1","September",100.304386834668,,114.84816562649,,118.987900430056,,113.735208855778,,108.834480113189,106.978900995651,115.394210934232,111.559504549598,111.782598720231,117.121101841715,144.587980509289,94.0977665055707,108.432608703582,109.507533965374,109.654411026908,116.853657556323,115.070275962038,,,,,,,,,,,,
2021-10-01,2021,"Q4","2021/22","Q2","October",100.601920315541,,114.977685265517,,119.844814894553,,113.92818841152,,109.2321994619,106.65155429492,115.948562067175,112.120252921349,112.986201770995,117.0997146233,144.00876465723,94.1081406975481,108.573985480188,109.507533965374,109.674163030094,116.860500971762,114.977024938758,,,,,,,,,,,,
2021-11-01,2021,"Q4","2021/22","Q2","November",98.7284732758774,,115.348318198217,,120.955934594625,,114.133734692231,,108.958744578791,107.2080095729,115.49047736738,112.399145348374,113.425809779999,118.075720926407,145.370181953832,94.090164786986,108.431029847938,109.507533965374,110.240410728657,116.861369887131,115.150007196119,,,,,,,,,,,,
2021-12-01,2021,"Q4","2021/22","Q2","December",97.8436069339977,,116.05839205783,,121.052638411205,,114.652084433748,,109.347412551131,108.716715480244,116.025599402631,111.821156412216,114.132154948346,117.934271979452,148.914035727722,94.08388417468,108.971493298623,109.507533965374,109.350784788021,116.861369887131,115.717225765572,,,,,,,,,,,,
2022-01-01,2022,"Q1","2021/22","Q3","January",98.8809398763286,,115.297446102385,,123.915704971552,,114.298722109595,,109.827648936112,108.532063025511,116.745965552637,112.211108976427,114.78665378163,118.367236525924,141.043552465116,94.1362190217728,109.476355913456,109.507533965374,110.444140645983,116.861369887131,117.208751868524,,,,,,,,,,,,
2022-02-01,2022,"Q1","2021/22","Q3","February",98.6762245287483,,116.522886957697,,125.607561391684,,115.418594061213,,110.277834807593,108.836246874917,117.475026362323,112.865286834742,119.021667479265,118.701362482756,141.025750690899,93.5010187266316,109.576010029381,118.671461095239,111.779377448682,116.865714463976,117.648125763815,,,,,,,,,,,,
2022-03-01,2022,"Q1","2021/22","Q3","March",102.333383537332,,117.185970153854,,126.428167318063,,116.376709926536,,111.853275872003,108.612863006732,117.880681384139,113.394332049245,123.538658420116,117.956486556247,141.562054181069,92.7099280873504,111.375926070243,118.67042490321,113.601885917395,116.865714463976,117.724315776308,,,,,,,,,,,,
2022-04-01,2022,"Q2","2021/22","Q4","April",107.82417448691,,118.257345610507,,129.171455712507,,117.977526891427,,115.280824806417,108.914295099668,117.903705095559,115.810002015695,126.978097440516,118.087732322105,143.256652427636,92.6475897807803,112.560629521933,118.670088281287,114.242361899689,116.778292164153,116.773462549993,,,,,,,,,,,,
2022-05-01,2022,"Q2","2021/22","Q4","May",114.102252536668,,119.546276397931,,130.207718938629,,119.724455405425,,119.278624693902,109.956186740149,118.140814665495,115.620456287421,128.351657277021,118.373772796935,147.597690026315,92.5596005634778,113.048803873619,118.670088281287,114.295026041065,116.844537809102,118.026855351632,,,,,,,,,,,,
2022-06-01,2022,"Q2","2021/22","Q4","June",112.559009757562,,120.747602951741,,134.744882688056,,120.882509174531,,120.477272698821,114.22894474907,118.615497524077,116.767484010891,128.185883968395,118.337283077325,150.399117753516,92.8169289388025,114.010116523609,119.23706010662,115.557887774063,116.479626803255,118.731146210669,,,,,,,,,,,,
2022-07-01,2022,"Q3","2022/23","Q1","July",112.014632035201,,121.935298481996,,137.936428845811,,122.036278890615,,122.314741862861,114.288113397448,118.54979009717,117.082545406002,128.999185935759,119.588919991593,154.416129174251,91.9308702929757,114.73770020115,119.236288991473,115.989645286409,116.649792882956,120.005157597275,,,,,,,,,,,,
2022-08-01,2022,"Q3","2022/23","Q1","August",115.499219965231,,122.734352265591,,141.076201129503,,123.243530729046,,124.464325118707,114.131667982392,118.793253041446,118.040838490757,128.810365408765,120.134056451742,157.122373866119,92.056208373754,115.354722838779,119.237661805424,117.106969154123,116.696596615605,121.4891714204,,,,,,,,,,,,
2022-09-01,2022,"Q3","2022/23","Q1","September",121.951103975886,,124.206226386423,,141.215254950833,,125.102026103297,,128.879915296414,115.260826505196,119.284459014296,118.391454598223,129.854955858575,120.634299775509,157.284182244601,92.8441922302265,115.641737037367,123.525578774283,117.829595826753,116.696596615605,123.288324006867,,,,,,,,,,,,
2022-10-01,2022,"Q4","2022/23","Q2","October",126.313054777876,,125.186506785302,,138.011955105499,,126.13083369409,,133.4703423693,115.891792059696,119.787767099056,117.740147911057,130.077621967598,120.652844108077,154.737997043385,93.327738288452,114.799189352801,123.525578774283,118.446186765033,116.725090559428,123.579819480416,,,,,,,,,,,,
2022-11-01,2022,"Q4","2022/23","Q2","November",126.199736958129,,125.474717584014,,135.738687996931,,126.213655635556,,133.70027125184,116.553257730107,120.875556121219,117.858401954364,130.583939900071,120.496457925629,152.736258558578,93.152066744074,114.923259419337,123.525578774283,118.47742578639,116.725090559428,125.389858131428,,,,,,,,,,,,
2022-12-01,2022,"Q4","2022/23","Q2","December",126.620850604315,,125.770976029052,,133.923900057141,,126.383988856518,,134.492561066632,117.374576333364,121.392990748179,117.399540329603,130.464208365346,120.561084992498,151.10095470036,93.191030615086,116.414668519848,123.525578774283,118.162110191491,116.725090559428,126.518315832057,,,,,,,,,,,,
2023-01-01,2023,"Q1","2022/23","Q3","January",126.148443315002,,125.642566893961,,133.316648822065,,126.191607285481,,134.987451369765,117.667850410402,121.090885705875,118.40807934564,130.127619478747,120.479716456256,148.00636722875,93.4053280907154,115.113159528528,123.525578774283,118.068732735037,116.540601114583,126.329626250744,,,,,,,,,,,,
2023-02-01,2023,"Q1","2022/23","Q3","February",125.664843459785,,125.613948394404,,132.114159266271,,126.043093004958,,133.340258046226,118.679000939327,121.807530124276,118.493047076307,129.783871693496,120.584772881546,148.628379664327,93.7088206688818,115.090135108737,123.525578774283,118.890556580873,116.539817217776,127.468457662223,,,,,,,,,,,,
2023-03-01,2023,"Q1","2022/23","Q3","March",129.706548659322,,126.146380170094,,131.995882631657,,126.866797438668,,135.22585582215,118.525094354813,122.201454265414,118.298586016743,130.253607368861,120.049488061603,147.676764800481,93.8540530434019,115.033812279676,127.390434386502,120.773939857437,116.539817217776,127.881241758165,,,,,,,,,,,,
2023-04-01,2023,"Q2","2022/23","Q4","April",135.070202443165,,126.261806104923,,131.893110793655,,127.467110879844,,136.535260286391,118.36036634366,122.060890574901,118.334631765943,130.570451796436,120.207229318161,148.860034041762,94.7934920504749,114.488618858915,127.390434386502,120.171420619816,121.485983056347,128.573808361325,,,,,,,,,,,,
2023-05-01,2023,"Q2","2022/23","Q4","May",132.024072937952,,126.242562020275,,131.38992211219,,127.128406444657,,135.377980636319,117.991106933452,122.343872360092,118.186088903338,131.102375423508,121.645892344184,147.227143130716,94.8581278668305,114.534737640232,127.38906157255,120.462692193167,121.485983056347,129.139975193877,,,,,,,,,,,,
2023-06-01,2023,"Q2","2022/23","Q4","June",126.415594657558,,126.543170720556,,130.57482302638,,126.794205613896,,133.682699829321,118.601927370925,122.284943154772,117.706081965076,130.610574964505,121.800785659134,146.490921319775,95.1548654998837,114.478961091946,128.189234251791,122.179769457301,121.485983056347,129.907367498146,,,,,,,,,,,,
2023-07-01,2023,"Q3","2023/24","Q1","July",122.435937110862,,126.553706293475,,135.724077354193,,126.760687808034,,132.080253537437,118.617478034815,122.555812517224,120.894510391319,131.211282903881,122.610867158883,145.848095561529,95.1178492332823,114.417351649351,128.189234251791,122.183034182549,121.485983056347,130.879071597855,,,,,,,,,,,,
2023-08-01,2023,"Q3","2023/24","Q1","August",126.800978332391,,126.839651919095,,137.209327494596,,127.512859231161,,134.022862316834,118.396769290761,122.097529845738,122.023490569131,131.894448166681,122.771151161838,146.237790957026,95.1046066617899,114.272283949207,128.189234251791,122.954684661662,121.477293902658,131.041139245706,,,,,,,,,,,,
2023-09-01,2023,"Q3","2023/24","Q1","September",131.602665916153,,127.243139425188,,139.482044407997,,128.456650485876,,135.454460572993,119.897093064995,122.630895996739,121.938254694386,133.068363423525,122.82731566388,149.760753163694,95.0479877917221,115.041529579196,128.18786143784,122.809839993026,121.463994345802,131.399811407588,,,,,,,,,,,,
2023-10-01,2023,"Q4","2023/24","Q2","October",134.706644368625,,127.661027023562,,141.013943088874,,129.202715193118,,136.998013035982,120.904463194882,122.666991010951,122.365171785019,132.665707030714,123.134449677095,149.287982532553,95.0705812418117,115.126314510806,131.063555721461,123.41227334375,123.192861894094,132.006476223891,,,,,,,,,,,,
2023-11-01,2023,"Q4","2023/24","Q2","November",134.320164817886,,128.024199914177,,141.508491200498,,129.503168286741,,136.523683955508,121.321538832247,123.987853059183,122.149019732178,132.81144628325,125.771992873971,150.291453488063,95.1488031741005,116.54918596923,131.063555885624,123.564321698457,123.174035394433,132.349442152004,,,,,,,,,,,,
2023-12-01,2023,"Q4","2023/24","Q2","December",129.80056002005,,128.662490520508,,142.475135085979,,129.67235286667,,134.681403865906,121.582941631814,124.892846708917,122.855941899323,132.960935734527,125.983791127189,154.738470560754,95.1665004397927,116.742830932103,131.063555885624,123.307264363399,123.184172740404,133.279336393044,,,,,,,,,,,,
2024-01-01,2024,"Q1","2023/24","Q3","January",129.480200676877,,128.68741835812,,143.171700846136,,129.708283789124,,134.973458121583,121.661240101591,124.998389841056,123.512059436075,133.618587010415,126.751656758058,151.73517856485,95.1234997910852,117.126021147071,131.063555885624,123.801974268341,123.271898043002,134.416926956886,,,,,,,,,,,,
2024-02-01,2024,"Q1","2023/24","Q3","February",126.352419940996,,129.86641359435,,142.669198538063,,130.367924410997,,133.97124383153,121.205319954539,125.398869017771,123.729035700043,133.860763088457,127.377317888477,151.371886516562,95.2875535970313,118.118136007958,141.474540181772,126.007247545904,123.287895141513,135.181627169701,,,,,,,,,,,,
2024-03-01,2024,"Q1","2023/24","Q3","March",129.241593713028,,130.380877729735,,142.051601647326,,131.034338486754,,134.54540095645,122.680381927201,126.050708994508,123.660438685533,133.952827255535,128.132965405893,152.260506340032,95.5523493631939,120.735573004348,141.474540181772,126.464449445162,127.05708942256,135.444561891324,,,,,,,,,,,,
2024-04-01,2024,"Q2","2023/24","Q4","April",131.867482486777,,130.651377579654,,142.348564228448,,131.530573960512,,135.434855884623,122.720250265241,126.745555157103,123.995337287766,134.403530496923,128.823262918903,153.185437194996,96.1791896803383,120.661518225708,141.474540181772,126.420862478552,127.072053233179,135.422376331777,,,,,,,,,,,,
2024-05-01,2024,"Q2","2023/24","Q4","May",130.227353464509,,130.951489170577,,143.900494340094,,131.727872827432,,134.193200469664,122.895632069779,127.486091626775,124.995112161816,135.373480453831,130.802322244446,154.5308139125,96.2670928745096,121.303593206244,141.474540181772,126.732140305227,127.072053233179,135.903199433759,,,,,,,,,,,,
2024-06-01,2024,"Q2","2023/24","Q4","June",126.987588528338,,131.35917831151,,144.051589849377,,131.7719231399,,133.156752295311,123.110217164145,128.056101170869,125.003801549267,136.426425366703,131.462630867325,154.452655920582,96.3452365396891,121.068695591492,143.681325836823,127.198555339921,127.072053233179,136.660767771028,,,,,,,,,,,,
2024-07-01,2024,"Q3","2024/25","Q1","July",124.92081360981,,131.592667453893,,144.12971375751,,131.776505114744,,132.322530591308,123.02007979173,128.189736570122,125.520012104276,136.583208478676,131.472371922182,155.052933852846,96.3405668672261,122.633417932542,143.681325836823,127.161346824262,127.034175286982,137.145416138865,,,,,,,,,,,,
2024-08-01,2024,"Q3","2024/25","Q1","August",126.076052859572,,131.785196008785,,143.640866793065,,132.016114758092,,133.26345826061,123.209080569157,128.832171046996,125.72359785664,136.528423434413,131.675532973229,154.11972083368,96.3313483788881,123.008352056952,143.682698650775,127.086388884943,126.285484492067,137.284480008356,,,,,,,,,,,,
2024-09-01,2024,"Q3","2024/25","Q1","September",126.253716896057,,131.992214613768,,145.69132009333,,132.340672657767,,133.439558578729,123.406536741662,129.305589551071,126.981465152402,136.712313652355,132.570096358129,154.105652911722,96.4749478579827,123.063381256025,143.682698650775,127.313171188216,126.285484492067,137.772784181629,,,,,,,,,,,,
2024-10-01,2024,"Q4","2024/25","Q2","October",127.605545720693,,132.631107712246,,145.705822479845,,133.006611812593,,134.070447699799,123.602912755283,129.151202773104,127.473583077213,137.385401816224,132.75047066919,156.540826122242,96.8438480631793,123.027158813749,144.510063073815,128.161211193276,126.406744835794,137.996347565621,,,,,,,,,,,,
2024-11-01,2024,"Q4","2024/25","Q2","November",128.926332481451,,132.928312916713,,144.595271264467,,133.309272355095,,135.043980370463,123.716323302533,129.0286817332,127.17460880786,137.010650576841,133.202511551837,155.868392036567,96.8706996403427,122.877231852666,144.510064540285,128.30744056087,133.454120725409,137.522680470618,,,,,,,,,,,,
2024-12-01,2024,"Q4","2024/25","Q2","December",128.909022247476,,133.697556228636,,143.962436058476,,133.912189507498,,135.004539698468,123.93562453044,129.453311028733,127.082505274039,137.312519033889,133.285674032324,160.445756731059,96.8661147129478,122.76232048316,144.510063073815,129.235017437536,133.454120725409,137.759967005971,,,,,,,,,,,,
2025-01-01,2025,"Q1","2024/25","Q3","January",129.789028212797,,134.11870832704,,143.610014265089,,134.326485314884,,135.779165027687,124.820970604715,130.623995776081,126.926145233746,138.642973012454,133.951316596418,158.297921798522,96.915352128068,122.222085328167,144.510063073815,129.773566975407,142.732647435705,137.755775762094,,,,,,,,,,,,
2025-02-01,2025,"Q1","2024/25","Q3","February",131.817670337398,,134.958580327785,,143.020176602869,,135.186089833727,,137.036877138388,125.271250789686,130.81609037555,126.654687671182,138.83774764726,135.331510120157,157.923441219773,97.0264507838631,122.500790602523,150.875710215117,130.748141863993,142.732647435705,137.904918861155,,,,,,,,,,,,
2025-03-01,2025,"Q1","2024/25","Q3","March",133.230128332511,,135.123670871837,,142.59080141114,,135.431006701499,,137.29758869534,125.534732325305,130.969598647941,126.407011534326,139.167681116856,135.819715358181,158.226006265562,97.4290436523006,122.690252580182,150.887095804391,131.375972188724,143.733956192722,137.957692406277,,,,,,,,,,,,
2025-04-01,2025,"Q2","2024/25","Q4","April",135.011466869111,,135.724620897775,,142.397603811292,,136.092378720361,,138.868282489413,125.723664789053,131.56540636238,128.207260706511,138.887329009655,136.204817766884,157.869402508068,97.410213955279,122.667885447456,150.887095804391,131.689960212926,143.731478526115,138.090017126449,,,,,,,,,,,,
2025-05-01,2025,"Q2","2024/25","Q4","May",135.880745726254,,136.416489379248,,142.556537257045,,136.766332159985,,140.618584910422,124.93419100103,131.684049877518,128.01164871052,139.083172569167,136.543681508687,158.704630430729,97.380459379375,123.62354277895,150.887095804391,132.615318168018,143.731478526115,138.147324929161,,,,,,,,,,,,
2025-06-01,2025,"Q2","2024/25","Q4","June",132.951411185918,,136.813661914152,,143.763799456162,,136.900017637057,,139.599219970515,125.34553251071,132.150340069709,128.624428371626,138.950269887847,137.465792756446,158.901010133186,97.9359385799936,124.480430385772,152.794558865966,133.124640553722,143.731478526115,138.459652575814,,,,,,,,,,,,
2025-07-01,2025,"Q3","2025/26","Q1","July",128.941062144853,,137.030064361382,,144.142952307738,,136.72506029813,,138.17977040819,125.352270258982,132.085429530559,128.978370404984,139.174776818149,137.807179476672,158.986234241623,98.0684612062563,124.364954249213,152.794558865966,133.456992046195,146.992297468652,139.14420111007,,,,,,,,,,,,
2025-08-01,2025,"Q3","2025/26","Q1","August",129.81978541483,,137.144315271598,,145.166419514029,,136.971365537671,,138.216049720072,124.678036179566,132.339674928734,129.558048553785,139.446783056601,138.106944251372,158.807619392512,98.8343877348951,124.831635589509,152.794558865966,134.207122798588,146.992297468652,140.125967323461,,,,,,,,,,,,
2025-09-01,2025,"Q3","2025/26","Q1","September",135.626823687151,,137.216949538709,,145.561925751528,,137.610443463243,,140.314014284534,125.100678992598,132.144896789885,129.849843410223,139.278337825455,138.081737340712,159.141037222332,98.9772540771226,124.846830159261,152.794558865966,134.400797274157,146.997399781483,139.916011960475,,,,,,,,,,,,
2025-10-01,2025,"Q4","2025/26","Q2","October",135.376362722936,,137.198628010795,,145.780845117011,,137.585530421992,,139.728551398741,125.040219384758,132.44971518796,130.066391172399,139.464625551842,138.085940192169,158.145001978664,98.980094226522,124.819862785873,155.469439456678,134.817571657198,146.982465168726,139.861232619377,,,,,,,,,,,,
2025-11-01,2025,"Q4","2025/26","Q2","November",134.095323431456,,137.228436306898,,145.416896084209,,137.464968427636,,138.96147479964,125.716030451041,132.559228509458,129.909005784617,139.870058497817,138.278084147859,157.980084974364,98.9855177943922,124.993160638991,155.469439456678,134.954187090862,146.988862215381,140.546678954673,,,,,,,,,,,,
2025-12-01,2025,"Q4","2025/26","Q2","December",134.535400129216,,137.897615701267,,146.039795811596,,138.109338181398,,139.70095632468,125.976262485881,132.798807835262,130.270258495827,140.094472544381,138.969656723911,160.673288218436,98.9846858629382,125.302189749677,155.469439923235,135.306563423017,146.988862215381,140.70322179507,,,,,,,,,,,,
2026-01-01,2026,"Q1","2025/26","Q3","January",133.625596710167,,138.557071739494,,146.043915066125,,138.576773059415,,139.869966349202,126.108480324273,132.949795443625,130.797851450935,140.362319723716,138.976226714821,161.214609879745,98.9984771428346,124.766305627326,155.469439456678,135.458395653222,160.353516247937,140.507367216254,,,,,,,,,,,,
2026-02-01,2026,"Q1","2025/26","Q3","February",134.210327538918,,138.996561439184,,146.949096622225,,139.06047410492,,140.927165152621,126.090514537297,133.339406884175,131.587466285281,140.542833436051,139.057060066271,160.27353905229,98.9837848983914,125.230823353444,157.019768373932,135.932160096995,160.353516247937,140.896288428913,,,,,,,,,,,,
2026-03-01,2026,"Q1","2025/26","Q3","March",134.594285784819,,139.045509909014,,148.422082094622,,139.234238207232,,140.799448455038,126.242888106043,133.454798082206,132.277904062436,140.620906351458,139.46900277991,160.766647181004,98.9892616095282,125.635077614559,157.038678294872,136.190233617064,160.365970818999,140.956009999548,,,,,,,,,,,,
2026-04-01,2026,"Q2","2025/26","Q4","April",135.840580384934,,139.765380252527,,151.048741792985,,140.12864045762,,142.333494362155,126.286796512203,133.474813789599,133.017666452914,141.399927034253,139.273708541631,163.631297826811,99.017804758416,125.620624230931,157.037806435226,136.632873804538,161.810811590101,140.941562324479,,,,,,,,,,,,
2026-05-01,2026,"Q2","2025/26","Q4","May",136.218742097261,,140.520358361459,,155.516539587469,,141.090137618426,,143.182864808126,126.037417078483,133.37625169348,133.824033261205,141.849170141015,139.425366953322,169.280177502422,98.9673590087213,125.669629765464,157.040011432992,137.021165121856,161.843969028253,141.121839649446,,,,,,,,,,,,
2026-06-01,2026,"Q2","2025/26","Q4","June",132.954740127088,,141.523910561167,,160.826151623515,,141.968905940982,,143.20326194928,126.091125997694,133.763341266178,134.892605232366,142.548837589126,139.874297221041,172.833107431479,99.0303146975877,125.639256673087,161.57576756455,137.522827021226,161.843955988145,141.089774079629,,,,,,,,,,,,
