"Date","Year","Quarter","FY","QFY","Month","EMP_S_TOT","EMP_S_BR_AGR","EMP_S_BR_IND","EMP_S_BR_SER","EMP_S_AGG_AGR","EMP_S_AGG_CON","EMP_S_AGG_MAN","EMP_S_AGG_MIN","EMP_S_AGG_OTH","EMP_S_AGG_TRA","EMP_S_DET_AC_FS","EMP_S_DET_AGR","EMP_S_DET_CON","EMP_S_DET_EDU","EMP_S_DET_FIE","EMP_S_DET_HHSW","EMP_S_DET_MAN","EMP_S_DET_MIN","EMP_S_DET_OTH","EMP_S_DET_PAD","EMP_S_DET_REBU","EMP_S_DET_TRA","EMP_S_DET_UTIL","EMP_S_DET_WRT"
1991-01-01,1991,"Q1","1990/91","Q3","January",100,72.5660837208088,7.4669717365894,19.9669445426018,72.5660837208088,0.98316365839006,6.15280286099397,0.331005217205372,6.30008549789705,13.6668745841262,2.11682661393209,72.5660837208088,0.98316365839006,2.3100748596091,0.160786394179803,0.736630736416293,6.15280286099397,0.24485466445261,2.52512491363966,0.728239448810504,0.225881030810633,1.62870230601907,0.0861505527527619,9.53467823918464
1992-01-01,1992,"Q1","1991/92","Q3","January",100,72.4891396475909,7.43855660543658,20.0723037469725,72.4891396475909,0.98594372176248,6.12001081809423,0.332602065579867,6.31658681882831,13.7557169281442,2.12623544809367,72.4891396475909,0.98594372176248,2.31710659444945,0.161954477073126,0.740951919849513,6.12001081809423,0.246153901878919,2.52676753895601,0.731760765573347,0.230790034796593,1.63338432487123,0.0864481637009473,9.60336773551691
1993-01-01,1993,"Q1","1992/93","Q3","January",100,72.2325675870378,7.49470643536197,20.2727259776003,72.2325675870378,1.00212388813846,6.1562794520395,0.336303095183998,6.34522780209375,13.9275128625139,2.15191094856184,72.2325675870378,1.00212388813846,2.3283606553284,0.16459729180396,0.740239859392466,6.1562794520395,0.249121019325311,2.54226223093586,0.73435036942964,0.238193885828198,1.64735349673412,0.0871820758586869,9.72544255257839
1994-01-01,1994,"Q1","1993/94","Q3","January",100,72.057169372648,7.51718858230262,20.4256420450494,72.057169372648,1.0129727333515,6.16426698418855,0.339948864762574,6.37684220544898,14.0487998396004,2.16919615698298,72.057169372648,1.0129727333515,2.34300051603975,0.165973016451679,0.747078644829035,6.16426698418855,0.252117785107673,2.54814453628805,0.738618508292149,0.244986690290264,1.65494275617243,0.0878310796549007,9.81370121970303
1995-01-01,1995,"Q1","1994/95","Q3","January",100,71.6449311990233,7.64903054275283,20.7060382582239,71.6449311990233,1.04228734480584,6.25960609867766,0.347137099269335,6.42444198934977,14.2815962688741,2.2080834107986,71.6449311990233,1.04228734480584,2.36344965058935,0.16938299175612,0.746030498950482,6.25960609867766,0.257682966934788,2.57321423729332,0.741747602516619,0.255319030591422,1.67553026916196,0.089454132334547,9.97329447207392
1996-01-01,1996,"Q1","1995/96","Q3","January",100,71.2594650518341,7.74494859800512,20.9955999381475,71.2594650518341,1.06937455312509,6.32219127482763,0.353382770052403,6.4754365888066,14.5201497613542,2.24684154043201,71.2594650518341,1.06937455312509,2.38446066970838,0.172934306704231,0.746795748916834,6.32219127482763,0.262615018910401,2.59815893650633,0.746021233675053,0.266609886999585,1.69666395903385,0.0907813391287002,10.1371136561712
1997-01-01,1997,"Q1","1996/97","Q3","January",100,71.017272026791,7.75150980600854,21.2312314384703,71.017272026791,1.08135633439035,6.31275817596483,0.357382024383569,6.52086495766332,14.710366480807,2.27578388745751,71.017272026791,1.08135633439035,2.40354640180043,0.175486000535628,0.754100092447666,6.31275817596483,0.265969518016678,2.61153374207075,0.751684721344475,0.277515522740719,1.71239194200349,0.0914257776366894,10.2692023993394
1998-01-01,1998,"Q1","1997/98","Q3","January",100,70.7374494398585,7.74670874949191,21.5158418106496,70.7374494398585,1.10076225250369,6.2840948215897,0.361864628742901,6.57007875892453,14.945763051725,2.31166679231411,70.7374494398585,1.10076225250369,2.42325985419197,0.178989312713682,0.75924732778982,6.2840948215897,0.269416609866252,2.63026725081068,0.757291372787666,0.29073781472417,1.73276887839841,0.0924480188766497,10.4316132069191
1999-01-01,1999,"Q1","1998/99","Q3","January",100,70.2834218531783,7.83290077834629,21.8836773684754,70.2834218531783,1.13801843742996,6.32559552221571,0.369286818700627,6.64213430067975,15.2415430677957,2.36265736919813,70.2834218531783,1.13801843742996,2.4535861465832,0.183095712361336,0.765863641451798,6.32559552221571,0.275161573248519,2.65923401506964,0.763450497575106,0.30731576783585,1.75976306212039,0.0941378797132427,10.62871115628
2000-01-01,2000,"Q1","1999/00","Q3","January",100,70.0514726243903,7.74674007327292,22.2017873023367,70.0514726243903,1.154735632758,6.21936581681867,0.372638623696254,6.6976782636819,15.5041090386548,2.39800846054891,70.0514726243903,1.154735632758,2.47530166554985,0.18719890187798,0.773768583184674,6.21936581681867,0.278073469018194,2.6777549959176,0.770853019029777,0.324550268078128,1.78594912131416,0.0945651546780596,10.8084145887941
2001-01-01,2001,"Q1","2000/01","Q3","January",100,69.6687186408597,7.71759339970918,22.6136879594312,69.6687186408597,1.18279876316389,6.15568310481113,0.379123505441811,6.77839971876155,15.8352882406696,2.44960505922675,69.6687186408597,1.18279876316389,2.50760569910168,0.192429455703987,0.78044626487374,6.15568310481113,0.283417660165103,2.71082346540173,0.779512315676745,0.346267651639823,1.81807579644314,0.0957058452767076,11.0289102776559
2002-01-01,2002,"Q1","2001/02","Q3","January",100,69.0829356753695,7.80827265206341,23.1087916725671,69.0829356753695,1.24782460442271,6.17018114942872,0.390266898211983,6.88931941328603,16.2194722592811,2.51867253355792,69.0829356753695,1.24782460442271,2.55348119191181,0.198196238382363,0.787101907267591,6.17018114942872,0.292572072206364,2.76001567030133,0.788708998218691,0.371517503782487,1.8547343501949,0.0976948260056197,11.2763749245366
2003-01-01,2003,"Q1","2002/03","Q3","January",100,68.7000059683421,7.80000254980209,23.500002764166,68.7000059683421,1.30000418573706,6.10000662271605,0.400003023659117,6.99999650248386,16.5000062616821,2.56812456302203,68.7000059683421,1.30000418573706,2.59999708916398,0.202280538477585,0.799994765008095,6.10000662271605,0.299996626589268,2.79999860099354,0.799994765008095,0.395095218748762,1.87671075078923,0.0999951147597099,11.4577951906445
2004-01-01,2004,"Q1","2003/04","Q3","January",100,68.4980072516241,7.74422353712729,23.7577692112486,68.4980072516241,1.40121402234282,5.94482730594859,0.39818220883588,7.14142742085748,16.6163417903911,2.53609059904364,68.4980072516241,1.40121402234282,2.66222882604878,0.204484213429641,0.821903328683083,5.94482730594859,0.300468584437498,2.83647272081161,0.820822545314004,0.419884338886975,1.94560460534763,0.0977136243983819,11.5102672258496
2005-01-01,2005,"Q1","2004/05","Q3","January",100,68.3526924304129,7.67308133328594,23.9742262363012,68.3526924304129,1.50064047873259,5.77560414901304,0.396847068435419,7.28341575116533,16.6908104851358,2.49819348830905,68.3526924304129,1.50064047873259,2.72669532559854,0.205682742245886,0.847291030406496,5.77560414901304,0.301321901263786,2.86706073993351,0.842358292331675,0.444599289126121,2.01300273901681,0.0955148042765181,11.529332226438
2006-01-01,2006,"Q1","2005/06","Q3","January",100,67.8922233370731,7.74834560199688,24.35943106093,67.8922233370731,1.62755281738792,5.72025035409217,0.400532381785469,7.45182763813112,16.9076034227989,2.49018615777212,67.8922233370731,1.62755281738792,2.80132502571219,0.20939546329927,0.86297499724916,5.72025035409217,0.305853235264415,2.92516559053128,0.862362024638484,0.476772106329646,2.10262668812406,0.0946791465210539,11.6286129585425
2007-01-01,2007,"Q1","2006/07","Q3","January",100,67.5704725282923,7.78264247851839,24.6468947325465,67.5704725282923,1.77248510803577,5.6081264417901,0.402030928692517,7.60587314409243,17.0410215884541,2.46656040378596,67.5704725282923,1.77248510803577,2.87190271394982,0.211577797304107,0.882950651261081,5.6081264417901,0.309068763563272,2.9680204308341,0.882989608690156,0.50739129562475,2.18577473373084,0.0929621651292442,11.6697173580084
2008-01-01,2008,"Q1","2007/08","Q3","January",100,67.2531164269817,7.83492562096763,24.9119485110504,67.2531164269817,1.91957249640251,5.5119014193411,0.403461146224289,7.76354221798174,17.1484157340689,2.44119720191411,67.2531164269817,1.91957249640251,2.9456109639469,0.212913437923252,0.907223479238957,5.5119014193411,0.311364188662152,3.00687361465122,0.903834160144666,0.538835648990408,2.26850242510974,0.0920969575621374,11.6869670201314
2009-01-01,2009,"Q1","2008/09","Q3","January",100,67.0601833643401,7.78147909470844,25.1583283623626,67.0601833643401,2.06345690803999,5.31650481908038,0.401517367588072,7.91029141009834,17.2480369522643,2.41252781915537,67.0601833643401,2.06345690803999,3.01213749048754,0.214384298885692,0.932094872463967,5.31650481908038,0.310355623505668,3.04239011921243,0.923668927934402,0.571165224603281,2.35354620744841,0.0911617440824032,11.6964134021715
2010-01-01,2010,"Q1","2009/10","Q3","January",100,66.8160356473659,7.77644064734823,25.4075237052858,66.8160356473659,2.20561878145799,5.17309197686322,0.397738744195437,8.03746444649884,17.370059258787,2.38558236900549,66.8160356473659,2.20561878145799,3.07092812791114,0.216960481154431,0.947370192086313,5.17309197686322,0.3080093227213,3.07637405648181,0.942792070019588,0.606047725815649,2.4460011830505,0.0897294214741376,11.7154674997609
2011-01-01,2011,"Q1","2010/11","Q3","January",100,66.4372382713778,7.95845378914538,25.6043079394768,66.4372382713778,2.45215522889557,5.10662073375143,0.399686363157147,8.19888024647041,17.4054276930064,2.35545195845891,66.4372382713778,2.45215522889557,3.14989049600975,0.216259176374626,0.980008425682196,5.10662073375143,0.310563645699637,3.10614865652199,0.962824131597717,0.639976233942011,2.52500707475595,0.0891227174575099,11.6687332494749
2012-01-01,2012,"Q1","2011/12","Q3","January",100,66.1357032013088,8.01540335227951,25.8489016710076,66.1357032013088,2.64260380180303,4.97430142749377,0.398498122982712,8.34960158412298,17.4993000868846,2.33070244958076,66.1357032013088,2.64260380180303,3.22085869387495,0.217598135056419,1.00448635259896,4.97430142749377,0.311111791011043,3.14205884007536,0.982189472977761,0.677698481706689,2.62130209829182,0.0873863319716692,11.6519989222489
2013-01-01,2013,"Q1","2012/13","Q3","January",100,71.9173283567062,7.00311195303737,21.0795674955061,71.9173283567062,2.1270163886827,4.4045336012095,0.471554157895517,7.15360497163182,13.9259547186247,1.8668830281871,71.9173283567062,2.1270163886827,2.76164562761622,0.173580947073383,0.863814784547791,4.4045336012095,0.368743409442323,2.69097689724155,0.837175467475915,0.562118469640311,2.08898921236445,0.102810748453195,9.23438306135941
2014-01-01,2014,"Q1","2013/14","Q3","January",100,72.5846484387223,6.86846208188013,20.5468819576326,72.5846484387223,2.10268683462467,4.28466059389449,0.481122175125944,7.0434935529448,13.5033884046878,1.82650266812047,72.5846484387223,2.10268683462467,2.72258557361581,0.168442404942943,0.852938061574973,4.28466059389449,0.376975817224721,2.64963949684808,0.818330420905933,0.568239257114386,2.0337197715309,0.104146357901223,8.9064843029791
2015-01-01,2015,"Q1","2014/15","Q3","January",100,72.6326127206044,6.78867318991622,20.5787140894793,72.6326127206044,2.08992432180325,4.20561488344866,0.49313398466431,6.93250815743954,13.6462131697476,1.86187138607678,72.6326127206044,2.08992432180325,2.68356835497541,0.170397355225759,0.840435394446753,4.20561488344866,0.387152229043923,2.60962069417,0.798876476139557,0.59852224824339,2.06622082869004,0.105974517912567,8.94919411380384
2016-01-01,2016,"Q1","2015/16","Q3","January",100,72.8390764307662,6.70255662439075,20.4583738941559,72.8390764307662,2.12377254287587,4.0773008201857,0.501476312016363,6.82877004390298,13.62959690094,1.87611988176161,72.8390764307662,2.12377254287587,2.64730597379609,0.170084431371088,0.831457482158334,4.0773008201857,0.394853005355418,2.57019639869931,0.779810189249246,0.622276216838574,2.077886230298,0.106630255973768,8.88323014067077
2017-01-01,2017,"Q1","2016/17","Q3","January",100,73.0520101813711,6.57941965652026,20.3685768226942,73.0520101813711,2.1059839033629,3.96238234491909,0.511046747652726,6.7616332954679,13.6069435272263,1.89211916187188,73.0520101813711,2.1059839033629,2.62353138251443,0.169705059280877,0.82805731700291,3.96238234491909,0.403251831078226,2.54563583448312,0.764408761467447,0.645770411614196,2.08858645390092,0.107794916574501,8.81076910114399
2018-01-01,2018,"Q1","2017/18","Q3","January",100,72.8746802624801,6.59636688005279,20.5289592435962,72.8746802624801,2.15687679458211,3.91822868191955,0.521261403551122,6.73858597562619,13.79037326797,1.94237310346334,72.8746802624801,2.15687679458211,2.61878551406232,0.171780487284642,0.827131444035349,3.91822868191955,0.412371515871638,2.5399870668113,0.752675564588097,0.681240324216112,2.13309484972736,0.108896273808607,8.86187811714945
2019-01-01,2019,"Q1","2018/19","Q3","January",100,72.6660353363546,6.60287926985029,20.7310915093616,72.6660353363546,2.19980595307587,3.87334294904235,0.52973036773207,6.72793648861908,14.0031550207425,1.99559495747082,72.6660353363546,2.19980595307587,2.61945612432702,0.174201910931055,0.82788257990064,3.87334294904235,0.419955949574708,2.53659019864277,0.74400147018218,0.716811661651393,2.18212585040774,0.10976830259089,8.93441452471499
2020-01-01,2020,"Q1","2019/20","Q3","January",100,72.4415689122513,6.62213422456089,20.9362968631878,72.4415689122513,2.24306448017099,3.84156831399125,0.537501430398635,6.73239002587944,14.2039068373084,2.04688798337869,72.4415689122513,2.24306448017099,2.62512974764044,0.176469108111039,0.830337976437119,3.84156831399125,0.426864384953808,2.53981317747448,0.737109124327405,0.750781125225029,2.22942767103887,0.110637045444828,9.00034094955478
2021-01-01,2021,"Q1","2020/21","Q3","January",100,72.200777407069,6.64996455432244,21.1492580386086,72.200777407069,2.28279754833828,3.82233323111964,0.544833774864515,6.74970330289396,14.3995547357146,2.09751524812962,72.200777407069,2.28279754833828,2.63388606774709,0.178658627235313,0.834718201926676,3.82233323111964,0.433246888947127,2.5499786874577,0.731114703792335,0.78343833509974,2.27572815972192,0.111586885917389,9.06421436552801
2022-01-01,2022,"Q1","2021/22","Q3","January",100,71.9580352187292,6.6797221154893,21.3622535368669,71.9580352187292,2.31931889171241,3.80895654593439,0.551446677842505,6.77183282205713,14.5904207148097,2.14696870383016,71.9580352187292,2.31931889171241,2.64507096563014,0.180797021235633,0.83920974384081,3.80895654593439,0.438963557240912,2.56092332911553,0.726634219013344,0.814738930612417,2.3211071852602,0.112477685058894,9.12681430941403
2023-01-01,2023,"Q1","2022/23","Q3","January",100,71.7192241965298,6.71293292941226,21.567853354263,71.7192241965298,2.35421039095567,3.80109178584581,0.557630752610776,6.79616671826421,14.7716813958962,2.19457590697267,71.7192241965298,2.35421039095567,2.65706735774536,0.18282717785474,0.843609349097518,3.80109178584581,0.444282094422875,2.57263882551276,0.722851185908568,0.844468725915179,2.36470107625418,0.113348658187901,9.18510850889947
2024-01-01,2024,"Q1","2023/24","Q3","January",100,71.4942700572256,6.74652318915028,21.7592016996057,71.4942700572256,2.38679554817804,3.79644718682219,0.563285508168406,6.82014002056783,14.9390616790379,2.2394658589941,71.4942700572256,2.38679554817804,2.66913828380496,0.184694046912207,0.847675121230739,3.79644718682219,0.449135449511468,2.58365461728042,0.719671998251714,0.872303352694267,2.40576833309782,0.114150058656937,9.23683514135786
