"Date","Year","Quarter","FY","QFY","Month","FS_ODX_B_XDC","FS_ODX_CR_XDC","FS_ODX_LDCDC_XDC","FS_ODX_LDCD_ODX_XDC","FS_ODX_LDCD_ODX_NRES_XDC","FS_ODX_LDCD_ODX_RES_XDC","FS_ODX_LDC_XDC","FS_ODX_LDCO_XDC","FS_ODX_LDD_XDC","FS_ODX_LDL_XDC","FS_ODX_LD_XDC","FS_ODX_LDO_XDC","FS_ODX_LF_XDC","FS_ODX_L_XDC","FS_ODX_AFC_XDC","FS_ODX_AFD_XDC","FS_ODX_AFF_XDC","FS_ODX_AFLG_ODX_XDC","FS_ODX_AFLG_ODX_NRES_XDC","FS_ODX_AFLG_ODX_RES_XDC","FS_ODX_AFLG_XDC","FS_ODX_AFLG_GG_XDC","FS_ODX_AFLG_NODX_XDC","FS_ODX_AFLG_NFC_XDC","FS_ODX_AFLG_NRES_XDC","FS_ODX_AFLG_ODS_XDC","FS_ODX_AFLG_OFM_XDC","FS_ODX_AFL_XDC","FS_ODX_AFLS_XDC","FS_ODX_AF_XDC","FS_ODX_AFO_XDC","FS_ODX_AFE_XDC","FS_ODX_A_XDC","FS_ODX_ANF_XDC","FSASDLD_XDC","FSASDLG_XDC","FSASLNF_XDC","FSASDLN_XDC","FSASDLO_XDC","FSASDLR_XDC","FSASDD_PT","FSASDG_PT","FSASNF_PT","FSASDN_PT","FSASDO_PT","FSASDR_PT","FSASDL_XDC","FSCR_PT","FSDCR_XDC","FSNCR_XDC","FSRR_PT","FSDRR_XDC","FSNRR_XDC"
2005-01-01,2005,"Q1","2004/05","Q3","January",3329857.753,360860.796,2359329.933,61847.946,46017.555,15830.391,2505198.833,84020.954,0,84020.954,2968996.957,379777.17,0,2968996.957,315604.381,947775.09,0,699317.479,631652.17,67665.309,1698292.889,9047.68,998975.41,0,844.98,984510.899,4571.851,1679339.765,18953.124,3082083.808,135636.169,3728.403,3245836.799,163752.991,,,,,,,,,,,,,,,,,,,
2005-02-01,2005,"Q1","2004/05","Q3","February",3432804.729,408690.529,2436639.404,91950.523,73739.921,18210.602,2616771.861,88181.934,0,88181.934,3024114.2,319160.405,0,3024114.2,317532.953,1048366.621,0,707506.24,647250.582,60255.658,1704459.77,6876.309,996953.53,0,833.224,984682.147,4561.85,1685503.55,18956.22,3180649.723,125802.7,3443.899,3344622.795,163973.072,,,,,,,,,,,,,,,,,,,
2005-03-01,2005,"Q1","2004/05","Q3","March",3501988.097,383760.74,2467280.71048,72257.992,47888.489,24369.503,2656063.71748,116525.015,0,116525.015,3118227.357,345638.62452,0,3118227.357,350959.37,1039445.944,0,691973.679,622180.345,69793.334,1712843.264,7202.252,1020869.585,0,1449.587,1007609.231,4608.515,1696037.989,16805.275,3217902.49,128015.288,3443.899,3385463.082,167560.592,,,,,,,,,,,,,,,,,,,
2005-04-01,2005,"Q2","2004/05","Q4","April",3680278.246,397200.219,2478707.213,84828.131,58444.975,26383.156,2752878.704,189343.36,0,189343.36,3283078.027,340855.963,0,3283078.027,396877.443,1008231.736,0,752443.69,661077.515,91366.175,1794791.857,6706.721,1042348.167,0,1496.619,1029517.019,4627.808,1777471.563,17320.294,3312596.029,126860.388,3154.899,3490934.886,178338.857,,,,,,,,,,,,,,,,,,,
2005-05-01,2005,"Q2","2004/05","Q4","May",3486980.11323,370822.12823,2415265.245,100554.944,72556.496,27998.448,2629053.144,113232.955,0,113232.955,3116157.985,373871.886,0,3116157.985,333369.9,999117.156,0,672240.301,603940.187,68300.114,1726434.114,6770.812,1054193.813,0,1477.303,1041276.007,4669.691,1709154.513,17279.601,3193419.21523,148622.74723,3154.899,3373747.15823,180327.943,,,,,,,,,,,,,,,,,,,
2005-06-01,2005,"Q2","2004/05","Q4","June",3701027.252932,377426.83983,2496818.946102,101423.336,67568.795,33854.541,2765564.934102,167322.652,0,167322.652,3323600.413102,390712.827,0,3323600.413102,344563.496,973880.627,0,794549.589,683891.933,110657.656,1893940.373,6768.249,1099390.784,0,1461.328,1086464.578,4696.629,1876166.767,17773.606,3350593.56493,152837.28193,3145.393,3533704.60093,183111.036,,,,,,,,,,,,,,,,,,,
2005-07-01,2005,"Q3","2005/06","Q1","July",3698629.163,388178.684,2499120.595,110763.043,69581.891,41181.152,2768452.329,158568.691,0,158568.691,3310450.479,383429.459,0,3310450.479,353163.3,969788.7,0,754688.001,645189.101,109498.9,1904882.177,18632.982,1150194.176,0,1483.164,1124872.254,5205.776,1886580.816,18301.361,3353009.883,140347.265,3129.802,3540060.472,187050.589,,,,,,,,,,,,,,,,,,,
2005-08-01,2005,"Q3","2005/06","Q1","August",3736912.513,400120.63,2532656.095529,113894.39,59544.762,54349.628,2789302.094529,142751.609,0,142751.609,3336791.883,404738.179471,0,3336791.883,371022.921,971372.943,0,796676.571,718101.065,78575.506,1946458.984,14632.792,1149782.413,0,1531.875,1128122.897,5494.849,1926826.296,19632.688,3405858.415,133895.457,2740.798,3594160.904,188302.489,,,,,,,,,,,,,,,,,,,
2005-09-01,2005,"Q3","2005/06","Q1","September",3816149.374599,407243.875238,2529534.375477,92089.516834,58668.921796,33420.595038,2792515.133503,170891.241192,0,170891.241192,3408905.499361,445499.124666,0,3408905.499361,362918.258159,984552.607776,0,783438.115106,695687.357281,87750.757825,1982920.861556,671.72,1199482.74645,0,1557.91,1195462.41845,1790.698,1964616.038582,18304.822974,3454169.346576,139601.683059,2480.759,3645258.133407,191088.786831,,,,,,,,,,,,,,,,,,,
2005-10-01,2005,"Q4","2005/06","Q2","October",3679095.760866,419253.045537,2460643.564767,119252.838351,80132.543313,39120.295038,2699008.382894,119111.979776,0,119111.979776,3259842.715329,441722.352659,0,3259842.715329,342363.27331,941379.379553,0,699841.986769,626669.172444,73172.814325,1943733.07239,16565.772,1243891.085621,0,20087.697,1204828.666621,2408.95,1925563.979877,18169.092513,3367488.956259,155700.964519,2481.359,3559983.78109,192494.824831,,,,,,,,,,,,,,,,,,,
2005-11-01,2005,"Q4","2005/06","Q2","November",3792314.48579001,432095.4514356,2535453.75146001,114195.056663969,68397.0446257489,45798.01203822,2792820.08464699,143171.276523016,0,143171.276523016,3360219.03435441,424227.6731844,0,3360219.03435441,373182.616345,1016178.358113,0,627690.345327,536411.430947,91278.91438,1908167.607829,24114.399,1280477.262502,0,16103.986,1238458.346502,1800.531,1891269.145594,16898.462235,3452644.867134,169533.388082,2481.359,3649143.209267,196498.342133,,,,,,,,,,,,,,,,,,,
2005-12-01,2005,"Q4","2005/06","Q2","December",3839779.362967,443022.121469,2528254.037723,113831.839066,70068.674066,43763.165,2813362.431789,171276.555,0,171276.555,3396757.241498,412118.254709,0,3396757.241498,387168.013748,994987.693612,0,671891.875166,570863.181773,101028.693393,1932670.772308,14064.655,1260778.897142,0,18106.967,1225652.902142,2954.373,1914007.144289,18663.628019,3466824.475276,167089.151627,3572.472,3668502.807967,201678.332691,,,,,,,,,,,,,,,,,,,
2006-01-01,2006,"Q1","2005/06","Q3","January",3713948.833392,452395.1595632,2498113.5836598,97841.891936,66888.615413,30953.276523,2731626.2580028,135670.782407,0,135670.782407,3261553.6738288,394256.633419,0,3261553.6738288,377761.984916,977061.287902,0,648252.292802,553128.994088,95123.298714,1929800.690716,13428.872,1281548.397914,0,17468.754,1244571.963914,6078.808,1909540.111221,20260.579495,3374371.633679,106721.57564,3286.674,3578278.050986,203906.417307,,,,,,,,,,,,,,,,,,,
2006-02-01,2006,"Q1","2005/06","Q3","February",3797596.59623156,468468.26263471,2518556.1932352,97682.23929995,63198.592777,34483.64652295,2769635.09865515,153396.66612,0,153396.66612,3329128.33359685,406096.5688217,0,3329128.33359685,327211.59781966,1070021.366404,0,612291.21682498,526796.60472198,85494.612103,1894776.4665835,13123.636,1282485.24975852,0,17590.672,1244721.26075852,7049.681,1874547.1378195,20229.328764,3439563.0322216,164487.04317844,3295.887,3644199.9301116,204636.89789,,,,,,,,,,,,,,,,,,,
2006-03-01,2006,"Q1","2005/06","Q3","March",3860658.153796,455086.872083,2512781.172284,100541.511516,73005.208516,27536.303,2786918.5808,173595.897,0,173595.897,3405571.281713,445056.803913,0,3405571.281713,376485.628606,1072267.631107,0,595131.742384,533393.997247,61737.745137,1886204.868602,13097.175,1291073.126218,0,15616.063,1254423.728218,7936.16,1866395.510004,19809.358598,3481750.351553,163358.637836,3242.944,3687062.256804,205311.905251,,,,,,,,,,,,,,,,,,,
2006-04-01,2006,"Q2","2005/06","Q4","April",3914775.11056212,434592.873341,2582894.660935,101313.874626115,70608.3536261148,30705.521,2844375.27658412,160166.741023,0,160166.741023,3480182.23722112,475640.219614,0,3480182.23722112,343844.69952,1108704.611028,0,611975.667344,528661.044884,83314.62246,1938454.810495,14092.769,1326479.143151,0,14202.86,1293718.118151,4465.396,1918873.970713,19580.839782,3547268.84124512,172689.692984115,3155.867,3754608.36953912,207339.528294,,,,,,,,,,,,,,,,,,,
2006-05-01,2006,"Q2","2005/06","Q4","May",3965438.68209059,449137.126981525,2672747.5161433,83610.42018333,58384.9103815,25225.50980183,2912327.34584563,155969.409519,0,155969.409519,3516301.55510907,448004.799744443,0,3516301.55510907,371896.745979029,1109509.89612,0,586281.540277118,486820.308966118,99461.231311,1972021.91507825,13003.259,1385740.37480113,0,13418.872,1354475.46780113,4842.776,1951862.15379697,20159.76128128,3598373.8889596,161931.531063598,3173.562,3809469.2725686,211095.383609,,,,,,,,,,,,,,,,,,,
2006-06-01,2006,"Q2","2005/06","Q4","June",4031892.29848,454229.791588,2645660.08036186,139105.69680714,106968.66257898,32137.03422816,2960628.013169,175862.236,0,175862.236,3577662.506892,441172.257723,0,3577662.506892,351300.368698,1036267.559838,0,663556.184211,574877.103948,88679.080263,2118791.486074,18555.3,1455235.301863,0,12810.498,1418886.392863,4983.111,2095353.567946,23437.918128,3641794.674812,155723.38733,3149.791,3856030.062478,214235.387666,,,,,,,,,,,,,,,,,,,
2006-07-01,2006,"Q3","2006/07","Q1","July",4168486.71031,458871.22021,2641574.25591449,104177.37352151,83912.12098266,20265.25253885,2997333.105436,251581.476,0,251581.476,3709615.4901,460700.908664,0,3709615.4901,381754.340752,1017985.056482,0,719352.309192,623925.528929,95426.780263,2180467.873769,20450.263,1461115.564577,0,12215.656,1425330.592577,3119.053,2152062.836941,28405.036828,3702970.139839,148317.469664,2850.436,3916905.234308,213935.094469,,,,,,,,,,,,,,,,,,,
2006-08-01,2006,"Q3","2006/07","Q1","August",4219104.47942245,500474.74190665,2781884.3502568,122885.388,96711.455,26173.933,3049710.9386953,144941.2004385,0,144941.2004385,3718629.7375158,523977.598382,0,3718629.7375158,387694.176425,1034424.301066,0,731314.373121,632124.32246,99190.050661,2245960.62818755,7745.136,1514646.25506655,0,13035.750565,1492419.71950155,1445.649,2218949.45971995,27011.1684676,3854386.23561995,210452.250609,2866.0478,4074163.27897995,219777.04336,,,,,,,,,,,,,,,,,,,
2006-09-01,2006,"Q3","2006/07","Q1","September",4228371.341256,509160.36226,2749009.78119072,110978.16528628,88518.44907596,22459.71621032,3019070.465477,159082.519,0,159082.519,3719210.978996,541057.994519,0,3719210.978996,436339.535152,992403.001733,0,653078.276735,583075.462309,70002.814426,2209241.28013,20814.815,1556163.003395,0,12812.59,1519308.930395,3226.668,2186702.831037,22538.449093,3846595.957008,228292.078086,2858.511,4069288.822262,222692.865254,,,,,,,,,,,,,,,,,,,
2006-10-01,2006,"Q4","2006/07","Q2","October",4492109.7642231,520541.319103,2994979.0388581,109143.41,81471.397,27672.013,3350847.7603271,246725.311469,0,246725.311469,3971568.4451201,373995.373324,0,3971568.4451201,431572.979183,1003640.148392,0,750427.658193,625118.046294,125309.611899,2359561.2907058,27602.362,1609133.6325128,0,12387.209591,1565757.9339218,3386.127,2335944.8296768,23616.461029,3995041.538072,221009.9130202,2873.6678,4245384.4527541,250342.914682099,,,,,,,,,,,,,,,,,,,
2006-11-01,2006,"Q4","2006/07","Q2","November",4650007.40477839,535004.45358093,2991877.43084814,110408.12250209,88528.38356874,21879.73893335,3330256.25095448,227970.69760425,0,227970.69760425,4115002.95119746,556776.002638728,0,4115002.95119746,460168.85270966,1079852.490036,0,787868.76306916,686087.18862016,101781.574449,2418497.02083421,31490.253,1630628.25776505,0,12455.8535165,1582822.20886755,3859.942381,2393953.73950296,24543.28133125,4197321.01689961,260466.48285099,2879.4518,4422036.70717161,224715.690272,,,,,,,,,,,,,,,,,,,
2006-12-01,2006,"Q4","2006/07","Q2","December",4663125.757083,546412.983267,2911737.45131418,98918.575141823,78221.27751513,20697.297626693,3235710.080376,225054.05392,0,225054.05392,4116712.773816,655948.63952,0,4116712.773816,412450.054628,1072057.543588,0,851661.050225,736350.384559,115310.665666,2559422.22285913,29202.839,1707761.17263413,0,10431.563,1662951.08563413,5175.685,2538626.27509613,20795.947763,4205224.37885461,179250.662542479,2839.843,4438071.70316361,232847.324309,,,,,,,,,,,,,,,,,,,
2007-01-01,2007,"Q1","2006/07","Q3","January",4647908.21279042,560803.581338,2932778.63439285,93355.60363857,74759.7475776,18595.85606097,3264841.72431342,238707.486282,0,238707.486282,4087104.63145242,583555.420857,0,4087104.63145242,394875.832687,1070781.594063,0,821030.034452,707049.336445,113980.698007,2539695.96016618,18888.056,1718665.92571418,0,5515.495,1689764.53145718,4497.843257,2518537.13601618,21158.82415,4175290.99067496,188135.308108783,2961.1198,4409200.72650996,233909.735835,,,,,,,,,,,,,,,,,,,
2007-02-01,2007,"Q1","2006/07","Q3","February",4872141.803406,604380.218476,2980733.55052948,96052.36151452,75810.3036264,20242.05788812,3379983.533958,303197.621914,0,303197.621914,4267761.58493,584580.429058,0,4267761.58493,417203.824670636,1163561.51373936,0,885341.4918,765237.449776,120104.042024,2618921.671305,18887.937,1733580.179505,0,9237.11,1701050.618505,4404.514,2595200.924787,23720.746518,4332029.370368,153380.464171,2682.643,4568944.181486,236914.811118,,,,,,,,,,,,,,,,,,,
2007-03-01,2007,"Q1","2006/07","Q3","March",4975422.01251,617417.088804,3130817.53993226,89872.46611174,67927.2750905,21945.19102124,3527669.698536,306979.692492,0,306979.692492,4358004.923706,523355.532678,0,4358004.923706,427421.808397,1133203.013488,0,888224.996551,784572.080549,103652.916002,2622199.792891,33849.79,1733974.79634,0,10031.418,1685506.01434,4587.574,2595103.429002,27096.363889,4427891.03743,228008.210543,44154.576,4668442.320022,240551.282592,,,,,,,,,,,,,,,,,,,
2007-04-01,2007,"Q2","2006/07","Q4","April",4928521.08915435,616015.357471,3194150.92464086,86103.86005697,67202.22667461,18901.63338236,3547306.58295108,267051.79825325,0,267051.79825325,4312505.73168335,498147.35047902,0,4312505.73168335,465668.667772,1173330.565929,0,854787.28063125,777170.57887425,77616.701757,2618430.98747046,25265.863,1763643.70683921,0,9556.842,1723891.03283921,4929.969,2592041.22211846,26389.765352,4419000.4268901,143780.75527064,44179.2158,4661469.2908991,242468.864009,,,,,,,,,,,,,,,,,,,
2007-05-01,2007,"Q2","2006/07","Q4","May",5205631.56209,580365.298307,3213362.85821944,98992.70527956,75306.2241952,23686.48108436,3711688.803268,399333.239769,0,399333.239769,4625266.263783,514244.220746,0,4625266.263783,468858.156197,1279686.124873,0,932291.744548,817454.921827,114836.822721,2641684.832618,29448.989,1709393.08807,0,8962.31,1667529.13607,3452.653,2614631.856609,27052.976009,4568897.850594,161173.079915,44548.633,4806298.322321,237400.471727,,,,,,,,,,,,,,,,,,,
2007-06-01,2007,"Q2","2006/07","Q4","June",5014821.384298,610440.938837,3077574.777068,104738.922088,81801.669088,22937.253,3553852.470633,371538.771477,0,371538.771477,4404380.445461,478989.203351,0,4404380.445461,424468.112873,1210162.393329,0,796600.280874,663268.718773,133331.562101,2569794.46828395,30429.131,1773194.18740995,0,4256.294,1733315.67627395,5193.086136,2542312.46920695,27481.999077,4397301.90111595,175831.633707,44527.292,4643282.61282295,245980.711707,,,,,,,,,,,,,,,,,,,
2007-07-01,2007,"Q3","2007/08","Q1","July",4950259.01203472,612766.21005175,3046180.46641227,161888.97683634,100156.728475,61732.24836134,3539938.61146161,331869.168213,0,331869.168213,4337492.80198297,465685.02230836,0,4337492.80198297,691761.73053458,1005708.439327,0,702562.73465014,656399.94306214,46162.791588,2522097.98971582,30024.581,1819535.25506568,0,8196.169,1776344.86306568,4969.642,2492979.05869785,29118.93101797,4374191.02294772,139132.06138829,44609.733,4618389.84382172,244198.820874,,,,,,,,,,,,,,,,,,,
2007-08-01,2007,"Q3","2007/08","Q1","August",5587568.96054751,636234.759367001,3222220.92345875,190095.308306,97910.881306,92184.427,3895621.02964513,483304.797880385,0,483304.797880385,4951334.20118051,572408.373655,0,4951334.20118051,497913.479674,1307795.724463,0,895270.996312,734120.525896,161150.470416,2865635.36631814,32642.368,1970364.37000614,0,7733.641,1912492.52500614,17495.836,2833361.46444214,32273.901876,4848783.35300314,206520.332424,3192.352,5104264.16266714,255480.809664,,,,,,,,,,,,,,,,,,,
2007-09-01,2007,"Q3","2007/08","Q1","September",5572224.33006565,651089.482874,3367450.89126635,140813.598285,109155.298285,31658.3,3947398.344358,439133.85480665,0,439133.85480665,4921134.84719165,534602.648027,0,4921134.84719165,564703.469621,1276992.628972,0,819248.659799,613455.975946,205792.683853,2844266.27350625,37195.342,2025017.61370725,0,8801.421,1957436.98154325,21583.869164,2805270.46575425,38995.807752,4860504.083397,210312.02604975,3225.493,5133090.475264,272586.391867,,,,,,,,,,,,,,,,,,,
2007-10-01,2007,"Q4","2007/08","Q2","October",6063218.352632,674669.587775,3477047.915984,141624.269,113829.336,27794.933,4213703.86138,595031.676396,0,595031.676396,5388548.764857,579813.227081,0,5388548.764857,475542.729449,1482782.683841,0,994453.069563,815798.032398,178655.037165,3080754.810379,16307.624,2086301.740816,0,8456.76,2032705.684816,28831.672,3037941.898394,42812.911985,5233180.854586,233673.300901999,3240.242,5468186.676242,235005.821656,,,,,,,,,,,,,,,,,,,
2007-11-01,2007,"Q4","2007/08","Q2","November",6103313.07412825,692218.619396,3591084.25016902,141955.54115273,113845.4588689,28110.08228383,4252980.756912,519940.96559025,0,519940.96559025,5411094.45473225,638172.73223,0,5411094.45473225,558043.162437,1465817.693074,0,969434.145449,800801.482652,168632.662797,3099193.324919,25652.653,2129759.17947,0,8234.891,2064753.44647,31118.189,3052139.781356,47053.543563,5344910.26588,265862.650013,3046.979,5583372.108544,238461.842664,,,,,,,,,,,,,,,,,,,
2007-12-01,2007,"Q4","2007/08","Q2","December",6128050.7955368,713988.77217,3554920.7649722,142508.004317,112510.11317,29997.891147,4264581.448265,567152.6789758,0,567152.6789758,5414062.0233668,582327.896126,0,5414062.0233668,529151.162373,1400556.26297617,0,931570.04248585,864983.11146985,66586.931016,3136114.5945437,22857.843,2204544.55205785,0,11502.383,2139620.58505785,30563.741,3089287.4698977,46827.124646,5312398.892863,289718.008433133,3685.989183,5560898.116562,248499.223699,,,,,,,,,,,,,,,,,,,
2008-01-01,2008,"Q1","2007/08","Q3","January",6431533.00844032,727499.540781,3638161.66872551,146683.71010817,116548.73788671,30134.97222146,4392406.494354,607561.115520317,0,607561.115520317,5704033.46765932,704065.857785,0,5704033.46765932,615399.52232,1374387.651248,0,1018812.34153,872890.702508,145921.639022,3303689.391438,26150.757,2284877.049908,0,11526.491208,2214444.3927,32755.409,3253733.413423,49955.978015,5577103.097802,329862.052628,3720.458183,5823971.892924,246868.795122,,,,,,,,,,,,,,,,,,,
2008-02-01,2008,"Q1","2007/08","Q3","February",6789490.47740745,830213.53123215,3922322.9992264,144161.55544166,114286.25321572,29875.30222594,4613500.09423453,547015.539566473,0,547015.539566473,5959276.9461753,798761.3123743,0,5959276.9461753,559633.548405,1446885.356375,0,1178450.38803119,989921.574417715,188528.81361347,3709838.91832524,24755.443,2531388.53029405,0,9032.30909,2471987.96820405,25612.81,3651997.00327124,57841.915054,5975348.19709154,313508.1128573,3324.176183,6242474.93784199,267126.740750448,,,,,,,,,,,,,,,,,,,
2008-03-01,2008,"Q1","2007/08","Q3","March",6747798.7192971,878852.187232488,3889531.02511403,167227.10347936,135816.57533481,31410.52814455,4554186.378328,497428.24973461,0,497428.24973461,5868946.53206461,817331.904002,0,5868946.53206461,662487.6192,1486852.727424,0,982842.97435,863850.64355,118992.3308,3540836.079063,24391.199,2557993.104713,0,7439.629133,2506690.39058,19471.886,3483788.977746,57047.101317,5991649.65878449,348873.595231487,9646.739183,6250370.46956349,258720.810779,,,,,,,,,,,,,,,,,,,
2008-04-01,2008,"Q2","2007/08","Q4","April",6865518.78341675,865301.106296,3985250.96915403,163934.15521172,130500.56791426,33433.58729746,4706722.799997,557537.67563125,0,557537.67563125,6000217.67712075,735957.2014925,0,6000217.67712075,652735.987401,1417464.189723,0,938653.100188,782524.788772,156128.311416,3614830.68089625,24319.541,2676177.58070825,0,7310.48725,2626757.74594925,17789.806509,3548969.37380125,65861.307095,6037612.95481225,406522.439704,11920.964183,6307981.10778668,270368.15297443,,,,,,,,,,,,,,,,,,,
2008-05-01,2008,"Q2","2007/08","Q4","May",7079473.30488543,860537.555568151,4151739.3832812,100048.82766798,72415.89243252,27632.93523546,4857771.66887298,605983.4579238,0,605983.4579238,6218935.74931728,755180.6225205,0,6218935.74931728,648063.448961,1471225.00506,0,1112822.47551241,980504.869459488,132317.606052925,3766348.52853984,26076.548,2653526.05302743,0,5194.204,2602915.37980543,19339.921222,3706365.65492284,59982.873617,6197309.44948784,358960.565361004,12694.775183,6473489.84695562,276180.397467783,,,,,,,,,,,,,,,,,,,
2008-06-01,2008,"Q2","2007/08","Q4","June",7000994.07215334,877801.268234,4070906.90198128,115002.6802289,86280.39745396,28722.28277494,4743806.83698876,557897.254778576,0,557897.254778576,6123192.80391934,821488.712152,0,6123192.80391934,631700.46289,1469702.890746,0,1078431.577503,910402.875407,168028.702096,3858478.55254,25522.441,2780046.975037,0,5846.94,2731001.007037,17676.587,3797980.886471,60497.666069,6162125.239981,251964.067881,10776.931993,6443096.817372,280971.577391,,,,,,,,,,,,,,,,,,,
2008-07-01,2008,"Q3","2008/09","Q1","July",7138743.12237713,895536.07151715,3980149.70420848,101206.94469392,74424.68670179,26782.25799213,4732432.50880369,651075.85990129,0,651075.85990129,6243207.05085998,859698.682155,0,6243207.05085998,613169.947419,754570.208154,0,968895.099410199,746010.917079199,222884.182331,3897970.5184156,20806.47,2929075.4190054,0,5939.485,2884050.6980054,18278.766,3818970.9177086,78999.600707,5498564.35019152,300511.199916917,11342.076993,6487667.26247584,989102.912284322,,,,,,,,,,,,,,,,,,,
2008-08-01,2008,"Q3","2008/09","Q1","August",7203308.30276644,944647.783124,3990844.10262069,145384.65456731,114407.37120183,30977.28336548,4782752.73610172,646523.97891372,0,646523.97891372,6258660.51964244,829383.804627,0,6258660.51964244,551843.804485,883813.971255,0,871121.709787,671461.064679,199660.645108,3886494.701318,21141.744,3015372.991531,0,50622.353,2922159.304531,21449.59,3796109.507271,90385.194047,5526274.42776672,282885.10476272,11622.039993,6556784.32385272,1030509.896086,,,,,,,,,,,,,,,,,,,
2008-09-01,2008,"Q3","2008/09","Q1","September",7428079.39540482,969459.55432115,3987421.01046777,110697.26129774,87204.86594354,23492.3953542,4822740.74273584,724622.47097033,0,724622.47097033,6458619.84108367,911256.6273775,0,6458619.84108367,606824.42612,813007.161603,0,902065.99067504,724467.642336765,177598.348338275,3979799.03557058,21822.113,3077733.04489554,0,1630.92872300005,3033763.22817254,20516.775,3895108.93639158,84690.099179,5680983.50039429,347938.16328671,18104.812993,6703456.92443449,1022473.4240402,,,,,,,,,,,,,,,,,,,
2008-10-01,2008,"Q4","2008/09","Q2","October",8335953.12251686,1040739.685713,4397620.82202273,133649.65488441,108684.87227913,24964.78260528,5365263.301557,833992.82464986,0,833992.82464986,7295213.43680386,1095957.310597,0,7295213.43680386,675446.829378,822133.880614,0,1196452.543706,973579.0447,222873.499006,4430849.944017,19760.997,3234397.400311,0,3668.332651,3182558.29366,28409.777,4387839.287414,43010.656603,6486035.124031,582510.313632,18104.812993,7501960.297867,1015925.173836,,,,,,,,,,,,,,,,,,,
2008-11-01,2008,"Q4","2008/09","Q2","November",8097373.56251724,1065265.047955,4458925.16915696,157855.0104668,134414.46025424,23440.55021256,5331653.486415,714873.30679124,0,714873.30679124,7032108.51456224,985581.721356,0,7032108.51456224,705130.529599,1556883.952271,0,1042606.696807,882811.293481,159795.403326,4346167.14852,19419.403,3303560.451713,0,1774.794,3248540.743713,33825.511,4300291.548835,45875.599685,7000246.678777,423633.213149,14307.434923,7382500.255726,382253.576949,,,,,,,,,,,,,,,,,,,
2008-12-01,2008,"Q4","2008/09","Q2","December",8326189.25600759,1178868.9012391,4672786.01448155,94722.73993072,66086.52284746,28636.21708326,5569547.95710119,802039.20268892,0,802039.20268892,7147320.35476849,775733.19497838,0,7147320.35476849,800051.846115,1532957.029244,0,1029420.1320005,874531.802641,154888.3293595,4455316.37558909,19642.564,3425896.24358859,0,2491.751,3377647.777585,26114.15100359,4396978.39580909,58337.97978,7147851.38738185,396387.886875761,21476.229338,7524150.05331667,376298.66593482,,,,,,,,,,,,,,,,,,,
2009-01-01,2009,"Q1","2008/09","Q3","January",8253518.79656283,1213337.64064295,4682454.07936221,87841.14192973,61362.59036079,26478.55156894,5444403.61939957,674108.39810763,0,674108.39810763,7040181.15591988,921669.13841268,0,7040181.15591988,867334.58738,1539417.726755,0,1019101.96201215,877558.185613,141543.77639915,4468674.82074106,18967.368,3449572.85872891,1623775.09584522,2190.468,1779024.28788369,25615.639,4415953.55654247,52721.26419859,7196624.20233689,360716.076321416,13202.255338,7579410.39845996,382786.19612307,,,,,,,,,,,,,,,,,,,
2009-02-01,2009,"Q1","2008/09","Q3","February",8055763.77380428,1269794.95784184,4783246.86038319,32064.80134766,0,32064.80134766,5370471.36718365,555159.7054528,0,555159.7054528,6785968.81596244,860337.743325991,0,6785968.81596244,829022.334266,1499573.126274,0,885685.326388298,731262.694189,154422.632199298,4395453.73453747,54078.35661,3509768.40814917,1769233.61268303,2582.342434,1650098.94782814,33775.148594,4338097.35335147,57356.381186,7105103.08917968,425168.369950212,13241.905338,7500604.06834548,395500.9791658,,,,,,,,,,,,,,,,,,,
2009-03-01,2009,"Q1","2008/09","Q3","March",8420587.83541483,1287908.57481465,4989642.70137044,40239.34834766,0,40239.34834766,5602865.2217535,572983.1720354,0,572983.1720354,7132679.26060018,956830.866811282,0,7132679.26060018,747434.607529,1604088.240435,0,1188594.49294243,931798.66913,256795.823812432,4519401.45860556,56146.207,3330806.96566313,1661503.82428744,2303.345,1610853.58937569,0,4470126.84014557,49274.618459993,7336917.5720391,505623.083591534,9644.800338,8779403.33250943,1442485.76047033,,,,,,,,,,,,,,,,,,,
2009-04-01,2009,"Q2","2008/09","Q4","April",8295803.92572797,1273068.5445192,5057376.35252033,23627.38779144,0,23627.38779144,5535680.34638738,454676.60607561,0,454676.60607561,7022735.38120877,1032378.42874578,0,7022735.38120877,752181.18915949,1700375.32745658,0,1002624.46824818,831547.05090785,171077.417340325,4670244.65715926,44992.303536,3667620.18891108,1894382.45424526,2421.883,1702786.43164382,23037.116486,4612594.68241227,57649.974746993,7426057.85315642,351215.244790082,9691.409338,7841127.31965002,415069.466493602,,,,,,,,,,,,,,,,,,,
2009-05-01,2009,"Q2","2008/09","Q4","May",8773477.7469927,1266447.79940024,5219191.03053545,19781.52984924,0,19781.52984924,5866666.42972975,627693.86934506,0,627693.86934506,7507029.94759246,1012669.64851765,0,7507029.94759246,855981.921508465,1651256.4899362,0,1217842.10682085,998558.84095594,219283.265864909,4926360.79914948,35475.210873,3708518.69232863,1290469.60028967,2466.47,2355203.76364596,24903.64752,4865589.97432249,60770.824826993,7713888.37061692,331483.257511764,9576.727338,8145783.87765018,431895.507033262,,,,,,,,,,,,,,,,,,,
2009-06-01,2009,"Q2","2008/09","Q4","June",8843108.13477366,1277294.30614007,5230651.07222487,29106.02899035,0,29106.02899035,5899542.00271617,639784.90150095,0,639784.90150095,7565813.82863359,1026486.92441647,0,7565813.82863359,844787.04938288,1704854.96364071,0,1280610.32298376,1006173.06351385,274437.259469909,4930045.0356756,35050.863706,3649434.71269184,1276828.21181388,1888.654,2310864.51777596,24802.465396,4860134.17789361,69910.857781993,7756655.00759286,336461.754814655,10417.061861,8203323.23327143,446668.225678572,,,,,,,,,,,,,,,,,,,
2009-07-01,2009,"Q3","2009/10","Q1","July",9115629.21408422,1305564.22783104,5075748.2453084,25537.67334488,0,25537.67334488,5957626.04511682,856340.126463541,0,856340.126463541,7810064.98625318,996098.814672815,0,7810064.98625318,759952.11846434,1804782.60233531,0,1243521.77296016,1022411.20156037,221110.571399792,4983783.26508328,59932.522,3740261.49212312,1491742.19192574,1654.53,2162906.52519738,24025.723,4901044.04869029,82739.216392993,7806527.61531769,330316.384966754,10432.460861,8259289.08762167,452761.472303982,,,,,,,,,,,,,,,,,,,
2009-08-01,2009,"Q3","2009/10","Q1","August",9006226.13772016,1366406.25804916,5211372.38871772,25912.25949521,0,25912.25949521,5920939.80757005,683655.15935712,0,683655.15935712,7639819.879671,1035224.91274383,0,7639819.879671,846170.33255157,1806755.95802169,0,1160616.68521154,996145.948703468,164470.736508071,4909649.18248916,59047.079593,3749032.49727762,918718.122228536,1654.53,2736165.62072408,33447.144732,4826443.98715917,83205.195329993,7880217.62256387,380398.969970436,20448.374861,8322570.97835858,442353.355794712,,,,,,,,,,,,,,,,,,,
2009-09-01,2009,"Q3","2009/10","Q1","September",8998572.52657189,1361161.02388164,5280649.56377012,35286.33776499,0,35286.33776499,5957915.18088051,641979.2793454,0,641979.2793454,7637411.50269025,1037517.04246434,0,7637411.50269025,864364.867345865,1817264.20638689,0,1170735.90478729,966289.896016971,204446.008770323,4929048.72262125,57759.037298,3758312.81783396,1669433.80532529,1285.065004,2013221.52004767,16613.390159,4843647.98131826,85400.741302993,7908448.57776513,359679.088853117,23492.433861,8356593.24722549,448144.669460362,,,,,,,,,,,,,,,,,,,
2009-10-01,2009,"Q4","2009/10","Q2","October",9192131.56983646,1383130.68718549,5324293.93878224,28800.37338778,0,28800.37338778,6091066.68847453,737972.37630451,0,737972.37630451,7809000.88265097,979961.817871926,0,7809000.88265097,952786.658436269,1853641.68329076,0,1075450.11317296,884864.986847989,190585.126324974,4941848.82125403,55389.661144,3866398.70808107,1551844.23594571,1256.347,2240356.61299336,17551.850998,4848414.22350204,93434.597751993,7999414.25799293,321394.244902861,23177.447861,8454159.19352795,454744.935535018,,,,,,,,,,,,,,,,,,,
2009-11-01,2009,"Q4","2009/10","Q2","November",9093778.59448262,1407140.60244542,5387160.079804,29059.18357174,0,29059.18357174,6037539.98248456,621320.71910882,0,621320.71910882,7686637.9920372,1027777.29044382,0,7686637.9920372,930368.630082239,1979423.58356254,0,898825.635742307,708973.813615643,189851.822126664,4851172.92723307,38804.588144,3952347.29149076,1434917.76123656,0.00971,2451440.4994002,27184.433,4753646.61073508,97526.316497993,8012682.29987833,321454.862637466,27788.612861,8472457.87537381,459775.575495478,,,,,,,,,,,,,,,,,,,
2009-12-01,2009,"Q4","2009/10","Q2","December",9236351.65775009,1419334.90949186,5609322.58625774,21218.95410652,0,21218.95410652,6233858.77537396,603317.2350097,0,603317.2350097,7817016.74825823,979840.737874573,0,7817016.74825823,1011056.00708918,1846578.73792615,0,1016602.68212677,807368.407507935,209234.27461883,5071740.15876132,52927.306144,4055137.47663455,1600351.84208299,998.917,2384587.22076556,16272.190642,4974832.84689832,96907.311863,8160111.53608807,298618.021958416,29025.922216,8633034.4227384,472922.88665033,,,,,,,,,,,,,,,,,,,
2010-01-01,2010,"Q1","2009/10","Q3","January",9381863.77321634,1455372.01552539,5618238.64829249,33538.47109332,0,33538.47109332,6260600.50194916,608823.382563345,0,608823.382563345,7926491.75769095,1057067.87317844,0,7926491.75769095,922447.777419504,1910756.74175912,0,1066056.15857898,807138.485155031,258917.673423945,4904297.36730898,52887.495,3838241.20873,1370571.20457,30950.22,2383832.28916,,4806928.38019539,97368.9871135863,8058541.94067862,389857.610088602,28551.431216,8773040.390653,714498.449974375,239524.983423945,52887.495,1370571.20457,30950.22,2383832.28916,4046815.97215395,5.87392636401803,1.29697222714145,33.6108334805248,0.758999377147995,58.4592685511676,99.241000622852,4077766.19215395,,,,,,
2010-02-01,2010,"Q1","2009/10","Q3","February",9166421.83619795,1380462.62339929,5024837.27855175,1096486.0978218,131015.71895545,965470.37886635,6532949.2115852,411625.83521165,20098,411625.83521165,7785157.56379866,820484.517001808,801.649,7785959.21279866,1486432.17688517,1980249.16824075,9394.222197,573171.373410419,403693.561000419,169477.81241,4759074.46912751,44796.016873,4185903.09571709,2414532.2817268,62489.581,1664085.21611729,,4672821.88806618,86252.5810613338,8422212.86117846,246230.243573365,27085.162216,8754796.0009943,332583.139815842,150251.14841,44706.75,2414532.2817268,62489.581,1513923.33458028,4123413.51471708,3.58945596623423,1.06803117458077,57.6824696251878,1.4928578032286,36.1671854307686,98.5071421967714,4185903.09571708,,,,,,
2010-03-01,2010,"Q1","2009/10","Q3","March",9559466.87850515,1408968.66825468,5275402.00583682,1012545.68828001,237121.29099,775424.39729001,6676822.24245689,388874.54834006,20098,388874.54834006,8149017.88864547,1063223.09784852,1480.321605,8150498.21025047,1531040.00892835,2033367.23181,13909.274366,807251.902381564,639629.662880564,167622.239501,5068126.65473314,29144.54234225,4260874.75235158,2505835.36511651,61544.348,1664350.49689282,,4965882.70100581,102243.953727334,8835913.67072888,263784.662402714,27929.792216,9170592.3301678,334678.659438923,148652.382501,28993.453,2505835.36511651,61544.348,1515849.20373407,4199330.40435158,3.48877615843926,0.680457762434779,58.810350239315,1.44440640894299,35.576009430868,98.555593591057,4260874.75235158,,,,,,
2010-04-01,2010,"Q2","2009/10","Q4","April",9660408.27760845,1397650.33780616,5591638.49810605,1068436.9122543,144772.71725422,923664.19500008,7026255.25472322,366179.84436287,20098,366179.84436287,8256614.67080229,844081.571716202,6143.269,8262757.93980229,1577014.41530606,1967815.567101,23127.294715,819358.651821948,629175.531055948,190183.120766,5161319.30596545,46037.774042,4341960.6541435,2670157.68851041,1510.098,1624255.09359109,,5063576.41751912,97742.8884463338,8955115.07684901,294199.825491833,29381.556716,9294228.43324693,339113.356397924,170457.784766,45090.86,2670157.68851041,1510.098,1454744.25386709,4340450.5871435,3.92582515427282,1.0384907480688,61.4965883419132,0.0347791725790371,33.5043165831662,99.965220827421,4341960.6851435,,,,,,
2010-05-01,2010,"Q2","2009/10","Q4","May",10170114.7852492,1370065.30926574,6030245.48021322,1096486.0978218,131015.71895545,965470.37886635,7512023.27992668,385291.70189166,20098,385291.70189166,8791123.38398341,873710.402165074,8926.092,8800049.47598341,1723517.58283519,2030754.00807563,27607.187542,961491.60132325,805201.03696325,156290.56436,5420934.47193658,39710.966791,4459442.87061333,2694624.25035466,1510.067,1723597.58646767,,5320536.13497565,100398.336960934,9441711.63069666,307532.055552187,31764.661716,9784823.08336165,343111.452664989,137063.02936,38773.443,2694624.25035466,1510.067,1587472.08089867,4457932.80361333,3.07354603112449,0.869468319809808,60.4251322090388,0.0338622344497557,35.5979912055771,99.9661377655502,4459442.87061333,,,,,,
2010-06-01,2010,"Q2","2009/10","Q4","June",10654739.1245127,1422871.12093244,6102772.28487198,1241973.63174607,206773.32630675,1035200.30543932,7844363.97233161,499618.05571356,20098,499618.05571356,9222682.81558022,858602.787535047,9185.188,9231868.00358022,1874957.56263329,2197556.856661,31308.49378,938316.56025,800319.44261,137997.11764,5477285.5544332,50710.163401,4538968.9941832,2788596.02664576,1302.016,1698360.78813644,,5388665.30965595,88620.24477725,9811837.82017019,282028.613409953,37320.98403,10155121.0687961,343283.24862591,119119.98964,49839.915,2788596.02664576,1302.016,1580111.04689744,4537666.9781832,2.62438429944455,1.09804484374912,61.4367718796805,0.0286852807690153,34.8121136963568,99.971314719231,4538968.9941832,,,,,,
2010-07-01,2010,"Q3","2010/11","Q1","July",10480913.1543138,1444965.72796353,5868732.80876093,1176614.29642197,217158.5698582,959455.72656377,7581978.39461997,536631.28943707,35000,536631.28943707,9020757.43421024,867147.750153203,15189.99214,9035947.42635024,1449993.20639447,2185460.535457,27668.79461,1032657.590829,837936.44081,194721.150019,5684782.92147992,50263.754921,4652125.33065092,2881447.80306769,1059.668,1719354.10466223,,5597551.67419129,87231.2472886338,9593877.3001039,294600.561421136,38602.52803,9944281.86487747,350404.564773573,176575.126019,48858.979,2881447.80306769,1059.668,1544183.75456423,4651065.66265092,3.79557972902449,1.0502507032235,61.9383098749087,0.0227781481513038,33.193081544692,99.9772218518487,4652125.33065092,,,,,,
2010-08-01,2010,"Q3","2010/11","Q1","August",10572045.8835986,1439015.2737515,6025570.03105877,1144808.91825416,156468.5839526,988340.33430156,7715256.49459643,544877.5452835,35000,544877.5452835,9113477.28196705,818343.242087123,19553.32788,9133030.60984705,1590412.3565836,2283781.131148,12908.48936,914757.258996,793822.966869,120934.292127,5493489.26725665,43999.963887,4578732.00826065,2825258.8724318,1055.022,1708418.14994185,,5399394.43833024,94094.8289264123,9677549.04015775,352067.979705909,38984.64503,10027168.3383157,349619.298157953,99738.275127,43135.195,2825258.8724318,1055.022,1609544.64370185,4577676.98626065,2.17829466645042,0.942077302671969,61.7039579371462,0.0230417940621246,35.1526282996693,99.9769582059379,4578732.00826065,,,,,,
2010-09-01,2010,"Q3","2010/11","Q1","September",10911170.0123614,1477664.8188708,6320626.12277801,1242634.3348275,172045.41880945,1070588.91601805,8023925.48303496,460665.02542945,35000,460665.02542945,9410084.50746063,890493.998996225,23420.68603,9433505.19349063,1749261.60097075,2424774.280582,14604.89459,837030.542815,688336.493499,148694.049316,5661984.7542934,30542.653947,4824954.2114784,2939086.22984567,1161.61757,1854163.71011573,,5566983.32605174,95001.4282416623,10074608.535079,278273.03485454,40711.39803,10450504.9869309,375896.451851871,128155.509316,29522.593,2939086.22984567,1161.61757,1727028.26174673,4823792.5939084,2.65609793790628,0.611873019017813,60.9142823128494,0.0240752040140931,35.7936715262124,99.9759247959859,4824954.2114784,,,,,,
2010-10-01,2010,"Q4","2010/11","Q2","October",11309598.6242472,1496488.10715975,6492366.06143578,1152312.74042008,106257.8331653,1046054.90725478,8259826.92343374,615148.12157788,35000,615148.12157788,9795547.63179748,885572.586785861,17562.88529,9813110.51708748,1782268.05809552,2530704.534195,15571.07303,655244.552828,504616.845878,150627.70695,5746617.4206898,30658.787947,5091372.8678618,3267849.53773207,858.3144,1792006.22778273,,5650223.05173469,96394.3689551106,10316676.2247237,295330.155518456,42579.35215,10694450.5026685,377774.277944839,129361.71595,29588.734,3267849.53773207,858.3144,1663714.56577973,5090514.5534618,2.5408022415048,0.581154332395738,64.1840545279971,0.0168582113759125,32.6771306867264,99.9831417886241,5091372.8678618,,,,,,
2010-11-01,2010,"Q4","2010/11","Q2","November",11442949.4504882,1521162.21786332,6923300.17019086,1151368.67390792,105426.44302595,1045942.23088197,8493598.48688733,418929.64278855,35000,418929.64278855,9894349.50652484,946821.37684896,27437.7261,9921787.23262484,1806751.64421305,2464112.49498,6628.357,822662.215992,648138.14685,174524.069142,6086124.54272789,42636.3959,5263462.32673589,3272851.94938652,858.2539,1947115.72754937,,5989184.38231973,96940.1604081606,10641037.8794848,330452.151511978,43908.84946,11024019.8077006,382981.928215845,151368.128142,41675.2349,3272851.94938652,858.2539,1796708.76040737,5262604.07283589,2.87582809082002,0.791783664686068,62.1805903836717,0.0163058809339335,34.1354919798883,99.9836941190661,5263462.32673589,,,,,,
2010-12-01,2010,"Q4","2010/11","Q2","December",11904892.689871,1565739.60865022,6930269.39013241,1093232.07004922,161185.4268446,932046.64320462,8632028.05622223,608526.5960406,35000,608526.5960406,10317223.1988008,1041668.54653797,21929.88242,10339153.0812208,1826112.5700879,2528797.87623,4036.46705,762205.707894,606791.68576,155414.022134,6218935.03476989,28488.873,5456729.32687589,3441940.39646626,861.065,1985438.99240963,,6143740.04571163,75194.989058257,10894697.7295735,347145.046894018,44865.7236,11296366.0938344,401668.364260851,133949.212134,27303.298,3441940.39646626,861.065,1852675.35527564,5455868.2618759,2.45475273025296,0.500360130848413,63.0769860530511,0.0157798737745524,33.952121212073,99.9842201262254,5456729.3268759,,,,,,
2011-01-01,2011,"Q1","2010/11","Q3","January",12501232.7896368,1598547.07325246,6872803.47265377,1060473.79730561,103100.6580963,957373.13920931,8893381.15834433,960103.88838495,35000,960103.88838495,10878143.2837843,989658.23705497,24542.4326,10902685.7163843,1872228.89392393,2400205.675086,4414.30447,963675.944786,722496.700215,241179.244571,6519323.81275392,39581.14883,5555647.86796792,3408358.52020411,928.34385,2106779.85508381,,6440526.14189988,78797.6708540439,11143810.4611349,380412.4671551,46022.9786,11541128.9012468,397318.440111893,217959.282571,38413.91783,3408358.52020411,928.34385,1889987.80351281,5554719.52411792,3.92320189743636,0.691439031827094,61.3494339671096,0.0167099116441942,34.0192151919828,99.9832900883558,5555647.86796792,2.99185693154651,5555647.86986092,166217.03588675,8.0064411812746,5555647.86986092,444809.67893915
2011-02-01,2011,"Q1","2010/11","Q3","February",12404215.1510613,1687510.82067944,7050762.62364297,1218757.4244811,105595.34153815,1113162.08294295,8983935.24406032,714415.19593625,35000,714415.19593625,10693921.9406219,960571.500625283,22782.38976,10716704.3303819,1893025.25354596,2552749.621995,5154.53155,774192.042674,616017.048712,158174.993962,6487974.26328105,28505.91316,5713782.22060705,3574926.042018,690.77657,2109659.48885905,,6406766.20531131,81208.0579697439,11291473.9079213,387502.488919073,46275.8066,11689799.955128,398326.047206657,132810.639962,27352.38816,3574926.042018,690.77657,1978002.37389705,5713091.44403705,2.32439100466608,0.478708972514777,62.5667185760921,0.0120896552113708,34.6180917915157,99.9879103447886,5713782.22060705,3.02817779188729,5713782.22125505,173023.48430085,7.89080322067064,5713782.22125505,450863.3115369
2011-03-01,2011,"Q1","2010/11","Q3","March",12481694.3210307,1734583.38656963,7112135.21000478,1332592.3297306,132931.240363,1199661.0893676,9074006.10993239,629278.570197013,35000,629278.570197013,10724798.1116111,986513.431481687,22312.82285,10747110.9344611,2332611.5500181,2576727.301136,4347.23643,367298.463869,231144.04945,136154.414419,6201797.6272655,28771.165,5834499.1633965,3707965.72424341,577.373,2097184.90115309,,6115626.45980035,86171.1674651532,11454709.3140261,377845.512451655,47551.25419,11852415.7508287,397706.436802597,110284.741419,27727.23,3707965.72424341,577.373,1438188.80389409,5284166.4995565,2.08685120941632,0.524665540443437,70.1635843413103,0.0109252787632392,27.2139736300667,99.9890747212368,5284743.8725565,2.57695801203645,5066451.81889573,130560.336073,6.12493547523256,5066451.81889573,310316.90479111
2011-04-01,2011,"Q2","2010/11","Q4","April",12449553.0017815,1745610.81559098,7026337.69247729,1447587.88079376,241262.3321042,1206325.54868956,8998187.17132246,524261.598051416,35000,524261.598051416,10684667.4663105,1127218.69693661,19274.71988,10703942.1861905,2370812.57711908,2544825.611263,4068.44238,325899.014348,216256.893348,109642.121,6243700.78587032,28444.363,5917801.77152232,3749389.22918732,572.686,2139395.493335,,6161595.76807423,82105.0177960894,11528347.6895792,398822.6021229,48222.68862,11925291.4037261,396943.714146889,82964.215,27419.379,3749389.22918732,572.686,2057456.262335,5917229.08552232,1.40194312353011,0.463337233294087,63.3578036903864,0.00967734341416914,34.7672386093752,99.9903226565858,5917801.77152232,3.42859742885575,5917801.77089832,202897.5993618,7.71058539643977,5917801.77089832,456297.15913714
2011-05-01,2011,"Q2","2010/11","Q4","May",11790559.9771745,1766724.11315374,7223104.58242033,1354055.16297025,213370.2755666,1140684.88740365,8577159.74539058,,35000,306449.47877691,10006182.9345408,1087573.71037327,17652.92948,10023835.8640208,2091845.15126018,2465737.119333,4069.30619,337790.326754,254117.278754,83673.048,6431139.38747232,27250.884,6093349.06071832,3778434.5332424,556.483,2287107.16047592,,6349532.80269532,81606.5847770046,11396391.1874947,436841.7093862,48365.09863,11790559.9771747,394168.789680004,54131.297,27250.884,3778434.5332424,556.483,2233981.34447592,6093798.05871832,0.888220346050585,0.447149633541283,61.9989288016883,0.00913112284804976,36.6565700958718,99.990868877152,6094354.54171832,4.20915470060864,6094354.54273532,256520.8107073,7.69304737563595,6094354.54273532,468841.58221185
2011-06-01,2011,"Q2","2010/11","Q4","June",12516510.547923,1739534.90237243,7578972.03769911,1539721.84657052,249831.28594,1289890.56063052,9118693.88426963,,35000,440751.67579224,10745096.6599706,1150651.09990873,31878.98558,10776975.6455506,2291266.21045222,2499867.787769,25317.74752,372932.712225,253525.86628,119406.845945,6889155.96928852,29487.967,6516223.25706352,4093348.8499566,637.124,2392749.31610692,,6821746.10382362,67409.8654648965,12115635.640581,426803.18437618,50634.60664,12516510.547922,400874.907340975,90732.955945,28582.906,4093348.8499566,637.124,2302921.42116192,6515586.13306352,1.39241631794378,0.438642214552984,62.8178116137972,0.00977750415947403,35.3413523495466,99.9902224958405,6516223.25706352,4.0770935930022,6516223.25714652,265672.52092284,7.39045292976572,6516223.25714652,481578.41261786
2011-07-01,2011,"Q3","2011/12","Q1","July",12529235.6088608,1767769.59644068,7423906.91756539,1500027.92909086,176300.526428,1323727.40266286,8923934.84665625,,35000,739484.00987,10739919.3995801,1041500.54305388,21546.61284,10761466.0124201,2297426.24788095,2456180.741224,16436.58917,454564.254363,320890.07314,133674.181223,7008791.61086786,28194.559,6554227.35650486,3880673.10326641,524.96297,2644834.73126845,,6937652.21149406,71139.3993738046,12128371.6035624,369819.58215344,50856.23164,12529235.6088638,400864.005301357,103853.896223,27142.066,3880673.10326641,524.96297,2542033.32804545,6553702.39353486,1.58453301318466,0.414115417785475,59.2087044312701,0.00800953249629022,38.7846376052635,99.9919904675037,6554227.35650486,4.82921654628764,6554227.35647786,316517.83198034,6.43420290671335,6554227.35647786,421712.2870831
2011-08-01,2011,"Q3","2011/12","Q1","August",13050237.7615656,1808398.81285264,7873783.27390569,1515470.97198937,290473.0273006,1224997.94468877,9389254.24589506,,35000,630342.5144682,11203073.902463,1148477.1420997,38765.04625,11241838.948713,2709291.42883679,2231966.596093,27398.85032,465657.366428,322913.34686,142744.019568,7291150.50067526,4876.43641,6825493.13424726,4204167.52315633,242.66773,2616206.50695093,,7217950.6910906,73199.8095846587,12647596.3908146,409627.8458342,51360.97864,13050237.7615696,402641.370755009,115977.619568,3562.94641,4204167.52315633,242.66773,2501542.37738293,6825250.46651726,1.69918300827344,0.0522005712982515,61.5950736520663,0.00355531424949213,36.6499874541125,99.9964446857505,6825493.13424726,4.70406674664014,6825493.13423426,321075.75282172,6.39727566973205,6825493.13423426,436645.6116156
2011-09-01,2011,"Q3","2011/12","Q1","September",13077202.3579037,1859768.95666236,7846914.27942311,1397530.29368642,209557.4290892,1187972.86459722,9244444.57310953,,35000,756088.5946882,11184391.2185813,1148858.05078362,33042.18266,11217433.4012413,2520719.54175927,2160133.62253,24130.15889,533712.959317,410654.99471,123057.964607,7595377.07302412,4399.56111,7061664.11370712,4415484.4106354,251.043,2641529.09896172,,7521086.27654783,74290.7964762925,12675147.5418987,400611.839141612,48466.10303,13077202.3579027,402054.816003992,96417.903607,3591.77556,4415484.4106354,251.043,2545918.98090472,7061413.07070712,1.36537085387348,0.0508630190018263,62.5275337305364,0.00355501190594311,36.0526773846824,99.9964449880941,7061664.11370712,4.83275203663769,7061664.1143425,341272.7163064,6.37037994290508,7061664.1143425,449854.8343754
2011-10-01,2011,"Q4","2011/12","Q2","October",13031587.2717482,1888480.71492299,7694251.87058387,1434300.72784472,286360.6208415,1147940.10700322,9128552.59842859,,35000,792276.598530042,11102903.5082952,1147074.31133655,40203.04853,11143106.5568252,2623111.11551944,2030423.291538,25369.743,600313.023235,469260.33849,131052.684745,7561336.40153406,7011.93416,6961023.37829906,4322363.2777958,248.66057,2631399.50577326,,7488397.73338984,72938.6681442232,12622806.5165822,406721.533534896,48783.0996,13031587.2717482,408780.755166027,104521.581745,3568.26149,4322363.2777958,248.66057,2530321.59669826,6960774.71772906,1.5015260840934,0.0512605876475581,62.0937905663517,0.00357218409544777,36.3498505778119,99.9964278159046,6961023.37829906,5.45420211111476,6961023.37617906,379668.28393875,6.19291318757038,6961023.37617906,431090.13465325
2011-11-01,2011,"Q4","2011/12","Q2","November",12862206.4739735,1956538.93695541,7605133.37894582,1394171.25707864,245586.3679981,1148584.88908054,8999304.63602446,,35000,702454.13362101,10878439.1362481,1141680.36660264,27228.40077,10905667.5370181,2410370.38445642,2031058.86424363,17501.487,615523.870065,497485.14476,118038.725305,7656653.07703624,7941.51386,7041129.20697124,4268304.72463771,9160.208,2755722.76047353,,7581039.50352365,75613.5735125924,12444596.0521721,357629.581548381,46996.2314,12862206.4739705,417610.421798422,89435.811305,4692.73726,4268304.72463771,9160.208,2669535.72576853,7031968.99897124,1.27019130988893,0.0666475095408538,60.6196051680428,0.130095723721853,37.9134602888055,99.8699042762781,7041129.20697124,5.11421687285615,7041129.20842257,360098.61801675,6.63284402893351,7041129.20842257,467027.11827035
2011-12-01,2011,"Q4","2011/12","Q2","December",12982400.2117928,2001577.74960633,7520258.57035529,1383454.00577236,176648.0751734,1206805.93059896,8903712.57612765,,35000,845875.2667254,10958190.4994965,1173602.65664348,22631.96269,10980822.4621865,2561224.54568472,2074905.756953,10397.649,594065.51404,430405.3153,163660.19874,7575053.8959925,4282.14046,6980988.3819525,4376402.503561,9532.97073,2590770.7672015,,7496367.56422987,78686.3317626274,12552907.3529575,362300.469149889,47711.36794,12982400.2117919,429492.858834417,135438.11595,3599.03979,4376402.503561,9532.97073,2456015.7519215,6971455.4112225,1.94009943205377,0.0515548743685689,62.6902991971027,0.136556175263735,35.1814903212112,99.8634438247363,6980988.3819525,6.11055541228252,6980988.38134679,426577.1633672,6.19456951489113,6980988.38134679,432442.178109
2012-01-01,2012,"Q1","2011/12","Q3","January",12639018.1216224,2077787.22023808,7164160.85471153,1324638.70906056,228083.184767405,1096555.52429316,8488799.56377209,,35000,803767.63218422,10533851.1529243,1206283.95696801,27379.74846,10561230.9013843,2442933.96095568,2118837.20286181,20355.414,379039.7146374,277271.9765626,101767.7380748,7235804.72625316,5241.54763,6856765.01161576,4132764.45030594,7918.1811,2710840.83257982,,7154182.3263565,81622.3998966553,12210056.2407266,426778.152612561,46969.18394,12639018.1216174,428961.880890841,75342.8680748,4574.0895,4132764.45030594,7918.1811,2636165.42263502,6848846.83051576,1.09881070661113,0.0667091477139909,60.2728027474297,0.115479837599599,38.4461975606456,99.8845201624004,6856765.01161576,,,,,,
2012-02-01,2012,"Q1","2011/12","Q3","February",12741867.1964417,2149892.13646656,7592321.92866717,1267916.00974142,231025.0813873,1036890.92835412,8860237.93840859,,35000,550517.02273907,10568086.1543351,1122331.19318744,23888.90564,10591975.0599751,2373131.70140274,2308452.00280045,15274.994,385737.7524024,248212.4314818,137525.3209206,7272181.15576138,5371.034,6886443.40335898,4567040.2222776,7794.415,2306237.73208138,,7177292.41694696,94888.7388144153,12311164.0968384,389668.999048248,47343.98264,12741867.1964367,430703.099598303,107445.0829206,4881.42,4567040.2222776,7794.415,2199282.26316078,6878648.98835898,1.560240557095,0.0708844858525811,66.3192878351392,0.113184913364686,31.9364022085485,99.8868150866353,6886443.40335898,,,,,,
2012-03-01,2012,"Q1","2011/12","Q3","March",13462878.8575096,2186596.73985666,8027699.05039498,1087422.24720856,76392.1056599,1011030.14154866,9115121.29760354,,35000,951501.931810341,11258001.4481429,1156378.21872898,18280.66951,11276282.1176529,2519933.10527783,2328438.34860565,15088.65758,707992.7076804,508653.61647,199339.0912104,7806791.02343818,5362.801,7098798.31575778,4751654.80568046,10005.40627,2331775.30280732,,7697590.61772029,109200.405717895,13025268.9307867,417691.97460295,46526.227,13462878.8575066,437609.926719885,166552.0812104,5002.484,4751654.80568046,10005.40627,2165609.09495692,7088818.46584778,2.34619261177292,0.0704691944766847,66.9358036102804,0.140944562792979,30.506590020677,99.859055437207,7098823.87211778,,,,,,
2012-04-01,2012,"Q2","2011/12","Q4","April",13468174.2744655,2218449.90042453,7932860.43701397,1031559.62032105,128879.326004344,902680.29431671,8964420.05733502,,36523.071,906035.34199078,11230780.003931,1323801.53360516,18944.37011,11249724.374041,2602667.59936876,2335265.8107064,15256.72075,536031.65729244,313909.62203,222122.03526244,7651450.31348306,3567.402753,7115418.65619062,4599547.54181385,1494.61981,2510809.09181377,,7524752.98227867,126697.331204395,13022676.4929712,497881.164867415,46852.215,13468174.2744716,445497.781500362,190450.07826244,3227.653143,4599547.54181385,1494.61981,2320698.76316133,7113924.03638062,2.67658288942342,0.0453613947254087,64.6419805222861,0.0210053671079443,32.6150698264572,99.9789946328921,7115418.65619062,,,,,,
2012-05-01,2012,"Q2","2011/12","Q4","May",13501346.1659697,2230174.39533328,8018690.78892064,1105786.95286101,136725.951768,969061.001093006,9124477.74178165,,35478.743,782383.69155985,11252352.6488864,1310012.47254485,18819.12175,11271171.7706364,2388115.27255939,2432729.02902773,20546.67569,685182.74685126,433521.14184626,251661.605005,7817669.78579363,3654.27271,7132487.03894237,4665051.61371884,1307.865,2462473.28751353,,7684359.56834154,133310.217452088,13047715.1050375,476915.29241883,45049.267,13501346.1659665,453631.060929008,219780.417005,3328.29528,4665051.61371884,1307.865,2243018.84793853,7131179.17394237,3.08139945863245,0.0466638812216269,65.4056795091014,0.0183367315336045,31.447920419511,99.9816632684664,7132487.03894237,,,,,,
2012-06-01,2012,"Q2","2011/12","Q4","June",14411714.9459862,2240425.7037748,8568282.98854447,1164251.084552,136725.951768,1027525.132784,9732534.07309647,,34996.689,909061.643089,12152953.1444514,1476360.7392659,18336.09776,12171289.2422114,3033556.97228844,2580556.933522,19036.526,692266.862767,361266.70476,331000.158007,7909300.49296262,4586.75032,7217033.63019562,4850640.25523962,1132.50728,2360674.117356,,7771343.236622,137957.256340615,13949593.0590252,502606.150592725,42493.24,14411714.9459872,462121.88696203,300810.738007,4272.10193,4850640.25523962,1132.50728,2060178.027739,7215901.12291562,4.16806618093654,0.0591947072565353,67.2109969800451,0.0156921435873828,28.5460499881744,99.9843078564126,7217033.63019562,,,,,,
2012-07-01,2012,"Q3","2012/13","Q1","July",13713371.5738721,2267495.54498307,8017576.62869762,1189338.67345316,104249.50534871,1085089.16810445,9206915.30215078,,34709.713,905335.95396522,11423680.158049,1276719.18893301,22195.87084,11445876.028889,2603746.96228431,2644583.91527823,20162.93349,418418.8348084,154009.26937,264409.5654384,7614314.91791005,3559.8354,7195896.08310165,4896214.04198025,1096.3016,2295025.9041214,,7458466.7055281,155848.212381953,13242423.9462528,472702.513672187,42760.916,13713371.5738671,470947.627614275,232739.2904384,3239.79431,4896214.04198025,1096.3016,2062606.654773,7194799.78150165,3.23433367784381,0.0450228056740301,68.0417558207682,0.0152350949393847,28.6636526007745,99.9847649050606,7195896.08310165,,,,,,
2012-08-01,2012,"Q3","2012/13","Q1","August",14397904.4131359,2380566.62544689,8509362.83375537,1201282.75494262,79994.3613103557,1121288.39363226,9710645.58869799,,35095.018,894336.8926335,11988587.881274,1348510.38194248,28749.906415,12017337.787689,3047232.92650908,2859958.05647083,16954.029608,405959.06341525,155160.26863,250798.79478525,7645206.85077339,2509.451,7239247.78735814,4931473.68864256,1151.20168492891,2304113.44603065,,7478131.5242251,167075.326548285,13917212.8034029,471905.7225899,43030.544,14397904.413138,480691.609735115,219457.52378525,2211.353,4931459.40564156,1151.20168492891,2084968.3032464,7238096.58567321,3.03149623043001,0.0305467234297695,68.1211577569335,0.0159022279488657,28.8008970612578,99.9840977720511,7239247.78735814,,,,,,
2012-09-01,2012,"Q3","2012/13","Q1","September",14775478.4657411,2433227.74202493,8800925.02337283,1202516.64858837,105177.953141117,1097338.69544725,10003441.6719612,,35467.89400602,988527.706824098,12313663.1122892,1286225.83949787,28587.611427,12342250.7237162,3164772.03808143,2934558.06122246,14387.403431,499917.93691972,205858.19580718,294059.74111254,7834344.93042199,2683.13815031372,7334426.99350227,5017746.03593061,1176.13210335207,2312821.68731799,,7667221.59448417,167123.335937816,14289861.8904593,465532.54924022,43390.244,14775478.465735,485616.575275723,264275.00411254,2378.16177231372,5017746.03593061,1176.13210335207,2049384.98724345,7333784.18905891,3.60295069831631,0.0324222854410327,68.4086323064869,0.0160346075759781,27.9399601021797,99.9839653924239,7334960.32116227,,,,,,
2012-10-01,2012,"Q4","2012/13","Q2","October",14699177.275973,2494964.02979441,8495367.65209287,1250772.97323221,104844.80889776,1145928.16433445,9746140.62532508,,35853.199,1027084.88471159,12187763.5874766,1378684.87843997,16449.658702,12204213.2461786,2987448.01394364,3009512.96233266,14026.849242,346614.16614975,141719.02141,204895.14473975,7831273.21775206,27067.076798,7484659.05160231,5126289.22018423,1629.004657,2329673.74996308,,7641635.34276099,189637.874991065,14207842.8606388,510048.27435947,45171.418,14699177.2759712,491334.41533242,175593.72870175,25973.2431,5114459.02321323,1629.00466,2167004.05093433,7483030.04594931,2.34604846412416,0.347019722934281,68.3325584857052,0.0217645807108259,28.9526087465256,99.9782354192892,7484659.05060931,,,,,,
2012-11-01,2012,"Q4","2012/13","Q2","November",15439263.1228074,2530318.74949018,9248111.8587302,1199472.3832886,115071.50736321,1084400.87592539,10447584.2420188,,34718.495,1062746.13447142,12891317.4420072,1346268.570517,17626.93131,12908944.3733172,3274601.88408576,3051640.72739497,22595.74535,504758.89276005,182605.6267536,322153.26600645,8160820.89202397,2830.25604,7656061.99926392,5255748.72713063,3122.63817,2394360.37792329,,7994008.77665713,166812.115366838,14945552.7788409,557898.189353012,44807.456,15439263.1228058,493710.343964926,294229.35300645,1774.649,5255748.72713063,3122.63817,2101186.63195684,7652939.36109392,3.84308999894121,0.0231796581606918,68.6481996571597,0.0407864796588667,27.4447442060795,99.9592135203411,7656061.99926392,,,,,,
2012-12-01,2012,"Q4","2012/13","Q2","December",15465861.0904843,2577044.37868414,9256956.05745524,1200716.86536056,118431.85816605,1082285.00719451,10457672.9228158,,32763.474,1069538.43594898,12881215.7385702,1321240.9058054,7600.97323,12888816.7118002,3333704.87442243,3054940.91264505,4574.26494,324914.27135271,79333.08073,245581.19062271,8114602.27110747,5866.25737,7789687.99975476,5384337.60675272,3265.57079,2396218.56484204,,7963650.23938064,150952.03172683,14946604.0776878,544400.685299636,45333.101,15465861.0904767,519257.012788944,220302.52362271,4809.94781,5384337.60675272,3265.57079,2176972.35077933,7786422.42896476,2.82813026182365,0.0617476311009046,69.1213512906067,0.0419217148376522,27.9468491016311,99.9580782851623,7789687.99975476,,,,,,
2013-01-01,2013,"Q1","2012/13","Q3","January",15119704.4573514,2623330.97072536,10003762.1977942,66618.7697516683,,66618.7697516683,10070380.9675459,,32424.744,1035605.06423206,12491040.424211,1352629.64843302,5333.062415,12496373.486626,2906752.095718,3004883.96628054,2189.126545,222197.57502475,,222197.57502475,7797929.31564061,5191.42256924808,7575731.74061586,5366970.06905912,3273.452006,2200296.79698149,,7637721.21719847,160208.098442142,14150375.8953569,555111.843614857,43717.646,15119704.4571504,969328.561793531,253942.04202475,6206.68978424808,5366970.06905912,3273.452006,2421479.10479124,8048597.90565936,3.1538263683634,0.0770838170227264,66.6549405803631,0.0406545492419434,30.0734946850088,99.9593454507581,8051871.35766536,,,,,,
2013-02-01,2013,"Q1","2012/13","Q3","February",15953642.0035544,2737541.56898893,10401955.3218867,61291.7598292998,,61291.7598292998,10463247.081716,,32740.879,1217361.71804961,13211160.8895565,1497811.21079091,4939.545009,13216100.4345655,3639935.11442074,2953693.91994191,4329.741548,240232.741169354,,240232.741169354,7791001.42097372,4834.96354687908,7550768.67980437,5378421.55663535,2709.608006,2164802.55161614,,7622351.98292199,168649.438051731,15016174.2749305,751870.554097829,43992.962,15953642.0039644,937467.729033916,273144.804169354,5791.45184487908,5378421.55663535,2709.608006,2404078.8044875,8061436.61713708,3.38715093381764,0.0718172969981869,66.6954864963392,0.0336006804731759,29.8119445923718,99.9663993195268,8064146.22514308,,,,,,
2013-03-01,2013,"Q1","2012/13","Q3","March",15811472.7756206,2798000.32645157,10239751.6520968,76825.0971595607,,76825.0971595607,10316576.7492564,,33090.885,1064819.03651743,12983372.572201,1568885.9014272,30099.876968,13013472.449169,3516171.83496776,2971723.26718557,22626.563557,264775.20125708,,264775.20125708,7665573.40387923,20216.6547125144,7400798.20262215,5194571.00061808,3029.237006,2182981.31028556,,7468509.6233652,197063.780514031,14728264.536813,705000.028737507,44233.219,15811472.7756248,1083208.23881179,296257.34625708,20958.6702105144,5194571.00061808,3029.237006,2447014.49594464,7958801.51303031,3.72097015822308,0.263239333622092,65.243424077991,0.0380469907123583,30.7343194394515,99.9619530092876,7961830.75003631,,,,,,
2013-04-01,2013,"Q2","2012/13","Q4","April",15774771.6101073,2822428.4483136,10218049.4649794,67183.6792597914,,67183.6792597914,10285233.1442392,,33429.601,1031698.3828338,12921360.5660087,1570999.43793566,30982.595785,12952343.1617937,3173479.2122885,2979571.73393097,22241.126898,237164.225201985,,237164.225201985,7674796.36059235,20114.6397569519,7437632.13539036,5220128.13253504,2930.919006,2194458.44409237,,7482202.05614828,192594.304444073,14552209.0983027,848016.477036991,46698.492,15774771.6101119,1222562.51180925,274385.888201985,20847.4818409519,5220128.13253504,2930.919006,2430889.82721035,7946251.32978833,3.45174987331057,0.262259452462722,65.6687438928298,0.0368706983217618,30.5803760830751,99.9631293016782,7949182.24879433,,,,,,
2013-05-01,2013,"Q2","2012/13","Q4","May",15749000.4458211,2727136.66900719,10364050.1205057,78570.2753275487,,78570.2753275487,10442620.3958332,,32402.305,1054953.4726422,13007608.3207559,1477632.14728051,14255.456058,13021863.7768139,3307763.86378719,3097367.65271117,17720.070122,217467.041784515,,217467.041784515,7616179.19254611,19312.1496921128,7398712.1507616,4909748.29653375,2281.644,2467370.06053574,,7441138.92503698,175040.267509134,14465162.8632805,554842.933623169,46329.418,15749000.4458209,1283837.58254039,243113.392784515,20002.8598401128,4909748.29653375,2281.644,2684146.39217226,7857010.94133064,3.09332411467014,0.254512217517492,62.4706135218555,0.0290311624771253,34.1525189834797,99.9709688375229,7859292.58533064,,,,,,
2013-06-01,2013,"Q2","2012/13","Q4","June",15689767.0410203,2667221.24668665,10295798.740635,89528.7144387733,,89528.7144387733,10385327.4550738,,30476.639,1075173.94949603,12981640.8495736,1490662.8060038,40904.94476,13022545.7943336,3630691.06951745,3118014.02013564,42621.533841,183396.390462393,,183396.390462393,7677354.46895704,16177.0166725897,7493958.07849465,4937830.26190002,3320.769,2536630.03092204,,7515695.39251043,161659.076446605,14832621.9694189,477724.228414414,47875.725,15689767.041019,857145.071600084,205466.166462393,16876.4443465897,4937830.26190002,3320.769,2719326.99371043,7879499.86641943,2.60650566548709,0.214091441720236,62.6403985359396,0.0421266593975128,34.4968776974556,99.9578733406025,7882820.63541943,,,,,,
2013-07-01,2013,"Q3","2013/14","Q1","July",15707835.6976513,2686598.54129508,10263127.2075332,85986.755065112,,85986.755065112,10349113.9625983,,29615.716,1169088.88221308,12980424.6505772,1432606.08976579,40812.505779,13021237.1563562,3155736.84336985,3148630.96999238,42949.117655,289576.907060372,,289576.907060372,7811178.46634336,9562.44553009741,7521601.55928299,4716790.85677451,3444.761,2791803.49597838,,7644003.76537505,167174.70096831,14624854.8248766,587190.009484315,46344.119,15707835.6976539,1082980.87277726,289576.907060372,9562.44553009741,4716790.85677451,3444.761,2791803.49597838,7807733.70534336,3.70721150858471,0.122420010902323,60.3851374936332,0.0441004006609593,35.7411305862188,99.955899599339,7811178.46634336,,,,,,
2013-08-01,2013,"Q3","2013/14","Q1","August",16231732.1985837,2748358.6924588,10727275.9736158,130506.229462834,,130506.229462834,10857782.2030786,,29930.13678132,1145303.98653857,13443803.7952199,1410787.46882146,39569.710905,13483373.5061249,3531501.26733027,3262359.31883981,43095.948977,235655.915959492,,235655.915959492,7896792.56075207,9386.61003882131,7661136.64479258,5196472.92427283,1940.163,2453336.94748093,,7726464.23923798,170328.321514088,15163621.3336418,553780.107256784,46420.452,16231732.1985729,1068110.8649311,235655.915959492,9386.61003882131,5196472.92427283,1940.163,2453336.94748093,7894852.39775207,2.98419787713214,0.118866108823395,65.8048553801435,0.0245690004527006,31.0675116334483,99.9754309995473,7896792.56075207,,,,,,
2013-09-01,2013,"Q3","2013/14","Q1","September",16258644.1771374,2754676.94305118,10736842.631825,83248.5283209016,,83248.5283209016,10820091.1601459,,30234.48338451,694344.730142124,13463402.6628592,1918732.2891867,40564.571227,13503967.2340862,3601332.15182212,3372742.84711504,44485.199882,169543.289504092,,169543.289504092,7950958.43503389,9467.29220813715,7781415.1455298,4993656.5209178,434.897,2777856.43540386,,7787050.54788383,163907.887150063,15430552.79767,561976.467216007,62965.583751,16258644.1771561,828091.379486145,169543.289504092,9467.29220813715,4993656.5209178,434.897,2777856.43540386,7950523.53803389,2.13236292063913,0.119071081624851,62.8057178479831,0.00546974309516871,34.9373784066577,99.9945302569048,7950958.43503389,,,,,,
2013-10-01,2013,"Q4","2013/14","Q2","October",16188087.9369609,2789891.73856226,10706834.768947,80468.361244232,,80468.361244232,10787303.1301912,,30234.483,670780.264391804,13358218.9090706,1869901.03148762,39977.289328,13398196.1983986,3433288.02910519,3380172.22658359,39832.635256,160489.192302809,,160489.192302809,8097739.57957576,7676.06720741289,7937250.38727295,4758363.00887125,436.003,3170775.30819429,,7929792.07865723,167947.500918527,15283947.0424158,434566.074894784,66295.997919,16188087.9369452,904140.894529411,160489.192302809,7676.06720741289,4758363.00887125,436.003,3170775.30819429,8097303.57657576,1.98190113087357,0.094792715077842,58.7616205993197,0.00538425563968114,39.1563012990893,99.9946157443603,8097739.57957576,,,,,,
2013-11-01,2013,"Q4","2013/14","Q2","November",16411216.3916689,2651061.95532188,10927070.3138712,106867.657421136,,106867.657421136,11033937.9712923,,28695.155,743568.277035238,13721128.119244,1914926.71591645,39026.317103,13760154.436347,3525126.02985102,3500160.38403508,39715.849493,192854.31038314,,192854.31038314,8203063.90541319,4131.2650527011,8010209.59503005,5433129.09780212,12138.17,2560811.06217523,,7857355.91240237,345707.993010823,15449938.0525794,461729.455952939,65850.420845,16411216.3916577,961278.339078257,192854.31038314,4131.2650527011,5433129.09780212,12138.17,2560811.06217523,8190925.73541319,2.35100338857382,0.050362463347078,66.2329241908844,0.147971174428984,31.2177387827657,99.852028825571,8203063.90541319,,,,,,
2013-12-01,2013,"Q4","2013/14","Q2","December",17247005.7657849,2771263.30247742,11346201.7200383,158141.347577247,,158141.347577247,11504343.0676155,,27445.551,883839.519508555,14436101.4891835,2020473.35105947,39640.974124,14475742.4633075,4121223.83062731,3650448.35234355,39004.222044,196247.892792513,,196247.892792513,8305034.33327678,5005.00578769882,8108786.44048427,5436651.71293645,16523.8923604799,2650605.82939964,,7983401.26743537,321633.065841414,16319306.6707335,458270.467333306,66958.53095,17247005.7657936,927699.095060061,196247.892792513,5005.00578769882,5436651.71293645,16523.8923604799,2650605.82939964,8288510.4409163,2.36299917516515,0.0602647212142719,65.4621220667657,0.19896236062832,31.9156516762265,99.8010376393717,8305034.33327678,,,,,,
2014-01-01,2014,"Q1","2013/14","Q3","January",17309364.4040564,2799767.93999456,11309490.2878836,147692.639709603,,147692.639709603,11457182.9275932,,26080.96,947283.818971197,14464167.2989088,2033619.59234444,45429.165153,14509596.4640618,4013247.8248267,3738947.08411567,38498.537088,232613.920657321,,232613.920657321,8487376.10760244,7878.98940075492,8254762.18694512,5342260.92561571,16285.43,2888336.84192865,,8131239.98064008,356136.126962365,16500273.8753748,504679.709978346,73660.738726,17309364.4051182,809090.529743425,232613.920657321,7878.98940075492,5342260.92561571,16285.43,2888336.84192865,8471090.67760244,2.74070475619621,0.0928318634742419,62.9436101085524,0.191878264772697,34.0309750070044,99.8081217352273,8487376.10760244,,,,,,
2014-02-01,2014,"Q1","2013/14","Q3","February",17865742.3564847,2785984.63662738,11917446.8357344,135235.202711122,,135235.202711122,12052682.0384455,,26333.738,832376.441270832,15063272.7078193,2151880.49010292,16485.012038,15079757.7198573,4284666.54808352,3785093.372737,17253.431189,222213.75604376,,222213.75604376,8562971.60008875,7878.98940075492,8340757.84404499,5393522.75413415,21956.84074359,2917399.25976649,,8189422.67935496,373548.920733785,16889506.1271198,538197.756809309,74872.338946,17865742.3561743,976236.229054449,222213.75604376,7878.98940075492,5393522.75413415,21956.84074359,2917399.25976649,8541014.75934515,2.5950542220817,0.0920123266632493,62.9865776277742,0.256416134129914,34.069939689351,99.7435838658701,8562971.60008874,,,,,,
2014-03-01,2014,"Q1","2013/14","Q3","March",18171775.4705693,2913379.26526122,12162293.9282059,182404.041417816,,182404.041417816,12344697.9696237,,26615.639,853208.787109049,15245111.3005171,2020588.90478435,13284.904791,15258396.2053081,4208991.65958009,3913371.16967211,14085.666201,225976.055933185,,225976.055933185,8700680.72156717,7970.379,8474704.66563398,5405470.78523855,21305.401,3039958.10039543,,8419148.5575703,281532.163996873,17224659.3832498,594739.271046301,74323.05918,18171775.4707926,947116.087542816,225976.055933185,7970.379,5405470.78523855,21305.401,3039958.10039543,8679375.32056717,2.59722271354053,0.0916063840872025,62.1269870510191,0.244870507053412,34.9393133442997,99.7551294929466,8700680.72156717,,,,,,
2014-04-01,2014,"Q2","2013/14","Q4","April",18221848.5274989,2969796.37842956,12166756.6118611,175263.95514975,,175263.95514975,12342020.5670109,,26887.217,858090.633523087,15236875.5591873,2009877.14165333,15176.589882,15252052.1490693,4222665.66680118,4062613.55001321,11199.140258,224411.01001033,,224411.01001033,8731989.71544414,11553.191,8507578.70543381,5524826.31359941,21171.98067092,2950027.22016348,,8440761.31285877,291228.402585371,17330523.4026031,520729.407105894,72554.325566,18221848.5277141,891325.125110989,224411.01001033,11553.191,5524826.31359941,21171.98067092,2950027.22016348,8710817.73477322,2.56998710859013,0.132308802191625,63.2711042229898,0.242464562612499,33.784135303616,99.7575354373875,8731989.71544414,,,,,,
2014-05-01,2014,"Q2","2013/14","Q4","May",18451882.137971,2932502.13658986,12264365.1619648,165192.571818028,,165192.571818028,12429557.7337828,,25676.049,966753.466534734,15508913.8887891,2086926.63947156,10466.112592,15519380.0013811,4361408.01346423,3956805.62069906,11577.239644,255717.170619825,,255717.170619825,8913747.98303919,14285.447,8658030.81241936,5648655.19917331,23370.916,2971719.25024605,,8610551.32600852,303196.657030666,17589653.0059184,575214.497952571,74096.30815,18451882.1383422,862229.132423836,255717.170619825,14285.447,5648655.19917331,23370.916,2971719.25024605,8890377.06703918,2.86879515896564,0.16026307931503,63.3701469900361,0.262189553086642,33.3386052185966,99.7378104469134,8913747.98303918,,,,,,
2014-06-01,2014,"Q2","2013/14","Q4","June",18639542.5152538,2942925.82626267,12232132.191745,174271.991778267,,174271.991778267,12406404.1835233,,23852.27,1026487.99504749,15687069.3470511,2230324.8984803,9547.34194,15696616.6889911,4380228.67551467,4039070.52347239,12845.420059,186647.81472386,,186647.81472386,8969863.84814232,9829.101,8783216.03341846,5912386.00762259,23352.973,2837647.95179587,,8653763.71623499,316100.131907335,17783666.7427504,623752.881791374,74005.525678,18639542.5156224,855875.772872028,186647.81472386,9829.101,5912386.00762259,23352.973,2837647.95179587,8946510.87514232,2.08083219415326,0.109579154894705,65.9138879666168,0.260349247160942,31.6353514371743,99.7396507528391,8969863.84814232,,,,,,
2014-07-01,2014,"Q3","2014/15","Q1","July",18277909.1353991,2970222.59562065,12148645.3843295,199033.22985497,,199033.22985497,12347678.6141845,,22524.348,807373.60714795,15284893.1613304,2107316.59199794,22793.378448,15307686.5397784,3897076.47947299,4254010.48280801,25069.470129,130007.38326401,,130007.38326401,8945410.55493744,3732.588,8815403.17167343,5939997.36697385,24144.427,2847528.78969958,,8650379.82139523,295030.73354221,17548065.8027526,654619.856144386,66909.692803,18277909.1350685,729843.332315945,130007.38326401,3732.588,5939997.36697385,24144.427,2847582.01869958,8921319.35693745,1.453333068068,0.0417260422729816,66.4023410126567,0.269906933650035,31.8326929433522,99.73009306635,8945463.78393745,,,,,,
2014-08-01,2014,"Q3","2014/15","Q1","August",18864809.1570612,3034116.72637606,12500680.6481965,192432.196033206,,192432.196033206,12693112.8442297,,22764.536,1050141.0560511,15807198.6840971,2041180.24781628,23493.746588,15830692.4306851,4102380.34786393,4408764.51043566,23578.192145,155893.209072026,,155893.209072026,9080361.49344296,3436.273,8924468.28437093,6055342.12809523,26027.889,2839661.9942757,,8802711.22654063,277650.266902326,18038469.5049638,634012.379032621,67022.848946,18864809.1572828,826339.652318981,155893.209072026,3436.273,6055342.12809523,26027.889,2839825.2622757,9054496.87244295,1.71678634404443,0.0378422292794228,66.6849360271223,0.286634194430235,31.2738012051237,99.7133658055698,9080524.76144295,,,,,,
2014-09-01,2014,"Q3","2014/15","Q1","September",18677233.4359317,3040591.39949322,12384199.4291639,208658.15680662,,208658.15680662,12592857.5859705,,22996.976,795813.620474586,15609825.8520415,2198157.66959645,26816.184397,15636642.0364385,3897076.47947299,4430293.83800022,27388.170711,140534.046268514,,140534.046268514,9095515.89797491,2868.857,8954981.8517064,6080170.44588701,23880.669,2848061.87981939,,8834677.62981065,260838.268164261,17878747.9569934,633414.254668529,55897.58433,18677233.4359552,798485.478961788,140534.046268514,2868.857,6080170.44588701,23880.669,2848247.57681939,9071820.92597491,1.54505999126175,0.0315407994649358,66.8466350000544,0.262548949640051,31.3142152595788,99.73745105036,9095701.59497491,,,,,,
2014-10-01,2014,"Q4","2014/15","Q2","October",18942625.4809911,3087774.22689772,12534218.211685,231526.954771386,,231526.954771386,12765745.1664564,,23237.165,756020.14568483,15830392.6857304,2285390.20858917,24458.568363,15854851.2540934,3968676.96446505,4370126.66677989,30450.272988,195916.343588688,,195916.343588688,9305138.14205633,7114.295,9109221.79846764,6183851.81073114,26278.589,2891977.1037365,,9073364.19162634,231773.950429989,18138891.4499715,639230.725914189,57042.628198,18942625.4804374,803734.030465866,195916.343588688,7114.295,6183851.81073114,26278.589,2892040.5047365,9278922.95405633,2.10544976035348,0.0764550339622551,66.4558610806836,0.282407520980665,31.07982660402,99.7175924790193,9305201.54305633,,,,,,
2014-11-01,2014,"Q4","2014/15","Q2","November",19284719.6175376,3110219.46789337,12823002.4777374,234013.175295471,,234013.175295471,13057015.6530329,,22056.173,806876.204309188,16152255.3876002,2266307.35725807,22244.762044,16174500.1496442,4144938.89362571,4356746.85691141,36647.258905,192394.908522955,,192394.908522955,9548723.72381774,16716.724,9356328.81529479,6253746.36831065,28981.814,3056883.90898414,,9321819.60219481,226904.121622933,18458580.0505913,540975.238920348,57452.200034,19284719.6176628,826139.567071487,192394.908522955,16716.724,6253746.36831065,28981.814,3056870.70598414,9519728.70681774,2.01487842890936,0.175067868730074,65.4930983055405,0.303515474019397,32.0134399228007,99.6964845259806,9548710.52081774,,,,,,
2014-12-01,2014,"Q4","2014/15","Q2","December",19586106.3579746,3190681.055746,12956206.5279405,262526.644021185,,262526.644021185,13218733.1719617,,20286.88442451,602479.093554661,16374358.3682576,2532859.21831677,21066.933971,16395425.3022286,4110018.72966911,4463884.26315922,29576.050646,181993.742049989,,181993.742049989,9613031.8808073,22116.011,9431038.13875731,6497805.71614922,27893.10827528,2883223.30333281,,9422674.90627691,190356.974530387,18695003.4984377,610852.172776447,57997.37591,19586106.358496,891102.860058262,181993.742049989,22116.011,6497805.71614922,27893.10827528,2883223.30333281,9585138.77253202,1.89319815336663,0.230062807179026,67.5937185761578,0.290159323521744,29.9928611397747,99.7098406764783,9613031.8808073,,,,,,
2015-01-01,2015,"Q1","2014/15","Q3","January",17309364.4040564,2799767.93999456,11309490.2878836,147692.639709603,,147692.639709603,11457182.9275932,,26080.96,947283.818971197,14464167.2989088,2033619.59234444,45429.165153,14509596.4640618,4013247.8248267,3738947.08411567,38498.537088,232613.920657321,,232613.920657321,8488181.82033944,7878.98940075492,8255567.89968212,5342260.92561571,16285.43,2889142.55466565,,8132045.69337708,356136.126962365,16501079.5881118,504679.709978346,73660.738726,17309364.4051182,808284.817006424,274496.6371,29134.273,6646334.84771,27782.23043,2912103.149,9862068.90681,2.77553861317881,0.294587578677454,67.203588360227,0.280916568353458,29.4453688795633,99.7190834316465,9889851.13724,,,,,,
2015-02-01,2015,"Q1","2014/15","Q3","February",17865742.3564847,2785984.63662738,11917446.8357344,135235.202711122,,135235.202711122,12052682.0384455,,26333.738,832376.441270832,15063272.7078193,2151880.49010292,16485.012038,15079757.7198573,4284666.54808352,3785093.372737,17253.431189,222213.75604376,,222213.75604376,8563777.31282575,7878.98940075492,8341563.55678199,5393522.75413415,21956.84074359,2918204.97250349,,8190228.39209196,373548.920733785,16890311.8398568,538197.756809309,74872.338946,17865742.3561743,975430.51631745,248025.1241,24844.496,6618390.12371,29106.40562,2977254.405,9868514.14881,2.50590657356518,0.251014835973683,66.8684972040853,0.294074777467323,30.0805066089085,99.7059252225327,9897620.55443,,,,,,
2015-03-01,2015,"Q1","2014/15","Q3","March",20317278.1611014,3323418.82207114,13209319.4742351,308517.538794297,,308517.538794297,13517837.0130294,,19411.77456251,700559.530826083,16988761.8430603,2750953.52464226,5097.49597,16993859.3390303,4540306.89878214,4242968.75610118,16385.470616,149850.46086183,,149850.46086183,10025630.465688,13753.888,9875780.00482619,6827416.47941294,26504.77774636,3008104.85966689,,9800431.45809287,225199.007595128,19250838.7177063,590110.181279127,60635.952835,20317278.1606896,1066439.44298334,149850.46086183,13753.888,6827416.47941294,26504.77774636,3008104.85966689,9999125.68794165,1.49467369034479,0.137187262657163,68.0996222908802,0.264370184369658,30.0041465717484,99.7356298156304,10025630.465688,,,,,,
2015-04-01,2015,"Q2","2014/15","Q4","April",20331245.4408185,3359093.64874498,13135589.5009962,280551.418010736,,280551.418010736,13416140.9190069,,19609.33867451,886980.861604541,16966859.1100905,2644127.99080456,5292.681983,16972151.7920735,4452573.27175966,4346729.73316963,13911.392622,114100.88360465,,114100.88360465,10003528.5340824,15372.23791065,9889427.65047776,6829004.23301496,26251.87379237,3018799.30575978,,9770223.89254113,233304.641541266,19244364.0918443,599924.320099921,61001.481652,20331245.4395207,1086881.34767636,114100.88360465,15372.23791065,6829004.23301496,26251.87379237,3018735.68250378,9977213.03703404,1.14061362359719,0.15366913412185,68.2663886352434,0.262427809028035,30.1769007980096,99.7375721909721,10003464.9108264,,,,,,
2015-05-01,2015,"Q2","2014/15","Q4","May",20768342.7928004,3418893.70687766,13687209.0454085,214177.573301274,,214177.573301274,13901386.6187098,,18465.88414551,640283.028799031,17339887.1418407,2779751.61018633,9561.944082,17349449.0859227,4716739.72352984,4248432.32474273,16064.545828,168439.838173841,,168439.838173841,10234638.9523749,3527.97448051,10066199.1142011,7021242.79648051,23444.24671555,3017984.0965245,,9996463.64232585,238175.310049046,19684759.6388359,646313.00424846,60746.398161,20768342.7941554,1083583.15531948,168439.838173841,3527.97448051,7021242.79648051,23444.24671555,3017940.80206621,10211151.4112011,1.64578888901733,0.0344710685055844,68.6030306536779,0.229068616867297,29.4876407719321,99.7709313831332,10234595.6579166,,,,,,
2015-06-01,2015,"Q2","2014/15","Q4","June",21601889.4242957,3326819.14830311,14219418.9726943,231525.347752137,,231525.347752137,14450944.3204464,,16699.53701951,741092.268566841,18262702.0768726,3053965.95083989,12368.19912,18275070.2759926,4944412.72775133,4284257.11056195,25483.720351,273414.191774433,,273414.191774433,10791064.1022302,729.66887204,10517649.9104558,7360206.44413087,26628.76977478,3130085.02767807,,10574113.5869398,216950.515290383,20603850.7291413,711734.695477221,63848.88806,21601889.4243561,998038.695214764,273414.191774433,729.66887204,7360206.44413087,26628.76977478,3129983.70867807,10764334.0134554,2.5337330622559,0.0067618514371484,68.2071339877946,0.246769174444404,29.0056019240679,99.7532308255554,10790962.7832302,,,,,,
