"Date","Year","Quarter","FY","QFY","Month","EXP_W_SEC","EXP_W_RAW","EXP_W_AGR","EXP_W_EDU","EXP_W_HEA","EXP_W_WAE","EXP_W_JLO","EXP_W_ACC","EXP_W_EAM","EXP_W_TTI","EXP_W_LHUD","EXP_W_SD","EXP_W_ICT","EXP_W_PSM","EXP_W_PAD","EXP_W_PARL","EXP_W_STD","EXP_W_TOU","EXP_W_LGOV","EXP_W_I","EXP_W_I_DOM","EXP_W_I_EXT","EXP_W_CEN_TOT","EXP_W_LGP_TOT","EXP_W_I_TOT","EXP_W"
1997-07-01,1997,"Q3","1997/98","Q1","July",,,,,,,,,,,,,,,,,,,,0,0,0,7.50499635833333,9.67576364166667,,17.18076
1997-08-01,1997,"Q3","1997/98","Q1","August",,,,,,,,,,,,,,,,,,,,0,0,0,7.44978635833333,9.72074364166667,,17.17053
1997-09-01,1997,"Q3","1997/98","Q1","September",,,,,,,,,,,,,,,,,,,,0,0,0,8.64180635833333,9.58411364166667,,18.22592
1997-10-01,1997,"Q4","1997/98","Q2","October",,,,,,,,,,,,,,,,,,,,0,0,0,8.96056635833333,9.73202364166667,,18.69259
1997-11-01,1997,"Q4","1997/98","Q2","November",,,,,,,,,,,,,,,,,,,,0,0,0,12.1655663583333,8.14952364166667,,20.31509
1997-12-01,1997,"Q4","1997/98","Q2","December",,,,,,,,,,,,,,,,,,,,0,0,0,9.25450635833333,13.3397436416667,,22.59425
1998-01-01,1998,"Q1","1997/98","Q3","January",,,,,,,,,,,,,,,,,,,,0,0,0,8.25433635833334,10.8392436416667,,19.09358
1998-02-01,1998,"Q1","1997/98","Q3","February",,,,,,,,,,,,,,,,,,,,0,0,0,9.65226635833333,12.1500836416667,,21.80235
1998-03-01,1998,"Q1","1997/98","Q3","March",,,,,,,,,,,,,,,,,,,,0,0,0,10.3128863583333,12.9356136416667,,23.2485
1998-04-01,1998,"Q2","1997/98","Q4","April",,,,,,,,,,,,,,,,,,,,0,0,0,9.93531635833333,12.1446336416667,,22.07995
1998-05-01,1998,"Q2","1997/98","Q4","May",,,,,,,,,,,,,,,,,,,,0,0,0,9.98824635833333,17.2646136416667,,27.25286
1998-06-01,1998,"Q2","1997/98","Q4","June",,,,,,,,,,,,,,,,,,,,0,0,0,10.3101963583333,17.7866136416667,,28.09681
1998-07-01,1998,"Q3","1998/99","Q1","July",,,,,,,,,,,,,,,,,,,,0,0,0,12.33404964025,13.05924747175,,25.393297112
1998-08-01,1998,"Q3","1998/99","Q1","August",,,,,,,,,,,,,,,,,,,,0,0,0,13.63605252825,13.63708747175,,27.27314
1998-09-01,1998,"Q3","1998/99","Q1","September",,,,,,,,,,,,,,,,,,,,0,0,0,13.30728252825,13.39069747175,,26.69798
1998-10-01,1998,"Q4","1998/99","Q2","October",,,,,,,,,,,,,,,,,,,,0,0,0,13.14575752825,14.82856747175,,27.974325
1998-11-01,1998,"Q4","1998/99","Q2","November",,,,,,,,,,,,,,,,,,,,0,0,0,13.63047652825,14.58215747175,,28.212634
1998-12-01,1998,"Q4","1998/99","Q2","December",,,,,,,,,,,,,,,,,,,,0,0,0,13.33593052825,14.64206747175,,27.977998
1999-01-01,1999,"Q1","1998/99","Q3","January",,,,,,,,,,,,,,,,,,,,0,0,0,11.22673852825,14.45499747175,,25.681736
1999-02-01,1999,"Q1","1998/99","Q3","February",,,,,,,,,,,,,,,,,,,,0,0,0,14.96195052825,14.70519747175,,29.667148
1999-03-01,1999,"Q1","1998/99","Q3","March",,,,,,,,,,,,,,,,,,,,0,0,0,16.41083552825,14.80910747175,,31.219943
1999-04-01,1999,"Q2","1998/99","Q4","April",,,,,,,,,,,,,,,,,,,,0,0,0,13.79669952825,14.91044747175,,28.707147
1999-05-01,1999,"Q2","1998/99","Q4","May",,,,,,,,,,,,,,,,,,,,0,0,0,15.64427752825,15.12671747175,,30.770995
1999-06-01,1999,"Q2","1998/99","Q4","June",,,,,,,,,,,,,,,,,,,,0,0,0,16.59313052825,14.99378747175,,31.586918
1999-07-01,1999,"Q3","1999/00","Q1","July",,,,,,,,,,,,,,,,,,,,0,0,0,12.3746583333333,14.6691796666667,,27.043838
1999-08-01,1999,"Q3","1999/00","Q1","August",,,,,,,,,,,,,,,,,,,,0,0,0,11.3966933333333,14.6935296666667,,26.090223
1999-09-01,1999,"Q3","1999/00","Q1","September",,,,,,,,,,,,,,,,,,,,0,0,0,16.8097243333333,16.1829996666667,,32.992724
1999-10-01,1999,"Q4","1999/00","Q2","October",,,,,,,,,,,,,,,,,,,,0,0,0,9.89766433333333,15.2591896666667,,25.156854
1999-11-01,1999,"Q4","1999/00","Q2","November",,,,,,,,,,,,,,,,,,,,0,0,0,22.0788843333333,15.2879896666667,,37.366874
1999-12-01,1999,"Q4","1999/00","Q2","December",,,,,,,,,,,,,,,,,,,,0,0,0,15.6389773333333,15.4830796666667,,31.122057
2000-01-01,2000,"Q1","1999/00","Q3","January",,,,,,,,,,,,,,,,,,,,0,0,0,16.5028583333333,15.3649096666667,,31.867768
2000-02-01,2000,"Q1","1999/00","Q3","February",,,,,,,,,,,,,,,,,,,,0,0,0,14.5331073333333,17.9465896666667,,32.479697
2000-03-01,2000,"Q1","1999/00","Q3","March",,,,,,,,,,,,,,,,,,,,0,0,0,16.7282190623333,14.7492796666667,,31.477498729
2000-04-01,2000,"Q2","1999/00","Q4","April",,,,,,,,,,,,,,,,,,,,0,0,0,11.7872933333333,15.6209596666667,,27.408253
2000-05-01,2000,"Q2","1999/00","Q4","May",,,,,,,,,,,,,,,,,,,,0,0,0,19.7969703333333,15.8911896666667,,35.68816
2000-06-01,2000,"Q2","1999/00","Q4","June",,,,,,,,,,,,,,,,,,,,0,0,0,18.7791003333333,16.4148296666667,,35.19393
2000-07-01,2000,"Q3","2000/01","Q1","July",,,,,,,,,,,,,,,,,,,,0,0,0,14.6226919311667,17.0372430688333,,31.659935
2000-08-01,2000,"Q3","2000/01","Q1","August",,,,,,,,,,,,,,,,,,,,0,0,0,19.4097429311667,17.2396330688333,,36.649376
2000-09-01,2000,"Q3","2000/01","Q1","September",,,,,,,,,,,,,,,,,,,,0,0,0,17.4770509311667,17.4482330688333,,34.925284
2000-10-01,2000,"Q4","2000/01","Q2","October",,,,,,,,,,,,,,,,,,,,0,0,0,17.2006529311667,17.6687430688333,,34.869396
2000-11-01,2000,"Q4","2000/01","Q2","November",,,,,,,,,,,,,,,,,,,,0,0,0,16.7555469311667,17.9648930688333,,34.72044
2000-12-01,2000,"Q4","2000/01","Q2","December",,,,,,,,,,,,,,,,,,,,0,0,0,17.0149699311667,18.3447330688333,,35.359703
2001-01-01,2001,"Q1","2000/01","Q3","January",,,,,,,,,,,,,,,,,,,,0,0,0,17.4162489311667,18.3438630688333,,35.760112
2001-02-01,2001,"Q1","2000/01","Q3","February",,,,,,,,,,,,,,,,,,,,0,0,0,17.8007839311667,18.9157130688333,,36.716497
2001-03-01,2001,"Q1","2000/01","Q3","March",,,,,,,,,,,,,,,,,,,,0,0,0,18.5082079311667,19.0131130688333,,37.521321
2001-04-01,2001,"Q2","2000/01","Q4","April",,,,,,,,,,,,,,,,,,,,0,0,0,18.4517999311667,19.3312230688333,,37.783023
2001-05-01,2001,"Q2","2000/01","Q4","May",,,,,,,,,,,,,,,,,,,,0,0,0,16.9618089311667,19.2958930688333,,36.257702
2001-06-01,2001,"Q2","2000/01","Q4","June",,,,,,,,,,,,,,,,,,,,0,0,0,21.0981289311667,20.7721330688333,,41.870262
2001-07-01,2001,"Q3","2001/02","Q1","July",,,,,,,,,,,,,,,,,,,,0,0,0,19.2804850166667,23.4563079166667,,42.7367929333333
2001-08-01,2001,"Q3","2001/02","Q1","August",,,,,,,,,,,,,,,,,,,,0,0,0,20.2208864166667,23.7373179166667,,43.9582043333333
2001-09-01,2001,"Q3","2001/02","Q1","September",,,,,,,,,,,,,,,,,,,,0,0,0,19.9484904166667,23.9096379166667,,43.8581283333333
2001-10-01,2001,"Q4","2001/02","Q2","October",,,,,,,,,,,,,,,,,,,,0,0,0,19.5975064166667,24.3012379166667,,43.8987443333333
2001-11-01,2001,"Q4","2001/02","Q2","November",,,,,,,,,,,,,,,,,,,,0,0,0,21.0077284166667,24.4515279166667,,45.4592563333333
2001-12-01,2001,"Q4","2001/02","Q2","December",,,,,,,,,,,,,,,,,,,,0,0,0,20.5480064166667,25.6171079166667,,46.1651143333333
2002-01-01,2002,"Q1","2001/02","Q3","January",,,,,,,,,,,,,,,,,,,,0,0,0,19.8200614166667,24.3392879166667,,44.1593493333333
2002-02-01,2002,"Q1","2001/02","Q3","February",,,,,,,,,,,,,,,,,,,,0,0,0,6.84428941666667,25.1233279166667,,31.9676173333333
2002-03-01,2002,"Q1","2001/02","Q3","March",,,,,,,,,,,,,,,,,,,,0,0,0,31.7751504166667,26.1402479166667,,57.9153983333333
2002-04-01,2002,"Q2","2001/02","Q4","April",,,,,,,,,,,,,,,,,,,,0,0,0,24.0146304166667,26.5301779166667,,50.5448083333333
2002-05-01,2002,"Q2","2001/02","Q4","May",,,,,,,,,,,,,,,,,,,,0,0,0,21.6724154166667,26.2100179166667,,47.8824333333333
2002-06-01,2002,"Q2","2001/02","Q4","June",,,,,,,,,,,,,,,,,,,,0,0,0,14.4690548166668,28.4350979166667,,42.9041527333334
2002-07-01,2002,"Q3","2002/03","Q1","July",,,,,,,,,,,,,,,,,,,,0,0,0,19.8048326266667,27.6293773333333,,47.43420996
2002-08-01,2002,"Q3","2002/03","Q1","August",,,,,,,,,,,,,,,,,,,,0,0,0,19.4700146666667,27.3584943333333,,46.828509
2002-09-01,2002,"Q3","2002/03","Q1","September",,,,,,,,,,,,,,,,,,,,0,0,0,24.1156886666667,28.0291103333333,,52.144799
2002-10-01,2002,"Q4","2002/03","Q2","October",,,,,,,,,,,,,,,,,,,,0,0,0,21.7651986666667,28.3925163333333,,50.157715
2002-11-01,2002,"Q4","2002/03","Q2","November",,,,,,,,,,,,,,,,,,,,0,0,0,21.3502538666667,28.4242011333333,,49.774455
2002-12-01,2002,"Q4","2002/03","Q2","December",,,,,,,,,,,,,,,,,,,,0,0,0,22.6168859666667,29.0301353333333,,51.6470213
2003-01-01,2003,"Q1","2002/03","Q3","January",,,,,,,,,,,,,,,,,,,,0,0,0,22.9365281666667,28.8737799333333,,51.8103081
2003-02-01,2003,"Q1","2002/03","Q3","February",,,,,,,,,,,,,,,,,,,,0,0,0,18.6537797096667,28.9108095333333,,47.564589243
2003-03-01,2003,"Q1","2002/03","Q3","March",,,,,,,,,,,,,,,,,,,,0,0,0,25.5402931666667,28.9529454333333,,54.4932386
2003-04-01,2003,"Q2","2002/03","Q4","April",,,,,,,,,,,,,,,,,,,,0,0,0,21.9279045666667,29.2023083333333,,51.1302129
2003-05-01,2003,"Q2","2002/03","Q4","May",,,,,,,,,,,,,,,,,,,,0,0,0,23.5324712266667,29.3615513333333,,52.89402256
2003-06-01,2003,"Q2","2002/03","Q4","June",,,,,,,,,,,,,,,,,,,,0,0,0,26.9229415666667,29.5184263333333,,56.4413679
2003-07-01,2003,"Q3","2003/04","Q1","July",,,,,,,,,,,,,,,,,,,,0,0,0,17.9124356666667,28.9941122333333,,46.9065479
2003-08-01,2003,"Q3","2003/04","Q1","August",,,,,,,,,,,,,,,,,,,,0,0,0,28.0540836666667,29.0361923333333,,57.090276
2003-09-01,2003,"Q3","2003/04","Q1","September",,,,,,,,,,,,,,,,,,,,0,0,0,18.9595656666667,35.0253743333333,,53.98494
2003-10-01,2003,"Q4","2003/04","Q2","October",,,,,,,,,,,,,,,,,,,,0,0,0,28.8651756666667,31.6173513333333,,60.482527
2003-11-01,2003,"Q4","2003/04","Q2","November",,,,,,,,,,,,,,,,,,,,0,0,0,20.4309466666667,31.5958973333333,,52.026844
2003-12-01,2003,"Q4","2003/04","Q2","December",,,,,,,,,,,,,,,,,,,,0,0,0,30.5199626666667,32.3163093333333,,62.836272
2004-01-01,2004,"Q1","2003/04","Q3","January",,,,,,,,,,,,,,,,,,,,0,0,0,21.2214906666667,32.0144843333333,,53.235975
2004-02-01,2004,"Q1","2003/04","Q3","February",,,,,,,,,,,,,,,,,,,,0,0,0,15.4757976666667,32.2213493333333,,47.697147
2004-03-01,2004,"Q1","2003/04","Q3","March",,,,,,,,,,,,,,,,,,,,0,0,0,28.1240881666667,32.4533103333333,,60.5773985
2004-04-01,2004,"Q2","2003/04","Q4","April",,,,,,,,,,,,,,,,,,,,0,0,0,27.7850846666667,35.7967403333333,,63.581825
2004-05-01,2004,"Q2","2003/04","Q4","May",,,,,,,,,,,,,,,,,,,,0,0,0,24.0724246666667,34.2564683333333,,58.328893
2004-06-01,2004,"Q2","2003/04","Q4","June",,,,,,,,,,,,,,,,,,,,0,0,0,29.3902291296664,36.7196343333333,,66.1098634629998
2004-07-01,2004,"Q3","2004/05","Q1","July",,,,,,,,,,,,,,,,,,,,0,0,0,23.192868784,32.7602501056667,,55.9531188896667
2004-08-01,2004,"Q3","2004/05","Q1","August",,,,,,,,,,,,,,,,,,,,0,0,0,26.712243933,32.9835573936667,,59.6958013266667
2004-09-01,2004,"Q3","2004/05","Q1","September",,,,,,,,,,,,,,,,,,,,0,0,0,24.822992858,33.2240196986667,,58.0470125566667
2004-10-01,2004,"Q4","2004/05","Q2","October",,,,,,,,,,,,,,,,,,,,0,0,0,24.425960509,33.6733938756667,,58.0993543846667
2004-11-01,2004,"Q4","2004/05","Q2","November",,,,,,,,,,,,,,,,,,,,0,0,0,25.821700163,37.9980450856667,,63.8197452486667
2004-12-01,2004,"Q4","2004/05","Q2","December",,,,,,,,,,,,,,,,,,,,0,0,0,27.326480248,35.2272633036667,,62.5537435516667
2005-01-01,2005,"Q1","2004/05","Q3","January",,,,,,,,,,,,,,,,,,,,0,0,0,28.627860143,54.9080174146667,,83.5358775576667
2005-02-01,2005,"Q1","2004/05","Q3","February",,,,,,,,,,,,,,,,,,,,0,0,0,24.423058103,36.9420104536667,,61.3650685566667
2005-03-01,2005,"Q1","2004/05","Q3","March",,,,,,,,,,,,,,,,,,,,0,0,0,28.1210577,38.0711068826667,,66.1921645826667
2005-04-01,2005,"Q2","2004/05","Q4","April",,,,,,,,,,,,,,,,,,,,0,0,0,27.862076459,38.4774542926667,,66.3395307516667
2005-05-01,2005,"Q2","2004/05","Q4","May",,,,,,,,,,,,,,,,,,,,0,0,0,27.361018586,39.0324874816667,,66.3935060676667
2005-06-01,2005,"Q2","2004/05","Q4","June",,,,,,,,,,,,,,,,,,,,0,0,0,30.691320304,41.4837562216667,,72.1750765256666
2005-07-01,2005,"Q3","2005/06","Q1","July",,,,,,,,,,,,,,,,,,,,0,0,0,22.3370863151667,40.2579157613333,,62.5950020765
2005-08-01,2005,"Q3","2005/06","Q1","August",,,,,,,,,,,,,,,,,,,,0,0,0,29.5263460911667,44.0456581673333,,73.5720042585
2005-09-01,2005,"Q3","2005/06","Q1","September",,,,,,,,,,,,,,,,,,,,0,0,0,28.9355846661667,41.8491113833333,,70.7846960495
2005-10-01,2005,"Q4","2005/06","Q2","October",,,,,,,,,,,,,,,,,,,,0,0,0,23.9222256561667,44.7109635773333,,68.6331892335
2005-11-01,2005,"Q4","2005/06","Q2","November",,,,,,,,,,,,,,,,,,,,0,0,0,29.6155074931667,45.4358575453333,,75.0513650385
2005-12-01,2005,"Q4","2005/06","Q2","December",,,,,,,,,,,,,,,,,,,,0,0,0,29.7288061261667,45.1837448733333,,74.9125509995
2006-01-01,2006,"Q1","2005/06","Q3","January",,,,,,,,,,,,,,,,,,,,0,0,0,24.7915530271667,45.2956019283333,,70.0871549555
2006-02-01,2006,"Q1","2005/06","Q3","February",,,,,,,,,,,,,,,,,,,,0,0,0,23.3616702551667,44.8067869523333,,68.1684572075
2006-03-01,2006,"Q1","2005/06","Q3","March",,,,,,,,,,,,,,,,,,,,0,0,0,32.8415314701667,45.0654713003333,,77.9070027705
2006-04-01,2006,"Q2","2005/06","Q4","April",,,,,,,,,,,,,,,,,,,,0,0,0,27.1353067971667,45.3889423333333,,72.5242491305
2006-05-01,2006,"Q2","2005/06","Q4","May",,,,,,,,,,,,,,,,,,,,0,0,0,27.0872854441667,46.317114735,,73.4044001791667
2006-06-01,2006,"Q2","2005/06","Q4","June",,,,,,,,,,,,,,,,,,,,0,0,0,33.5105543351667,45.301581282,,78.8121356171667
2006-07-01,2006,"Q3","2006/07","Q1","July",,,,,,,,,,,,,,,,,,,,0,0,0,15.432544186,44.7531093869167,,60.1856535729167
2006-08-01,2006,"Q3","2006/07","Q1","August",,,,,,,,,,,,,,,,,,,,0,0,0,40.732823101,45.4612354923333,,86.1940585933333
2006-09-01,2006,"Q3","2006/07","Q1","September",,,,,,,,,,,,,,,,,,,,0,0,0,21.878296854,49.9693282373333,,71.8476250913333
2006-10-01,2006,"Q4","2006/07","Q2","October",,,,,,,,,,,,,,,,,,,,0,0,0,30.078416821,49.1815290073333,,79.2599458283333
2006-11-01,2006,"Q4","2006/07","Q2","November",,,,,,,,,,,,,,,,,,,,0,0,0,31.144504441,50.8901285283333,,82.0346329693333
2006-12-01,2006,"Q4","2006/07","Q2","December",,,,,,,,,,,,,,,,,,,,0,0,0,35.31026774695,51.7938679583333,,87.1041357052833
2007-01-01,2007,"Q1","2006/07","Q3","January",,,,,,,,,,,,,,,,,,,,0,0,0,32.969281958,47.6464329153333,,80.6157148733333
2007-02-01,2007,"Q1","2006/07","Q3","February",,,,,,,,,,,,,,,,,,,,0,0,0,29.599386353,50.6832770403333,,80.2826633933333
2007-03-01,2007,"Q1","2006/07","Q3","March",,,,,,,,,,,,,,,,,,,,0,0,0,31.133781689,51.7540091083333,,82.8877907973333
2007-04-01,2007,"Q2","2006/07","Q4","April",,,,,,,,,,,,,,,,,,,,0,0,0,31.88322435,51.8442422453333,,83.7274665953333
2007-05-01,2007,"Q2","2006/07","Q4","May",,,,,,,,,,,,,,,,,,,,0,0,0,31.140788486,52.0122707003333,,83.1530591863333
2007-06-01,2007,"Q2","2006/07","Q4","June",,,,,,,,,,,,,,,,,,,,0,0,0,56.776651729,52.4411311743333,,109.217782903333
2007-07-01,2007,"Q3","2007/08","Q1","July",,,,,,,,,,,,,,,,,,,,0,0,0,24.0340997527778,50.6964932503333,,74.7305930031111
2007-08-01,2007,"Q3","2007/08","Q1","August",,,,,,,,,,,,,,,,,,,,0,0,0,41.5488708947778,51.1660076263333,,92.7148785211111
2007-09-01,2007,"Q3","2007/08","Q1","September",,,,,,,,,,,,,,,,,,,,0,0,0,35.2830984917778,51.4579938223333,,86.7410923141111
2007-10-01,2007,"Q4","2007/08","Q2","October",,,,,,,,,,,,,,,,,,,,0,0,0,36.7666081127778,52.6628267693333,,89.4294348821111
2007-11-01,2007,"Q4","2007/08","Q2","November",,,,,,,,,,,,,,,,,,,,0,0,0,41.3890702107778,52.0417273723333,,93.4307975831111
2007-12-01,2007,"Q4","2007/08","Q2","December",,,,,,,,,,,,,,,,,,,,0,0,0,37.8265701957778,52.7085567283333,,90.5351269241111
2008-01-01,2008,"Q1","2007/08","Q3","January",,,,,,,,,,,,,,,,,,,,0,0,0,43.1455250321111,52.9348758793333,,96.0804009114445
2008-02-01,2008,"Q1","2007/08","Q3","February",,,,,,,,,,,,,,,,,,,,0,0,0,37.1791481521111,52.6456019553333,,89.8247501074444
2008-03-01,2008,"Q1","2007/08","Q3","March",,,,,,,,,,,,,,,,,,,,0,0,0,42.4538739471111,52.8476080853333,,95.3014820324445
2008-04-01,2008,"Q2","2007/08","Q4","April",,,,,,,,,,,,,,,,,,,,0,0,0,39.1176693513333,52.5528272503333,,91.6704966016667
2008-05-01,2008,"Q2","2007/08","Q4","May",,,,,,,,,,,,,,,,,,,,0,0,0,37.7117534873333,53.4536258963333,,91.1653793836667
2008-06-01,2008,"Q2","2007/08","Q4","June",,,,,,,,,,,,,,,,,,,,0,0,0,58.0388434453333,56.4233542213333,,114.462197666667
2008-07-01,2008,"Q3","2008/09","Q1","July",15.513264419,0.285443227,0.313912106,43.275045326,9.27361189641667,0.342337769,8.515577399,0.690579675,0.21958958,0.075025505,0.112981039,0.124027725,0.026371198,7.74968461132836,2.15351653241667,0.688282164,,,,0,0,0,35.3815920338333,53.9776581383284,,89.3592501721617
2008-08-01,2008,"Q3","2008/09","Q1","August",15.50117024,1.406827679,0.472485294,43.910236399,10.3122100204166,0.16386,1.898684692,0.696367048,0,0.075617301,0.098045269,0.119854698,0.000152207,7.96720743932836,1.51877098741667,0.932340279,,,,0,0,0,29.7837370178333,55.2900925353284,0,85.0738295531617
2008-09-01,2008,"Q3","2008/09","Q1","September",16.273420783,1.125,0.310969108,43.744179402,11.0135666844167,0.16386,8.663740022,0.680239333,0.109552922,0.076430485,0.011266497,0.119193543,0.026709439,7.62636785132836,2.66472429641667,1.470717367,,,,0,0,0,39.7299423288333,54.3499954043284,0,94.0799377331617
2008-10-01,2008,"Q4","2008/09","Q2","October",16.893673311,1.640918757,0.622554015,43.755000165,13.4766866444167,0.511456426,15.967832409,1.415102882,0.109326523,0.076446313,0.212392496,0.117243399,0.054958242,7.90581175332836,2.40448701941667,1.104781812,,,,0,0,0,51.2270223918333,55.0416497753284,0,106.268672167162
2008-11-01,2008,"Q4","2008/09","Q2","November",18.813559238,1.2993626,0.31254889,42.792994068,10.3675174594167,0.16846,1.474847994,0.335651331,0,0,0.012928354,0,0,7.36427109332836,1.38533156341667,2.195417803,,,,0,0,0,31.4733467108333,55.0495436833284,0,86.5228903941617
2008-12-01,2008,"Q4","2008/09","Q2","December",18.098321259,1.755439544,0.617061419,45.213465755,13.9599507594167,0.696308007,19.915945155,2.504127104,0.23650537,0.168365367,0.232179906,0.235950303,0.028352255,8.08241635232836,2.42333962541667,0,,,,0,0,0,58.7512037508333,55.4165244303284,0,114.167728181162
2009-01-01,2009,"Q1","2008/09","Q3","January",17.627759343,1.522167748,0.456377498,43.925423185,11.4218296544167,0,3.227804929,1.418869644,0.132478269,0.087278508,0.098721648,0.116529515,0.030397643,7.74252777932836,2.14443532041667,1.101616706,,,,0,0,0,35.9289758198333,55.1252415703284,0,91.0542173901617
2009-02-01,2009,"Q1","2008/09","Q3","February",17.58707939,1.5066187,0.304777712,43.551391728,10.4856813434167,0.164435,9.227003502,0.339454055,0,0,0.012267882,0,0.036315152,7.66722017332836,1.38233328041667,1.103447094,,,,0,0,0,38.2374003348333,55.1306246773284,0,93.3680250121617
2009-03-01,2009,"Q1","2008/09","Q3","March",16.952429882,1.860976889,0.615747036,44.513312601,11.0524490164167,0.180990283,10.188768753,2.483035803,0.231256402,0.179185096,0.223124095,0.227057061,0.035946213,8.00295425132836,1.94224516041667,2.168125664,,,,0,0,0,46.3361536928333,54.5214505133284,0,100.857604206162
2009-04-01,2009,"Q2","2008/09","Q4","April",17.575922712,2.010232067,0.466692452,44.719913701,9.97402834741667,0.313759714,10.661753244,1.427364484,0.113834126,0.082661706,0.110563723,0.131527414,0.031883869,7.68046200432836,1.65831901541667,0.467141785,,,,0,0,0,43.4484022258333,53.9776581383284,0,97.4260603641617
2009-05-01,2009,"Q2","2008/09","Q4","May",18.187421731,1.635743521,0.469590164,44.425739842,16.7607133684166,0.490355,10.667891765,1.516894802,0.131525644,0.080825925,0.113272387,0.125439625,0.037938467,8.25491689932836,2.72920852741667,0.857579235,,,,0,0,0,44.7966300268333,61.6884268763284,0,106.485056903162
2009-06-01,2009,"Q2","2008/09","Q4","June",20.27779554,0.237064907,0.613867163,45.703412236,14.6232859704166,0.700507351,19.222687475,1.594969431,0.118241365,0.090957679,0.129632449,0.123237844,0.073918591,8.64370353332836,4.83561155341667,1.961382338,,,,0,0,0,62.5748997598333,56.3753756663284,0,118.950275426162
2009-07-01,2009,"Q3","2009/10","Q1","July",17.848853259,0,0.255691301,43.823403276,10.767404287,0,0.7183575,0.954386325,0,0,0,0.046342612,0,7.782381747,0.904912960416667,0.853797,,,,0,0,0,26.7432453574167,57.21228491,0,83.9555302674167
2009-08-01,2009,"Q3","2009/10","Q1","August",17.59334497,1.659722796,0.780192751,45.077791217,12.516161115,0.377183576,10.050113038,1.109547994,0.126052206,0.790023667,0.102988697,0.165621256,0.036349818,8.329886098,1.88016134941667,0.583315146,,,,0,0,0,43.5450372144167,57.63341848,0,101.178455694417
2009-09-01,2009,"Q3","2009/10","Q1","September",17.665283025,3.150238102,0.724757328,46.477099664,11.692178661,0.188752098,2.573978206,3.54094163199999,0.257927273,0.947141896,0.216197507,0.168416894,0,8.277927639,1.60259237141667,1.094082244,,,,0,0,0,40.3519086544167,58.225605886,0,98.5775145404167
2009-10-01,2009,"Q4","2009/10","Q2","October",18.231765212,4.817737234,0.487089725,46.033076159,13.893680692,0.188752098,18.376430864,1.774621331,0.12773809,0.565456333,0.124420734,0.169492845,0.071660523,8.434689387,2.96090548741667,1.100570333,,,,0,0,0,59.0413091394167,58.316777908,0,117.358087047417
2009-11-01,2009,"Q4","2009/10","Q2","November",17.959751493,0,0.774668283,47.635881231,12.94412937,0.183424736,9.636951356,1.82319841200001,0.005594,0.647713739,0,0.176238952,0,8.073302159,1.39498296141667,0.85421004,,,,0,0,0,42.6495591954167,59.460487537,0,102.110046732417
2009-12-01,2009,"Q4","2009/10","Q2","December",18.045017528,0.325762062,0.692225089,47.907532925,13.978427565,0.686619736,12.427898191,2.42250017100001,0.155525687,1.515461901,0.227664097,0.308906356,0.076106385,8.299534973,2.71028413141667,1.418710655,,,,0,0,0,52.2728904924167,58.92528696,0,111.198177452417
2010-01-01,2010,"Q1","2009/10","Q3","January",18.665005476,0,0.252442613,47.212749642,12.525482801,0.388466708,9.562637993,1.808955079,0.131045352,0.1647023,0.000218,0.048735096,0.037321113,8.067430348,0.980826158416667,1.116081635,,,,0,0,0,41.7456954364167,59.216404878,0,100.962100314417
2010-02-01,2010,"Q1","2009/10","Q3","February",18.476340376,1.421422845,0.799968268,47.837281647,12.338914815,0.168771585,11.781814356,0.799477324999994,0.147825629,1.205572961,0.119548247,0.156653115,0,8.531311335,1.38087116241667,0.8414745,,,,0,0,0,46.9009597564167,59.10628841,0,106.007248166417
2010-03-01,2010,"Q1","2009/10","Q3","March",19.332556603,1.670766667,0.817701967,46.740092184,13.171151814,0.701881127,11.508065484,3.601100691,0.268455278,1.217603371,0.209663781,0.157455897,0.043947443,8.581682044,1.97368689141667,1.41660002,,,,0,0,0,52.9753578074167,58.437053455,0,111.412411262417
2010-04-01,2010,"Q2","2009/10","Q4","April",18.362712654,2.824638978,0.402515551,47.912069889,11.486775474,0.220572453,14.396576851,1.99165319299999,0.138960283,0.300133328,0.127929651,0.280098956,0.051639678,8.04153494,4.18032412241667,1.209898351,,,,0,0,0,52.6272126034167,59.300821749,0,111.928034352417
2010-05-01,2010,"Q2","2009/10","Q4","May",21.050936255,0.209707674,0.817291594,47.925535173,13.787123404,0.562967551,3.48347472,2.420233393,0.142715608,1.539179797,0.014800424,0.06398856,0.038143442,7.955946758,1.64406294441667,1.043561199,,,,0,0,0,42.5463643654167,60.153304131,0,102.699668496417
2010-06-01,2010,"Q2","2009/10","Q4","June",26.428561441,3.657204585,0.702686709,47.505229139,18.961625776,0.931547193,36.051132891,4.52107342100002,0.135093688,1.419376676,0.344467505,0.313152779,0.121854589,10.184636436,6.97856928241667,2.716104855,,,,0,0,0,99.5272726174167,61.445044348,0,160.972316965417
2010-07-01,2010,"Q3","2010/11","Q1","July",22.352055324,2.248483956,0.327809314,55.736921514,15.239603415,0.420609589,14.19639413,2.104023392,0.157064613,0.104695282,0.150789896,0.133605164,0.047183287,10.481502916,2.41462875691667,0.935810428,,,,0,0,0,56.4006580029167,70.650522974,0,127.051180976917
2010-08-01,2010,"Q3","2010/11","Q1","August",21.937462568,1.789772325,1.650262355,56.538761105,15.499995861,0.425051191,14.415582833,2.589366348,0.168575928,1.320583875,0.150252183,0.133517727,0.047202445,10.573609791,2.39611804591667,1.152672278,,,,0,0,0,59.1563353809167,71.632451478,0,130.788786858917
2010-09-01,2010,"Q3","2010/11","Q1","September",24.368316157,1.705671457,0.340600948,64.031409881,16.901326231,0.436310491,14.446106919,2.902770195,0.163523799,0.575692111,0.161480778,0.142966871,0.329683673,10.518760569,2.43623951191667,1.150916859,,,,0,0,0,60.4439885759167,80.167787875,0,140.611776450917
2010-10-01,2010,"Q4","2010/11","Q2","October",23.204841922,1.635718718,3.79801738,58.52415639,16.309039226,0.438305184,14.981755151,2.542196677,0.169636167,0.748101127,0.160361095,0.127753412,0.170232705,10.620796388,2.52800414291667,2.011293268,,,,0,0,0,63.9052836049167,74.064925348,0,137.970208952917
2010-11-01,2010,"Q4","2010/11","Q2","November",23.250650384,1.72109821,3.745349596,58.595594655,16.29043386,0.444715819,14.43862909,3.968675493,0.16331325,1.346112453,0.155574472,0.135475368,0.258641606,10.589991895,2.52198117591667,0.304182028,,,,0,0,0,63.9482249739167,73.982194381,0,137.930419354917
2010-12-01,2010,"Q4","2010/11","Q2","December",24.377177409,1.788440257,1.963794836,60.228584758,16.568353065,0.481262168,14.627537952,2.413367327,0.169031149,1.11874663,0.156747689,0.129420146,0.103459247,10.593773131,2.48876039391667,1.153193096,,,,0,0,0,62.4026833939167,75.95896586,0,138.361649253917
2011-01-01,2011,"Q1","2010/11","Q3","January",23.747305853,1.741366905,0.413469614,60.237956965,16.378383484,0.439539629,14.944641468,2.133931712,0.164429133,0.188602446,0.154211532,0.121925786,0.072060161,10.613468237,2.43860896591667,1.166535768,,,,0,0,0,59.2720642689167,75.68437339,0,134.956437658917
2011-02-01,2011,"Q1","2010/11","Q3","February",24.364540854,1.731250841,2.051663713,60.476384734,16.658806311,0.439595629,14.431942045,2.167176485,0.166671086,1.760071692,0.151193716,0.125258291,0.05591871,10.609542628,2.78594615091667,1.16534905,,,,0,0,0,63.1751866869167,75.966125249,0,139.141311935917
2011-03-01,2011,"Q1","2010/11","Q3","March",25.452713133,1.857962648,2.693167952,61.206733357,16.415828868,0.444085382,14.331282827,4.089955477,0.162014675,0.733556716,0.164110093,0.123873627,0.053807862,10.579022807,2.80429980891667,0.961971782,,,,0,0,0,65.5258398649167,76.54854715,0,142.074387014917
2011-04-01,2011,"Q2","2010/11","Q4","April",24.981690798,1.805603568,1.361322836,61.23787755,16.435865242,0.45613706,14.660510892,4.050022659,0.198154063,0.82138718,0.165553597,0.12770041,0.056992184,10.648795971,2.76371614091667,0.990147563,,,,0,0,0,63.9839898169167,76.777487897,0,140.761477713917
2011-05-01,2011,"Q2","2010/11","Q4","May",25.081499954,1.757915324,1.865416398,62.26567267,16.776006004,0.496274641,14.524116598,1.640845336,0.176218339,1.355057928,0.169181982,0.153013221,0.411675386,10.591931767,2.91991308791667,1.07419638,,,,0,0,0,63.4235099189167,77.835425097,0,141.258935015917
2011-06-01,2011,"Q2","2010/11","Q4","June",25.89051501,2.348978413,3.410869735,62.928590264,16.620305241,0.476277006,14.870987677,3.517682507,0.196239012,0.867185615,0.174475936,0.173528441,0.357807877,11.438078222,3.24502158991667,2.046445684,,,,0,0,0,69.1590135029167,79.403974727,0,148.562988229917
2011-07-01,2011,"Q3","2011/12","Q1","July",23.975552886,1.641518749,0.388047385,61.662441458,16.436524076,0.477526338,14.605206118,9.22888540241667,0.174727549,0.265718666,0.164762224,0.137677009,0.051945289,9.29219969,2.77464700525,1.31873028,,,,0,0,0,70.4710616436667,72.125048481,0,142.596110124667
2011-08-01,2011,"Q3","2011/12","Q1","August",24.233140068,1.934853193,4.132941142,58.720140952,16.823845009,0.482582696,14.374063268,7.26024646541667,0.233812694,1.626313896,0.162876724,0.134968433,0.051879167,9.96157862,2.85536094125,1.315257055,,,,0,0,0,70.9411444946667,73.362715829,0,144.303860323667
2011-09-01,2011,"Q3","2011/12","Q1","September",26.491829431,1.812351922,2.277932115,61.417823697,17.528960417,0.479054268,15.242821344,7.49629688941667,0.173931221,0.809165985,0.16167907,0.135020275,0.051746326,10.510871813,2.86575417225,1.343128286,,,,0,0,0,73.8546121496667,74.943755082,0,148.798367231667
2011-10-01,2011,"Q4","2011/12","Q2","October",25.13082008,1.647923836,0.675466662,60.910310335,16.938633066,0.448473897,20.765087266,9.03915390441667,0.1605717,0.965465833,0.159797304,0.13126995,0.045990829,10.596668395,2.76666527225,1.347704262,,,,0,0,0,76.4211444686667,75.308858123,0,151.730002591667
2011-11-01,2011,"Q4","2011/12","Q2","November",25.235940999,2.026920039,3.94982637,60.007527077,17.881286076,0.470473195,17.831283887,7.57506677641667,0.197952495,0.988089315,0.172425437,0.146108336,0.054541864,10.666365756,3.06838844725,1.344585699,,,,0,0,0,77.3141121786667,74.30266959,0,151.616781768667
2011-12-01,2011,"Q4","2011/12","Q2","December",25.790649414,1.846271378,2.430764969,59.592916011,17.538416443,0.505207205,16.557535717,7.43668356641667,0.238025743,1.266508652,0.163832614,0.135150982,0.050803905,10.757486135,2.99453918325,1.357885811,,,,0,0,0,74.4858987076667,74.176779021,0,148.662677728667
2012-01-01,2012,"Q1","2011/12","Q3","January",25.692864204,1.862789331,0.612312023,64.677687546,17.288448723,0.475760315,17.077541614,9.24383939441667,0.184255732,0.848584072,0.167587346,0.146569893,0.050803905,10.646085439,3.01324802925,1.348688414,,,,0,0,0,74.7217284856667,78.615337495,0,153.337065980667
2012-02-01,2012,"Q1","2011/12","Q3","February",25.444626541,2.113412818,3.848002546,62.7234825646,17.363916246,0.465571286,16.74998228,7.47232036341667,0.236899792,0.985941101,0.176201594,0.156364483,0.052728267,10.648749154,3.21150332525,1.338668215,,,,0,0,0,76.2181067846667,76.7702637916,0,152.988370576267
2012-03-01,2012,"Q1","2011/12","Q3","March",25.582287708,1.810520373,2.129194247,63.746785011,16.941751913,0.510528153,16.698793459,7.29338256641667,0.192597329,0.692119612,0.202478686,0.139542442,0.05140111,10.736936412,2.95766488525,1.357462681,,,,0,0,0,73.4020260126667,77.641420575,0,151.043446587667
2012-04-01,2012,"Q2","2011/12","Q4","April",25.842423351,1.991905631,2.30949265,65.491622724,17.82455096,0.465267124,17.722699094,9.48443160341667,0.176338957,1.182931388,0.171848827,0.145633988,0.060795722,10.696882444,3.25457570525,1.348088548,,,,0,0,0,78.0106089376667,80.158879779,0,158.169488716667
2012-05-01,2012,"Q2","2011/12","Q4","May",28.236274615,2.015949008,2.119920625,65.686310442,18.482103007,1.13484317,16.780852786,7.68482135941667,0.252957969,0.974325845,0.178462006,0.162770253,3.65299749,14.133029697,3.33710002925,1.343383739,,,,0,0,0,82.1993169766667,83.976785064,0,166.176102040667
2012-06-01,2012,"Q2","2011/12","Q4","June",31.049671913,2.064754046,3.336521589,61.575789486,16.853226204,5.008341686,14.911367406,7.72138414441667,0.185535256,1.341961408,0.170465965,0.158936916,0.062632858,12.593560541,3.02836661225,2.273926854,,,,0,0,0,84.4502059386667,77.886236946,0,162.336442884667
2012-07-01,2012,"Q3","2012/13","Q1","July",28.431357616,1.896547363,0.53761478,64.5513948530232,19.230320878,0.507686263,21.371453863,13.8572343860833,0.212982145,0.798381942,0.186093139,0.152990112,0.055134545,12.872146997,3.08486028525,0.961652738,,,,0,0,0,89.5393893463333,79.1684625590233,0,168.707851905357
2012-08-01,2012,"Q3","2012/13","Q1","August",29.439727739,2.079152447,3.181847088,73.3360845383333,18.808832356,0.503447208,18.359671762,12.7400338900833,0.278706609,1.067956012,0.186116486,0.151416085,0.055134545,12.67852753,3.00240443525,1.355695328,,,,0,0,0,89.3011817883333,87.9235722703333,0,177.224754058667
2012-09-01,2012,"Q3","2012/13","Q1","September",29.566340918,1.906947588,1.783513897,67.8871713997669,19.382887958,1.325317948,18.615996928,12.0292812330833,0.209281354,0.971638027,0.188603691,0.159860702,0.059580505,12.735675816,3.28367159325,1.354065609,,,,0,0,0,87.8101708103333,83.6496643567669,0,171.4598351671
2012-10-01,2012,"Q4","2012/13","Q2","October",28.748776177,1.95992728,0.650462835,3.427038044,3.029445019,0.508369741,19.181994158,11.6772301260833,0.208446948,0.490065329,0.195764484,0.150678539,0.453166414,2.806941277,1.97721162,1.948467181,,,,0,0,0,77.4139851720833,0,0,77.4139851720833
2012-11-01,2012,"Q4","2012/13","Q2","November",29.660142337,2.157136232,3.785009436,70.9191117653333,19.3081983,1.518801053,19.172908236,14.0758670670833,0.223308452,1.492357048,0.209518999,0.147528433,0.453335807,13.589377269,3.64046238425,1.414816928,,,,0,0,0,95.4756536603333,86.2922260863333,0,181.767879746667
2012-12-01,2012,"Q4","2012/13","Q2","December",29.82971334,1.950342142,2.372784938,145.637421891,36.066096581,0.50519327,18.632250624,12.1673575250833,0.261955322,1.256607599,0.197493223,0.154451104,0.522578089,24.172156481,4.1537908835,1.413344722,,,,0,0,0,100.234510806583,179.059026928,0,279.293537734583
2013-01-01,2013,"Q1","2012/13","Q3","January",29.221297002,1.894473221,0.948862144,2.577567198,2.619144834,0.479103162,18.519918352,11.6351674210833,0.187914018,0.444464115,0.188099726,0.152415788,0.44070252,2.800715043,2.144411563,1.409926041,,,,0,0,0,75.6641821480833,0,0,75.6641821480833
2013-02-01,2013,"Q1","2012/13","Q3","February",29.582543202,1.6413005,0.995564362,74.0303962273333,19.474199895,1.436245158,18.55460178,14.1652797630833,0.237521204,1.538271709,0.219126198,0.1675129,0.458958592,13.548111259,3.30069684725,1.409293761,,,,0,0,0,91.6528500053333,89.1067733523333,0,180.759623357667
2013-03-01,2013,"Q1","2012/13","Q3","March",30.644441664,2.159049274,5.209231158,146.430476371496,37.448071162,0.413371448,20.333618469,21.1450880341667,0.312342156,1.035348253,0.19070242,0.154765,0.447902767,25.602937422,4.2536277875,1.255510535,,,,0,0,0,114.361223055667,182.675260865496,0,297.036483921163
2013-04-01,2013,"Q2","2012/13","Q4","April",29.506621175,2.111240054,2.25625549825946,76.6296297053333,22.121504549,1.125319688,19.972508077,13.8019937180833,0.217926572,0.668479025,0.200919765,0.17912305,0.561979276,14.084676031,3.40302039825,1.714790144,,,,0,0,0,94.1722520573333,94.3837346685928,0,188.555986725926
2013-05-01,2013,"Q2","2012/13","Q4","May",29.468055553,2.036794555,2.513156809,2.431573124,3.94289361,0.909335346,18.435123502,11.9179567410833,0.208757802,1.35990757,0.1876184,0.16750109,0.511293049,2.899824946,2.314281399,1.480692152,,,,0,0,0,80.7847656480833,0,0,80.7847656480833
2013-06-01,2013,"Q2","2012/13","Q4","June",29.472867529,2.299323866,3.032849867,141.97684385394,47.22034511,1.954681159,8.758951033,12.1596858850833,0.256431859,0.999576472,0.207323168,0.175416038,0.358223096,28.1552742786975,3.2748125015,1.526974345,,,,0,0,0,91.2043384985833,190.625241562638,0,281.829580061221
2013-07-01,2013,"Q3","2013/14","Q1","July",30.074682948,1.808408318,1.003300501,106.892710910083,22.55157618,0.920610776,20.203713122,11.929886313,0.218674551,0.866415041,0.20867823,0.168760457,0.328758659,14.399905005,3.33676752306125,1.471203013,,,,0,0,0,93.1255759930613,123.258475554083,0,216.384051547145
2013-08-01,2013,"Q3","2013/14","Q1","August",31.059882125,2.075930198,4.221233892,76.4762082750833,22.563988955,1.135487701,32.390388026,14.692621961,0.241129305,1.085412613,0.220480678,0.210018888,0.455737022,18.059319774,4.02571989006125,1.468088219,,,,0,0,0,116.511457282061,93.8701902400833,0,210.381647522145
2013-09-01,2013,"Q3","2013/14","Q1","September",30.23780745,2.236152198,2.63284139,69.8560820915833,22.904731305,0.997690671,20.499123372,12.121104855,0.232822985,1.131123033,0.267239927,0.235274895,0.267058799,17.55666961,3.41163789006125,1.468367479,,,,0,0,0,92.6904264745612,93.3653014760833,0,186.055727950645
2013-10-01,2013,"Q4","2013/14","Q2","October",29.719956655,1.933748264,0.79242202,80.2773676230833,22.372639755,0.950020495,20.060965715,12.524502408,0.223577058,0.695983986,0.247596047,0.166957925,0.386816501,18.42044587,3.36856046106125,1.517786305,,,,0,0,0,93.4419283950613,100.217418693083,0,193.659347088145
2013-11-01,2013,"Q4","2013/14","Q2","November",30.305698422,2.38028854,4.298939266,76.2739438380833,21.623522918,1.139126265,20.003908248,14.743758935,0.23741293,1.276062321,0.320414005,0.234482416,0.902021838,18.616627967,3.52119591106125,1.481244355,,,,0,0,0,102.050324514061,95.3083236610833,0,197.358648175145
2013-12-01,2013,"Q4","2013/14","Q2","December",30.280628627,2.060862601,2.845106292,82.7394786871667,22.319221229,1.190406337,19.777270801,12.245668831,0.248394278,1.158347652,0.290487142,0.209539808,0.63085539,20.397260103,3.48490228906125,1.509261528,,,,0,0,0,102.104907311061,99.2827842841667,0,201.387691595228
2014-01-01,2014,"Q1","2013/14","Q3","January",29.021771374,1.88767338,0.903049933,73.2381546030833,20.920224131,0.92165014,20.084001179,11.78271488,0.126932403,0.765847785,0.170954266,0.141103247,0.374097555,14.771068358,3.06226538506125,1.494054567,,,,0,0,0,84.9392722850612,94.7262909010833,0,179.665563186145
2014-02-01,2014,"Q1","2013/14","Q3","February",30.805995765,1.988225553,4.33423196,78.1669052870833,22.129062056,0.917780439,19.414074439,12.931646765,0.23754894,0.809357739,0.280296652,0.22084315,0.333423969,19.959372828,2.27331381806125,1.398764143,,,,0,0,0,96.9137744550612,99.2870690480833,0,196.200843503145
2014-03-01,2014,"Q1","2013/14","Q3","March",31.835939646,2.332091047,3.195000209,85.4888520990833,24.69572871,1.115364749,10.357498278,13.837315253,0.172108731,1.345280907,0.269238183,0.166140654,0.87973098,22.932136319,4.51056506606125,1.545408871,,,,0,0,0,93.5703858380613,111.108013864083,0,204.678399702145
2014-04-01,2014,"Q2","2013/14","Q4","April",30.674581992,2.790520629,2.743877951,78.2251039234167,24.0036391086667,1.060188589,20.225329546,13.227184958,0.208415514,0.918399561,0.300593143,0.233733913,0.385494692,14.819913675,3.72119812906125,1.520868545,,,,0,0,0,95.3456097950613,99.7134340740833,0,195.059043869145
2014-05-01,2014,"Q2","2013/14","Q4","May",30.149493004,2.182775271,2.671071179,76.5349712824167,24.2241811716667,1.040368033,23.598843015,11.957017899,0.195273112,1.169497979,0.293119494,0.338564306,0.633623805,17.41780285,3.65593303606125,1.646060033,,,,0,0,0,97.6494288250612,100.059166645083,0,197.708595470145
2014-06-01,2014,"Q2","2013/14","Q4","June",33.655366442,2.627602203,3.155816297,79.2496424764167,26.0586142746667,1.150357856,21.164850587,13.797531707,0.302481373,1.543086759,0.315881124,0.361139804,0.45392175,16.84863695,3.86110249306125,2.225815401,,,,0,0,0,104.300683810061,102.471163687083,0,206.771847497145
2014-07-01,2014,"Q3","2014/15","Q1","July",34.585462418,1.749770734,1.42053261238339,92.0043326664429,23.1576903135403,1.035525428,17.788350987,13.8579475567244,0.186699506,0.973541505,0.20735445,0.275697901,0.819429811,21.054571428659,3.11929674766667,1.569145722,,,,0,0,0,101.094920765417,112.710429022,0,213.805349787417
2014-08-01,2014,"Q3","2014/15","Q1","August",36.138703841,2.423904947,3.7946271202775,92.0676574037321,24.8441111395654,1.083235504,23.567064658,12.5914931227644,0.250281878,1.057813719,0.216740775,0.252532367,0.383033,24.9070739444106,3.38734758266667,1.501737758,,,,0,0,0,116.204287875417,112.263070885,0,228.467358760417
2014-09-01,2014,"Q3","2014/15","Q1","September",33.686269583,2.063728259,2.193016359673,74.7657327459736,23.2510329145711,1.115799199,25.268556694,13.2653645382147,0.250595654,1.125847931,0.330362788,0.361472944,0.327916434,16.6265466963176,3.70697795066667,1.624493124,,,,0,0,0,98.8676202414167,101.096093574,0,199.963713815417
2014-10-01,2014,"Q4","2014/15","Q2","October",35.881393191,1.497304455,2.87803866542016,91.3964691715249,23.9969174753107,1.18086723,23.217631818,14.1223884482306,0.255223555,1.100319921,0.233653245,0.581104768,0.709267139,18.8711504802636,3.837056238,12.316241916,,,,0,0,0,123.54906322375,108.525964493,0,232.07502771675
2014-11-01,2014,"Q4","2014/15","Q2","November",35.902407997,3.103291143,2.95183819014454,89.012151592032,24.8031837417665,1.062746302,22.34286448,12.336519238967,0.325496955,1.106753366,0.236309541,0.256364201,0.328075282,21.35240884984,4.300658303,5.990592966,,,,0,0,0,113.24470053175,112.166961617,0,225.41166214875
2014-12-01,2014,"Q4","2014/15","Q2","December",34.867098326,2.158910189,2.60605432565816,88.55150050747,24.6390217118849,1.287417534,22.930089175,13.3764702201549,0.195404471,1.415478235,0.257655695,0.318404023,0.50522933,21.0035035685821,3.31257769,6.465836971,,,,0,0,0,107.35549416175,116.535157811,0,223.89065197275
2015-01-01,2015,"Q1","2014/15","Q3","January",34.442102718,2.61082179,2.70800880312989,89.9972348235704,24.8600564423456,1.065341101,23.457409584,14.3476502188776,0.196820012,1.224075232,0.46281595,0.393717286,0.336138483,18.1047590778266,4.14450504466667,4.653269444,,,,0,0,0,108.040528384417,114.964197626,0,223.004726010417
2015-02-01,2015,"Q1","2014/15","Q3","February",38.144754856,2.717905463,3.16943053710022,85.0344539227759,22.9983851253335,1.352554325,23.100450524,14.0518304094598,0.198389958,0.82355255,0.228942466,0.285509787,0.662534963,22.1306165930805,4.94394287166667,4.647521464,,,,0,0,0,122.062552899417,102.428222916,0,224.490775815417
2015-03-01,2015,"Q1","2014/15","Q3","March",35.981997989,2.255653353,3.03314113573817,99.5184189354137,27.5949531111587,1.070956155,20.516743935,12.9170880260156,0.195350253,1.470357535,0.385411691,0.385642739,0.50448246,21.7746022884238,3.89228245166667,6.40034155,,,,0,0,0,109.399280654417,128.498142954,0,237.897423608417
2015-04-01,2015,"Q2","2014/15","Q4","April",37.880462773,2.274046776,2.4657362361685,94.1322770684617,25.5510127347349,1.19713899,30.220562353,12.6443991501634,0.453096112,1.099508385,0.41090995,0.324142817,0.371771191,19.1388413052214,4.62511620266667,4.718478656,,,,0,0,0,118.152928723417,119.354571977,0,237.507500700417
2015-05-01,2015,"Q2","2014/15","Q4","May",34.205994509,2.728432624,3.61980824184324,91.0110624770887,25.7172689478216,1.223034349,25.101696131,13.7229824210104,0.23735697,1.075205877,0.330235206,0.227415787,0.514959295,22.650557534986,4.48987321266667,4.080713651,,,,0,0,0,111.405208947417,119.531388287,0,230.936597234417
2015-06-01,2015,"Q2","2014/15","Q4","June",36.734236385,3.428555099,3.32257899248995,115.084566189868,32.6029085353365,1.361299256,26.648785856,14.8371768057178,0.424537483,1.289912366,0.366801558,0.477658077,0.872129034,33.3775719513377,4.68301846766667,6.529832527,,,,0,0,0,125.036411700417,157.005156883,0,282.041568583417
2015-07-01,2015,"Q3","2015/16","Q1","July",39.307540674,2.808779078,2.5351394246659,99.4720251209104,24.4391959109141,1.028896231,24.879143927,13.477426080401,0.202983715,1.095832704,0.281929429,0.285234103,0.397908271,23.1081722052046,3.80418979337629,3.457308927,,,,0,0,0,127.867877033472,112.713828561,0,240.581705594472
2015-08-01,2015,"Q3","2015/16","Q1","August",37.467195303,2.21558825,2.75162185085604,102.66595262178,26.1230661344253,1.012729606,25.707367789,13.4181394401511,0.385321013,1.052837966,0.377195592,0.329124861,0.498291452,22.3564738188837,3.27781956637629,8.528179332,,,,0,0,0,125.348246703472,122.818657893,0,248.166904596472
2015-09-01,2015,"Q3","2015/16","Q1","September",29.141329515,1.66664743,2.18539477214858,91.9092669473203,25.1027424816184,1.32215684,26.161426192,13.1238401547485,0.272457843,1.123567694,0.225034308,0.427483997,0.751336353,18.6190305522602,4.39467192937629,6.479242545,,,,0,0,0,108.075195479472,114.830434075,0,222.905629554472
2015-10-01,2015,"Q4","2015/16","Q2","October",46.762481957,2.415840422,3.33148143529696,112.591445839573,27.7317234582729,1.069204132,25.900101662,13.4989492223673,0.311881838,1.238413997,0.474445076,0.279781392,0.627597959,25.4731147215863,3.89506894837629,5.969402093,,,,0,0,0,138.855259951472,132.715674202,0,271.570934153472
2015-11-01,2015,"Q4","2015/16","Q2","November",36.667527402,2.301568594,2.84720238016038,109.88141926255,28.7686643153605,1.06593655,24.176782891,14.1325605433484,0.342666566,1.165747327,0.440086875,0.378244742,0.449580225,23.5141852856764,4.30235362337629,10.127704061,,,,0,0,0,127.519667705472,133.042562938,0,260.562230643472
2015-12-01,2015,"Q4","2015/16","Q2","December",38.21792316,2.642918405,2.99108967833159,94.2993765110488,26.6276770964779,1.159685816,25.719949268,13.5399999226004,0.697837216,1.120146699,0.41422602,0.42365012,0.475957919,20.1134837476374,4.03921007937629,1.661523719,,,,0,0,0,109.136563825472,125.008091552,0,234.144655377472
2016-01-01,2016,"Q1","2015/16","Q3","January",38.849777302,2.85641657,2.79969114925493,106.83277936431,26.1493077789831,1.134539334,25.320264338,13.297558980992,0.316032758,1.164014034,0.332658035,0.296617935,0.663207413,23.7737534995556,4.52394491141296,4.24500024,,,,0,0,0,127.092990237509,125.462573406,0,252.555563643509
2016-02-01,2016,"Q1","2015/16","Q3","February",37.074071377,3.257273194,2.982281493338,119.036469014054,30.7256627758638,1.146471232,25.78062366,13.7609519300511,0.232327028,1.434082077,0.342073875,0.459139312,0.575046785,25.3539905347894,5.27504475341296,6.669312865,,,,0,0,0,127.999842475509,146.104979431,0,274.104821906509
2016-03-01,2016,"Q1","2015/16","Q3","March",37.050870647,3.899059007,3.11798032162854,98.0054176137051,27.1016295756695,1.192797634,25.823327611,13.4801216410607,0.366444042,0.779260876,0.46026392,0.54406421,0.515231875,20.4291375310323,4.91052802041296,5.038747832,,,,0,0,0,114.576217120509,128.138665237,0,242.714882357509
2016-04-01,2016,"Q2","2015/16","Q4","April",39.377175488,3.878468559,2.85168549152063,108.142637443536,27.1187526021717,1.107991205,27.751491452,14.4123273528691,0.3474215,1.373649132,0.403065892,0.259721238,0.486168036,23.1048219669986,5.05701535941296,4.113270475,,,,0,0,0,133.960724336509,125.824938857,0,259.785663193509
2016-05-01,2016,"Q2","2015/16","Q4","May",39.197065877,3.99845303,3.12200681410151,105.551511320703,28.594789982025,1.221226554,31.556252516,13.4516343451767,0.222446926,1.306359445,0.43964557,0.466238881,0.395491791,27.6107129970894,5.10004679041296,4.403895548,,,,0,0,0,133.320257469509,133.317520918,0,266.637778387509
2016-06-01,2016,"Q2","2015/16","Q4","June",32.607529579,7.281628351,3.20501236658443,123.782238434798,33.7203701510824,1.110105984,32.489804458,14.3077405591156,1.06746351,0.899436924,0.350242317,0.543968498,0.763042028,28.3514232035156,5.97043507441296,14.440316886,,,,0,0,0,134.316745754509,166.57401257,0,300.890758324509
2016-07-01,2016,"Q3","2016/17","Q1","July",40.391521506,4.255699835,5.63365421083363,109.690580641053,29.7393560408915,0.945381536,28.623715567,14.4800350554167,0.192389669,1.612207686,0.326608756,0.270846974,0.514924067,25.1144137955444,3.67261584406125,6.718809053,,,,0,0,0,131.554385007478,140.628375229323,0,272.182760236801
2016-08-01,2016,"Q3","2016/17","Q1","August",40.042024256,5.732346619,5.79128591983363,138.007187910053,30.7463616268915,1.361891192,28.803244033,14.8108880054167,0.285798205,1.472453092,0.342892853,0.680175123,0.371438985,19.6220420045444,3.88122153906125,6.081441302,,,,0,0,0,157.404317436478,140.628375229323,0,298.032692665801
2016-09-01,2016,"Q3","2016/17","Q1","September",38.560708897,4.753160021,6.50157046583363,108.925492086053,30.5003788428915,1.322009186,27.649125578,14.2983086064167,0.331137831,0.757139918,0.400408144,0.440968834,0.726999609,19.4504990805444,4.81198041306125,6.558766255,,,,0,0,0,125.360278538478,140.628375229323,0,265.988653767801
2016-10-01,2016,"Q4","2016/17","Q2","October",40.067551064,5.59796314,5.8476477735003,124.081830246248,30.1834210051682,1.091068399,29.366503728,14.3507322944167,0.282999558,1.599600709,0.36313079,0.507933951,0.607662416,24.913078205,4.909608812,7.80218332,,,,0,0,0,150.678289964417,140.894625446916,0,291.572915411333
2016-11-01,2016,"Q4","2016/17","Q2","November",40.132378702,5.845268404,5.8366536305003,105.840869592248,30.4243335811682,1.058508225,28.022546717,13.9618733294167,0.268637233,1.471940968,0.457265649,0.481968238,0.366265648,24.629324334,4.782529991,6.886051848,,,,0,0,0,129.571790643417,140.894625446916,0,270.466416090333
2016-12-01,2016,"Q4","2016/17","Q2","December",36.637887727,5.615914504,6.4543281885003,112.096072504248,30.3136671621682,1.209201316,28.495054154,16.2467818354167,0.348319951,0.88365165,0.305758269,0.473740587,0.597366692,23.092011302,4.881939283,6.908256134,,,,0,0,0,133.665325812417,140.894625446916,0,274.559951259333
2017-01-01,2017,"Q1","2016/17","Q3","January",40.234592416,5.646753522,6.28960236491697,121.557848950987,31.212363403637,1.299592721,29.164030016,14.9044993984167,0.216680441,1.623234209,0.440669545,0.776813455,0.394115356,23.3738555052191,4.28299272506125,6.369689813,,,,0,0,0,145.163382263478,142.62395157876,0,287.787333842238
2017-02-01,2017,"Q1","2016/17","Q3","February",37.896175369,5.629567293,5.88267086591697,120.460954493987,31.5941448456371,1.201394988,28.156535664,14.8472700054167,0.304388933,1.679581525,0.362085057,0.512893924,0.597197323,22.2238471462191,4.56875805106125,6.866891132,,,,0,0,0,140.160405037478,142.62395157876,0,282.784356616238
2017-03-01,2017,"Q1","2016/17","Q3","March",38.559807727,5.859172431,7.10011321191697,112.180908857987,31.4186658436371,1.955019723,28.532497772,15.0188808294167,0.352939553,0.608612543,0.588574292,0.518465288,0.7646746,19.9815719732191,4.70672844606125,6.887882525,,,,0,0,0,132.410564037478,142.62395157876,0,275.034515616238
2017-04-01,2017,"Q2","2016/17","Q4","April",38.005278213,5.932782814,6.17244342108363,127.691676248592,30.1940225624261,1.49037001,28.70686376,14.2446746454167,0.220531458,1.466199397,0.324319411,0.728803337,0.572016834,21.1994018899877,4.66970765506125,6.836556219,,,,0,0,0,148.040608530478,140.41503934509,0,288.455647875568
2017-05-01,2017,"Q2","2016/17","Q4","May",38.191989816,6.757925759,6.61037982508363,125.197436442592,31.0902992884261,1.440745377,29.889605854,15.7447987614167,0.377587428,1.674849078,0.495837084,0.570394951,0.59781642,22.0588662339877,4.69299320706125,6.875858203,,,,0,0,0,151.852344383478,140.41503934509,0,292.267383728568
2017-06-01,2017,"Q2","2016/17","Q4","June",37.323128361,6.961847332,6.15448235508363,114.055216871592,33.3299756484261,2.751855425,29.933996619,15.2941153304167,0.501823563,0.7690029,0.472880399,0.435296248,0.756086052,16.9449366659877,5.14928839106125,12.044759527,,,,0,0,0,142.463652343478,140.41503934509,0,282.878691688568
2017-07-01,2017,"Q3","2017/18","Q1","July",40.076760182,6.022502555,6.14875234958393,106.922984326249,29.9020160400821,0.864940218,29.28232852,14.6821766983333,0.219589877,1.096938782,0.403277562,0.489155729,0.414438016,34.4117986842499,5.64860803333333,5.420208804,0.247217616,,,0,0,0,128.113451750667,154.140242242165,0,282.253693992832
2017-08-01,2017,"Q3","2017/18","Q1","August",37.922578836,6.639149709,6.07574644858393,137.067438104249,30.7896601680821,1.384966598,28.897666988,19.4931558343333,0.275691918,1.149339414,0.406063317,0.699147159,0.804386826,35.7551830322499,6.53909310833333,8.364825324,0.414451872,,,0,0,0,168.538302414667,154.140242242165,0,322.678544656832
2017-09-01,2017,"Q3","2017/18","Q1","September",37.700191544,6.136059987,6.17174372658393,116.637376119249,30.1068268550821,1.08385387,27.587371705,16.8146107783333,0.323672667,0.502291143,0.336694673,0.342081719,0.614650272,32.1446341052499,6.21405282633333,6.899505234,0.357320959,,,0,0,0,135.832695941667,154.140242242165,0,289.972938183832
2017-10-01,2017,"Q4","2017/18","Q2","October",39.992739194,6.477366084,5.74196291858393,128.352701465249,31.0139385460821,1.179071637,28.052911901,16.7445589413333,0.263298371,1.219337625,0.464246973,0.693458289,0.59536037,22.4984985549167,6.43103518233333,6.233042344,0.536573466,,,0,0,0,154.490412429667,141.999689432832,0,296.490101862499
2017-11-01,2017,"Q4","2017/18","Q2","November",41.071308846,6.101674009,6.28616813258393,122.268381151249,31.1391772180821,1.244522349,30.598941123,16.6451331493333,0.220169722,1.126145968,0.637701245,0.450167835,0.465861838,23.2697237329167,6.20582013333333,7.723658849,0.444994683,,,0,0,0,153.899860551667,141.999689432832,0,295.899549984499
2017-12-01,2017,"Q4","2017/18","Q2","December",38.511675369,6.591673496,6.35032473858393,114.708302057249,31.5321228490821,1.239908739,28.806114302,17.5914361343333,0.350925132,0.410884389,0.506921394,0.435931997,0.851868132,20.6187868939167,6.63624028033333,7.123435218,0.089973986,,,0,0,0,140.356835674667,141.999689432832,0,282.356525107499
2018-01-01,2018,"Q1","2017/18","Q3","January",39.539699613,6.706537613,6.19999403410437,130.315484035088,35.2745500218655,1.31821297,29.720942702,16.3559729523333,0.267877631,1.263033966,0.457994193,0.589980548,0.65412413,22.6971702876072,6.40807706866667,8.860123459,0.497905963,,,0,0,0,163.801908688,143.325772499665,0,307.127681187665
2018-02-01,2018,"Q1","2017/18","Q3","February",38.673222113,6.382821804,6.44064714410437,121.167194085088,32.0027182908655,1.173910618,28.929884585,18.1507702363333,0.204957212,1.139844278,0.377894168,0.352176668,0.649952179,22.8807999056073,6.62698011566667,7.146708701,0.455319156,,,0,0,0,149.43002876,143.325772499665,0,292.755801259665
2018-03-01,2018,"Q1","2017/18","Q3","March",33.766576574,8.644752986,5.85248013710437,118.331466674088,31.7030438078655,1.207477182,27.427929444,17.1843412403333,0.249106822,0.41601203,0.588409107,0.621732574,0.48859734,20.8176718356072,6.47917203166667,7.162930915,0.113930876,,,0,0,0,137.729859077,143.325772499665,0,281.055631576665
2018-04-01,2018,"Q2","2017/18","Q4","April",45.8546072,6.787808339,5.85061319451966,111.555956053795,26.3194811606274,1.486870652,27.710386887,16.7809509733333,0.309762269,1.349032541,0.497313508,0.623086984,0.679702396,19.5968423812141,6.40971031666667,7.122634004,0.414365732,,,0,0,0,162.631611716,116.717512876156,0,279.349124592156
2018-05-01,2018,"Q2","2017/18","Q4","May",39.170787015,7.646884651,5.58338353551965,105.254451794795,26.6161030246274,1.155869911,33.268374074,17.8679902113333,0.258956606,1.016700416,0.533026969,0.604826416,0.682163197,19.7646177322141,6.50958602766667,7.138370172,0.582952982,,,0,0,0,156.937531859,116.717512876156,0,273.655044735156
2018-06-01,2018,"Q2","2017/18","Q4","June",39.715662203,8.58520797,6.86671368951966,104.048639571795,33.8895177036274,1.549247215,29.554019759,18.1210097873333,0.248613144,0.664687793,0.687722654,0.542314502,0.881798097,16.9062392472141,7.79115124666667,7.597314981,0.177983007,,,0,0,0,161.110329695,116.717512876156,0,277.827842571156
2018-07-01,2018,"Q3","2018/19","Q1","July",47.234946179,6.877804577,9.05799507780256,134.426244914718,43.4747110250664,1.465268506,31.710098913,16.7659047560833,0.272244197,1.282954088,0.56776199,0.70625137,0.64080329,25.3145520280755,9.15973941133333,7.190473264,0.525753553,,,0,0,0,169.144634380417,167.715735885662,1,336.860370266079
2018-08-01,2018,"Q3","2018/19","Q1","August",46.325938392,6.59073084,9.55930262980256,129.785352327718,47.9975228610664,1.504900585,34.345395644,18.7415635440833,0.397755594,0.628617528,0.490516593,0.433057938,0.709487698,25.4709926400755,8.78632182533333,7.275438497,0.517600119,,,0,0,0,172.083333631417,167.715735885662,2,339.799069517079
2018-09-01,2018,"Q3","2018/19","Q1","September",46.869419482,6.774116221,8.93791299180256,129.972471892718,46.1705742850664,1.279444918,33.773404235,16.5448650170833,0.47518966,0.16953992,0.783494378,0.514689374,0.848717281,26.7496609010755,9.63641216733333,6.704130932,0.111272719,,,0,0,0,168.888061458417,167.715735885662,3,336.603797344079
2018-10-01,2018,"Q4","2018/19","Q2","October",46.823178835,7.437582861,9.01319008930256,129.546821630218,46.562495504233,1.291586601,40.177831111,16.7139470300833,0.381863051,1.354743146,0.644852394,0.741201732,1.146254595,28.1533624740755,6.083782682,11.40318126,0.43283388,,,0,0,0,178.268161293083,169.981668765829,4,348.249830058912
2018-11-01,2018,"Q4","2018/19","Q2","November",46.445572325,6.605778296,9.41684573930256,133.646115668218,48.836240990233,1.620172374,30.647320662,18.8470667900833,0.291775256,0.218607762,0.51900186,0.376463137,0.79036862,28.1335045870755,5.310400952,4.436279534,0.386189737,,,0,0,0,166.891409661083,169.981668765829,5,336.873078426912
2018-12-01,2018,"Q4","2018/19","Q2","December",46.409208924,6.903000772,9.24359538730256,135.287402789218,46.475205626233,1.682136929,38.910768393,17.1053002680833,0.371740066,0.625295177,0.756004389,0.516108706,1.052636349,28.1055276380755,5.183062335,6.433872896,0.401584644,,,0,0,0,175.731280846083,169.981668765829,6,345.712949611912
2019-01-01,2019,"Q1","2018/19","Q3","January",45.73166696,7.057115283,9.25469245713901,141.103789275484,45.531896057027,1.464328395,36.168664853,17.0958209340833,0.462205181,1.347567284,0.486428968,0.7749455,0.95159775,27.2842558395957,9.22177868383333,8.254613328,0.685294884,,,0,0,0,182.1657284905,169.125836694246,7,351.291565184746
2019-02-01,2019,"Q1","2018/19","Q3","February",47.451337516,6.325995683,9.60095663813901,139.257102006484,48.991046126027,1.883205238,34.597718043,16.9949151850833,0.282212844,0.665136908,0.633153145,0.439862703,1.045412634,27.4801725155957,9.39583177483333,7.341576015,0.485789591,,,0,0,0,182.1280431115,169.125836694246,8,351.253879805746
2019-03-01,2019,"Q1","2018/19","Q3","March",48.529410772,7.365961607,9.38946183613901,140.077871882484,48.471574743027,1.668976124,35.780151696,17.2524730290833,0.279115538,0.143105308,0.735781733,0.553376046,0.866886357,25.6762417775957,9.53208243783333,7.330132678,0.195455183,,,0,0,0,183.0766917785,169.125836694246,9,352.202528472746
2019-04-01,2019,"Q2","2018/19","Q4","April",57.736228709,7.033873445,9.34978766066723,133.663310960303,49.2182006776694,1.854259458,35.137974989,17.4980690940833,0.639849075,1.402192098,0.834440484,0.663297439,0.898168439,41.2284658277439,5.617240042,7.00761394,0.440076763,,,0,0,0,191.0338880225,181.372609060384,10,372.406497082884
2019-05-01,2019,"Q2","2018/19","Q4","May",54.000032643,6.876960213,9.07214717166723,134.120590154303,47.2288677436694,1.788596192,36.700674669,19.5651652210833,0.387890052,0.707664755,0.837764668,0.499433104,0.771025401,42.7042546797439,6.075856214,6.611987437,0.623700305,,,0,0,0,189.4704321925,181.372609060384,11,370.843041252884
2019-06-01,2019,"Q2","2018/19","Q4","June",40.661778329,7.642932035,9.47474710666723,138.841653368303,54.7146314936694,1.193860315,36.257008182,17.7854711270833,0.331519368,0.265343742,0.681294341,0.601219146,1.828215315,41.5616617787439,8.23734182,8.208274434,0.381941606,,,0,0,0,189.8111710365,181.372609060384,12,371.183780096884
2019-07-01,2019,"Q3","2019/20","Q1","July",59.121328048,6.634450196,9.947338456,142.699392732667,47.6673325903333,1.848469574,29.79108528,17.6604673755833,1.613622291,1.843101088,0.462283674,0.700299853,0.680713901,30.5979164703333,12.5906779506667,7.309191081,0.439261426,0.274867126,,0,0,0,194.99216334325,176.889635770333,0,371.881799113583
2019-08-01,2019,"Q3","2019/20","Q1","August",50.549966118,7.097248508,10.040336887,155.601402238667,49.8485201223333,3.843039042,46.270845259,22.6898741915833,8.247791655,2.03620361,0.820990509,0.533407283,1.049404591,30.1881452723333,12.7089049746667,7.369181712,0.55913649,0.346213584,,0,0,0,232.91097627725,176.889635770333,0,409.800612047583
2019-09-01,2019,"Q3","2019/20","Q1","September",46.482926032,6.732751709,10.344156975,146.218832210667,50.7672861493333,2.286865253,37.672359234,19.5714455585833,2.888569452,2.106544034,0.751018653,0.447816489,1.020351199,29.7649184583333,13.1752585336667,7.358298977,0.769499625,0.230444845,,0,0,0,201.69970761725,176.889635770333,0,378.589343387583
2019-10-01,2019,"Q4","2019/20","Q2","October",52.85280977,6.945749666,10.1910122143773,160.952468308512,50.1494979915,2.138950623,41.72213964,20.7671710255833,6.881733658,1.989173861,0.946146836,0.47454725,0.964808739,30.793463994,12.5501859226667,6.616422284,0.511795752,0.358219104,,0,0,0,217.02688649525,190.779410144389,0,407.806296639639
2019-11-01,2019,"Q4","2019/20","Q2","November",50.193806438,7.163222244,10.6477964623773,164.127615947512,50.5067462805,4.011493951,35.103377668,20.2147740945833,3.42043728,1.982879375,0.469973584,0.733768691,0.968210767,30.13902817,12.6075178636667,7.390063021,0.775361762,0.317831937,,0,0,0,209.99449539225,190.779410144389,0,400.773905536639
2019-12-01,2019,"Q4","2019/20","Q2","December",49.849129092,7.364412709,10.4500520103773,165.703350533512,51.6613473785,2.067419222,40.395346525,21.8582385695833,2.863214927,2.122695398,0.585533263,0.561231176,1.258146174,30.17939303,13.5997565846667,7.406521856,0.553275272,0.386394255,,0,0,0,218.08604783125,190.779410144389,0,408.865457975639
2020-01-01,2020,"Q1","2019/20","Q3","January",52.699828205,7.305800976,9.92878206133333,160.99092999,50.3117150123333,2.222447707,44.71371291,19.2038678155833,2.936051576,2.016313851,1.203871476,0.618365725,0.821037144,29.5455972406667,13.0378925193333,5.935301351,0.564132184,0.254391393,,0,0,0,220.538393567917,183.771645569333,0,404.31003913725
2020-02-01,2020,"Q1","2019/20","Q3","February",51.274284436,6.90370245,10.2116020953333,160.68723457,51.0232796133333,2.98709158,38.834640335,21.8982933055833,7.418132768,2.085362398,0.539078876,0.690332888,1.17175225,30.3834168856667,13.2283653963333,7.314092743,0.495329082,0.348341102,,0,0,0,223.722687204917,183.771645569333,0,407.49433277425
2020-03-01,2020,"Q1","2019/20","Q3","March",50.545376917,7.034442276,10.5082823973333,155.232368413,50.7781848523333,3.167949659,38.212365212,20.5278526495833,2.879237027,2.0193568,0.824736162,0.412377164,0.82186605,30.0203516156667,12.8997951803333,6.69849753,0.828270618,0.264334674,,0,0,0,209.903999627917,183.771645569333,0,393.67564519725
2020-04-01,2020,"Q2","2019/20","Q4","April",55.6355033,7.150780252,11.1958630021767,160.576925355516,51.5264482049203,2.989846308,34.486763617,20.6053978045833,7.58292579,2.158668354,0.697402782,0.497553097,1.089649498,31.0711641608432,13.2936828443333,5.86374887,0.516371003,0.319836889,,0,0,0,224.843214996917,182.415316135456,0,407.258531132373
2020-05-01,2020,"Q2","2019/20","Q4","May",55.566193422,6.880363692,11.2988080951767,155.568172204516,53.4876031529203,3.398039753,38.328335675,20.6810552885833,3.12921538,2.270320674,0.641541096,0.524380001,0.960778643,35.5001224218432,13.4269416743333,6.774199704,0.651533655,0.331235215,,0,0,0,227.003523611917,182.415316135456,0,409.418839747373
2020-06-01,2020,"Q2","2019/20","Q4","June",66.408253532,8.544049322,11.6833295411767,168.156620924516,58.1110688629203,3.646262895,54.434157807,21.2237031735833,2.992185697,2.321267663,0.839074965,0.815808588,1.25760189,34.4973947188432,14.3106003993333,10.603756742,0.740629257,0.460619333,,0,0,0,278.631069175917,182.415316135456,0,461.046385311373
2020-07-01,2020,"Q3","2020/21","Q1","July",56.002763831,6.234795016,11.181577303,156.937571134333,50.2911800376667,2.682134676,35.292939781,18.9232947155833,2.052352838,2.034033057,0.467000037,0.454542012,0.7879044,29.0929828986667,12.5550766986667,7.351599956,0.45033786,0.262403598,0.663256372,0,0,0,207.36976859325,186.347977628667,,393.717746221917
2020-08-01,2020,"Q3","2020/21","Q1","August",56.510901659,7.355609057,12.1663604,168.046498905333,51.5558932746667,2.596181238,47.510270203,22.0871842385833,3.947015061,1.909995846,0.957356077,0.433332862,0.932633328,29.4291306376667,13.7720974766667,10.2103761,0.666305184,0.302302081,0.87088202,0,0,0,244.91234802025,186.347977628667,,431.260325648917
2020-09-01,2020,"Q3","2020/21","Q1","September",48.118127116,6.563473534,11.206367275,163.010107952333,52.1519566576667,3.266234425,38.357404815,20.7514380205833,3.700993593,2.072136616,0.636511919,0.675745859,0.979033912,33.7085498736667,13.2086346096667,5.076500027,0.724136257,0.374217445,0.798957599,0,0,0,219.03254987725,186.347977628667,,405.380527505917
2020-10-01,2020,"Q4","2020/21","Q2","October",66.763636774,7.127404671,11.6457223283333,186.418326319333,55.8922863413333,2.583335275,47.801478648,20.5223016025833,2.470942116,2.053551012,0.616481728,0.307618451,1.255719292,33.621440193,13.0948642586667,7.39505316,0.529864023,0.322630048,0.679988623,0,0,0,247.04055479525,214.062090069,,461.10264486425
2020-11-01,2020,"Q4","2020/21","Q2","November",56.58280066,6.986576833,11.5610812143333,182.030575414333,55.9985471473333,3.836441647,43.016206041,20.5174862985833,2.364072688,2.038429617,0.725701374,0.694203632,0.798032546,33.524862784,13.4586333576667,7.400723926,0.721047812,0.298630149,1.092807559,0,0,0,229.58477063125,214.062090069,,443.64686070025
2020-12-01,2020,"Q4","2020/21","Q2","December",37.735561781,6.961684635,11.8582134953333,187.456243005333,57.7912289723333,3.834407482,44.561647431,21.2875497795833,3.365485261,1.967657794,0.635788933,0.594240506,1.220368382,31.039905253,13.3603603326667,7.432975803,1.093405906,0.333186735,1.055546676,0,0,0,219.52336809425,214.062090069,,433.58545816325
2021-01-01,2021,"Q1","2020/21","Q3","January",76.026391843,7.081660547,11.4938780936074,161.675924072188,49.5919040436638,2.879261092,60.397267711,19.5107568775833,2.099619149,2.077251769,0.69252895,0.43539139,1.000022236,29.9416553190483,13.8499151871667,7.446280922,0.663596267,0.310269839,0.677645921,0,0,0,266.80465607875,181.046565150507,,447.851221229257
2021-02-01,2021,"Q1","2020/21","Q3","February",57.529177109,6.91839042,11.8511877136074,154.473019181188,52.3385116916638,2.795952872,41.905265429,22.3947476395833,3.822707839,2.053954184,0.565390264,0.664694915,0.878173708,31.9804721950483,13.9277287211667,7.453789691,0.644703253,0.320057228,0.890055221,0,0,0,232.36141412475,181.046565150507,,413.407979275257
2021-03-01,2021,"Q1","2020/21","Q3","March",51.994476005,6.944657018,12.2074570686074,164.254172870188,52.1682332036638,3.435246247,62.334416881,20.9704065545833,4.047979866,2.192694052,1.051557919,0.465364582,1.203659836,30.3506238750483,14.0995241231667,8.524183818,0.645964072,0.312351634,0.829701483,0,0,0,256.98610595775,181.046565150507,,438.032671108257
2021-04-01,2021,"Q2","2020/21","Q4","April",64.728463448,6.99907893,12.1562035072645,163.99354878498,51.2616263303973,3.422234817,39.168661841,20.7225739595833,3.276684399,2.167992313,0.757186387,0.468559748,0.830563535,30.2288762823052,13.8376706321667,7.443295512,0.65718429,0.315473329,1.140489976,0,0,0,240.69637647175,182.879991549947,,423.576368021697
2021-05-01,2021,"Q2","2020/21","Q4","May",59.490477999,6.680229543,12.6690466182645,161.01981619698,52.7467898313973,3.046214535,65.234236237,20.3172295235833,3.223759955,2.0828967,0.543522362,0.499831625,0.983552591,29.1489068363052,13.6514780271667,5.317782765,0.626929998,0.329299915,0.628964685,0,0,0,255.36097439375,182.879991549947,,438.240965943697
2021-06-01,2021,"Q2","2020/21","Q4","June",38.067946491,9.721648513,13.5100142242645,182.79671693498,58.8549533933973,4.058909246,50.68195712,22.1539908615833,3.772193909,2.262360128,1.132414912,0.653241724,1.596521041,35.5903163163052,17.4983620331667,5.769860161,1.082935676,0.355662377,1.115023615,0,0,0,267.79503712675,182.879991549947,,450.675028676697
2021-07-01,2021,"Q3","2021/22","Q1","July",73.82337959,6.780272963,11.9244409780717,174.026518892637,55.9515564133261,2.118504877,42.901621353,24.8584934983333,2.476660284,2.064677,0.494433508,0.583009027,0.792964805,32.4471721584121,13.8601779903333,8.440079959,0.495451322,0.273723266,0.679438591,0,0,0,252.406360674667,202.564577267447,,454.970937942114
2021-08-01,2021,"Q3","2021/22","Q1","August",61.227615932,6.854713262,11.9056377300717,175.238799058637,58.9405163343261,4.185428399,42.467488466,27.0855326273333,2.574274999,2.024177881,0.906767646,0.43940542,1.047495134,32.9731890774121,13.7743799873333,8.098348374,0.483268304,0.352012148,0.636029597,0,0,0,248.650503109667,202.564577267447,,451.215080377114
2021-09-01,2021,"Q3","2021/22","Q1","September",60.474135655,6.921707501,12.0561063620717,174.926127533637,58.5078934423261,2.558914358,44.58449532,25.3836432293333,2.421860314,2.079932916,0.572559789,0.556850359,1.005434686,33.9817303784121,14.5126004953333,10.478784664,0.446119467,0.299574911,0.804581126,0,0,0,250.008475239667,202.564577267447,,452.573052507114
2021-10-01,2021,"Q4","2021/22","Q2","October",65.759851652,6.67910142,12.4947162906,181.795330153,79.816040315,2.349603597,52.721307488,26.6370783473333,5.470881605,2.066416023,0.908917457,0.460191638,0.517096517,41.7288777368667,14.7558161433333,8.658017863,0.48598156,0.328027407,1.168125633,0,0,0,269.788354235667,235.013024610467,,504.801378846133
2021-11-01,2021,"Q4","2021/22","Q2","November",65.45009973,7.235715256,12.7078718996,185.582947072,78.769595667,3.215514781,47.917632695,27.0493415233333,4.324773939,1.996493013,0.714174114,0.614558325,1.770605819,42.8669755908667,15.1600995413333,8.713140107,0.495282793,0.313421315,1.065526681,0,0,0,270.950745251667,235.013024610467,,505.963769862133
2021-12-01,2021,"Q4","2021/22","Q2","December",66.14634848,6.771832306,12.3549230766,178.211706195,79.837441816,3.917421104,50.755237473,27.7181949273333,3.519996257,1.680616882,0.598445989,0.559252635,1.01852668,41.9157011108667,14.5746387093333,8.28035703,0.52316927,0.306507175,0.825986606,0,0,0,264.503279111667,235.013024610467,,499.516303722133
2022-01-01,2022,"Q1","2021/22","Q3","January",67.136091191,6.713115454,12.3500982093667,182.18057894,68.1310219863333,2.754723436,48.136476822,25.5428903883333,3.786538174,2.457851436,1.038638019,0.449323601,0.89992848,42.6639900871,13.9791251275,9.741263272,0.694460032,0.322085757,0.189995461,0,0,0,264.977846635833,224.1903492378,,489.168195873633
2022-02-01,2022,"Q1","2021/22","Q3","February",66.702550885,7.30575634,12.9792860333667,183.466662491,66.3060824303333,3.504034402,43.452838584,27.2570727873333,3.848141717,2.058700717,0.704806861,0.658611232,1.07431671,39.6110029641,15.0858479815,8.906594123,0.453076045,0.313951818,1.158636954,0,0,0,260.657621837833,224.1903492378,,484.847971075633
2022-03-01,2022,"Q1","2021/22","Q3","March",48.484313765,8.274876353,12.3306904603667,184.336151479,69.5326152683333,2.913850346,57.753606522,27.0556449533333,4.892816143,2.128267576,0.809814647,0.476612491,1.063606435,45.3196777441,15.1590412115,7.088097484,0.443529332,0.307047503,0.839837722,0,0,0,265.019748197833,224.1903492378,,489.210097435633
2022-04-01,2022,"Q2","2021/22","Q4","April",88.835407542,5.851208614,5.454575244,42.000033411,16.754687565,2.744122399,50.563334521,27.8852150223333,3.050866029,2.206909822,0.837125168,0.550826644,1.058145237,10.678246733,14.6223148845,8.908561085,0.518568911,0.308936644,0.85738443,0,0,0,283.686469905833,142.516208400467,,426.2026783063
2022-05-01,2022,"Q2","2021/22","Q4","May",70.930443488,7.377621057,6.257052823,59.654778428,17.370095148,4.784580906,55.446001822,25.7633091103333,3.001373226,1.985807896,0.610045106,0.624208873,1.426543464,7.623586454,14.5541149125,8.914217594,0.629619656,0.325683168,1.007278011,0,0,0,288.286361142833,142.516208400467,,430.8025695433
2022-06-01,2022,"Q2","2021/22","Q4","June",23.790875348,8.133302749,5.840147923,65.020450524,28.646132398,3.048777096,58.383668954,35.3744847593333,6.301787678,2.096734327,1.121501202,0.469440849,1.322648867,25.328694435,17.2273063785,12.029734862,0.657518549,0.378260039,0.93668054,0,0,0,296.108147477833,142.516208400467,,438.6243558783
