"Date","Year","Quarter","FY","QFY","Month","EXP_DPD_AGRO","EXP_DPD_MID","EXP_DPD_SPD","EXP_DPD_MAN","EXP_DPD_TOU","EXP_DPD_NECLW","EXP_DPD_PSD","EXP_DPD_SED","EXP_DPD_ITIS","EXP_DPD_SUD","EXP_DPD_DIT","EXP_DPD_HCD","EXP_DPD_TTD","EXP_DPD_PST","EXP_DPD_CMC","EXP_DPD_GOS","EXP_DPD_DPI","EXP_DPD_RBD","EXP_DPD_ADJ","EXP_DPD_LEG","EXP_DPD_LGOV","EXP_DPD_I","EXP_DPD_I_DOM","EXP_DPD_I_EXT","EXP_DPD_CEN_TOT","EXP_DPD_LGP_TOT","EXP_DPD_I_TOT","EXP_DPD"
1997-07-01,1997,"Q3","1997/98","Q1","July",,,,,,,,,,,,,,,,,,,,,,0,0,0,35.3239583333333,0,0,35.3239583333333
1997-08-01,1997,"Q3","1997/98","Q1","August",,,,,,,,,,,,,,,,,,,,,,0,0,0,35.3239583333333,0,0,35.3239583333333
1997-09-01,1997,"Q3","1997/98","Q1","September",,,,,,,,,,,,,,,,,,,,,,0,0,0,35.3239583333333,0,0,35.3239583333333
1997-10-01,1997,"Q4","1997/98","Q2","October",,,,,,,,,,,,,,,,,,,,,,0,0,0,35.3239583333333,0,0,35.3239583333333
1997-11-01,1997,"Q4","1997/98","Q2","November",,,,,,,,,,,,,,,,,,,,,,0,0,0,35.3239583333333,0,0,35.3239583333333
1997-12-01,1997,"Q4","1997/98","Q2","December",,,,,,,,,,,,,,,,,,,,,,0,0,0,35.3239583333333,0,0,35.3239583333333
1998-01-01,1998,"Q1","1997/98","Q3","January",,,,,,,,,,,,,,,,,,,,,,0,0,0,35.3239583333333,0,0,35.3239583333333
1998-02-01,1998,"Q1","1997/98","Q3","February",,,,,,,,,,,,,,,,,,,,,,0,0,0,35.3239583333333,0,0,35.3239583333333
1998-03-01,1998,"Q1","1997/98","Q3","March",,,,,,,,,,,,,,,,,,,,,,0,0,0,35.3239583333333,0,0,35.3239583333333
1998-04-01,1998,"Q2","1997/98","Q4","April",,,,,,,,,,,,,,,,,,,,,,0,0,0,35.3239583333333,0,0,35.3239583333333
1998-05-01,1998,"Q2","1997/98","Q4","May",,,,,,,,,,,,,,,,,,,,,,0,0,0,35.3239583333333,0,0,35.3239583333333
1998-06-01,1998,"Q2","1997/98","Q4","June",,,,,,,,,,,,,,,,,,,,,,0,0,0,35.3239583333333,0,0,35.3239583333333
1998-07-01,1998,"Q3","1998/99","Q1","July",,,,,,,,,,,,,,,,,,,,,,0,0,0,38.0539326598244,0,0,38.0539326598244
1998-08-01,1998,"Q3","1998/99","Q1","August",,,,,,,,,,,,,,,,,,,,,,0,0,0,38.0539326598244,0,0,38.0539326598244
1998-09-01,1998,"Q3","1998/99","Q1","September",,,,,,,,,,,,,,,,,,,,,,0,0,0,38.0539326598244,0,0,38.0539326598244
1998-10-01,1998,"Q4","1998/99","Q2","October",,,,,,,,,,,,,,,,,,,,,,0,0,0,38.0539326598244,0,0,38.0539326598244
1998-11-01,1998,"Q4","1998/99","Q2","November",,,,,,,,,,,,,,,,,,,,,,0,0,0,38.0539326598244,0,0,38.0539326598244
1998-12-01,1998,"Q4","1998/99","Q2","December",,,,,,,,,,,,,,,,,,,,,,0,0,0,38.0539326598244,0,0,38.0539326598244
1999-01-01,1999,"Q1","1998/99","Q3","January",,,,,,,,,,,,,,,,,,,,,,0,0,0,38.0539326598244,0,0,38.0539326598244
1999-02-01,1999,"Q1","1998/99","Q3","February",,,,,,,,,,,,,,,,,,,,,,0,0,0,38.0539326598244,0,0,38.0539326598244
1999-03-01,1999,"Q1","1998/99","Q3","March",,,,,,,,,,,,,,,,,,,,,,0,0,0,38.0539326598244,0,0,38.0539326598244
1999-04-01,1999,"Q2","1998/99","Q4","April",,,,,,,,,,,,,,,,,,,,,,0,0,0,38.0539326598244,0,0,38.0539326598244
1999-05-01,1999,"Q2","1998/99","Q4","May",,,,,,,,,,,,,,,,,,,,,,0,0,0,38.0539326598244,0,0,38.0539326598244
1999-06-01,1999,"Q2","1998/99","Q4","June",,,,,,,,,,,,,,,,,,,,,,0,0,0,38.0539326598244,0,0,38.0539326598244
1999-07-01,1999,"Q3","1999/00","Q1","July",,,,,,,,,,,,,,,,,,,,,,0,0,0,45.4512670831875,0,0,45.4512670831875
1999-08-01,1999,"Q3","1999/00","Q1","August",,,,,,,,,,,,,,,,,,,,,,0,0,0,45.4512670831875,0,0,45.4512670831875
1999-09-01,1999,"Q3","1999/00","Q1","September",,,,,,,,,,,,,,,,,,,,,,0,0,0,45.4512670831875,0,0,45.4512670831875
1999-10-01,1999,"Q4","1999/00","Q2","October",,,,,,,,,,,,,,,,,,,,,,0,0,0,45.4512670831875,0,0,45.4512670831875
1999-11-01,1999,"Q4","1999/00","Q2","November",,,,,,,,,,,,,,,,,,,,,,0,0,0,45.4512670831875,0,0,45.4512670831875
1999-12-01,1999,"Q4","1999/00","Q2","December",,,,,,,,,,,,,,,,,,,,,,0,0,0,45.4512670831875,0,0,45.4512670831875
2000-01-01,2000,"Q1","1999/00","Q3","January",,,,,,,,,,,,,,,,,,,,,,0,0,0,45.4512670831875,0,0,45.4512670831875
2000-02-01,2000,"Q1","1999/00","Q3","February",,,,,,,,,,,,,,,,,,,,,,0,0,0,45.4512670831875,0,0,45.4512670831875
2000-03-01,2000,"Q1","1999/00","Q3","March",,,,,,,,,,,,,,,,,,,,,,0,0,0,45.4512670831875,0,0,45.4512670831875
2000-04-01,2000,"Q2","1999/00","Q4","April",,,,,,,,,,,,,,,,,,,,,,0,0,0,45.4512670831875,0,0,45.4512670831875
2000-05-01,2000,"Q2","1999/00","Q4","May",,,,,,,,,,,,,,,,,,,,,,0,0,0,45.4512670831875,0,0,45.4512670831875
2000-06-01,2000,"Q2","1999/00","Q4","June",,,,,,,,,,,,,,,,,,,,,,0,0,0,45.4512670831875,0,0,45.4512670831875
2000-07-01,2000,"Q3","2000/01","Q1","July",,,,,,,,,,,,,,,,,,,,,,0,0,0,52.3902718468333,0,0,52.3902718468333
2000-08-01,2000,"Q3","2000/01","Q1","August",,,,,,,,,,,,,,,,,,,,,,0,0,0,52.3902718468333,0,0,52.3902718468333
2000-09-01,2000,"Q3","2000/01","Q1","September",,,,,,,,,,,,,,,,,,,,,,0,0,0,52.3902718468333,0,0,52.3902718468333
2000-10-01,2000,"Q4","2000/01","Q2","October",,,,,,,,,,,,,,,,,,,,,,0,0,0,52.3902718468333,0,0,52.3902718468333
2000-11-01,2000,"Q4","2000/01","Q2","November",,,,,,,,,,,,,,,,,,,,,,0,0,0,52.3902718468333,0,0,52.3902718468333
2000-12-01,2000,"Q4","2000/01","Q2","December",,,,,,,,,,,,,,,,,,,,,,0,0,0,52.3902718468333,0,0,52.3902718468333
2001-01-01,2001,"Q1","2000/01","Q3","January",,,,,,,,,,,,,,,,,,,,,,0,0,0,52.3902718468333,0,0,52.3902718468333
2001-02-01,2001,"Q1","2000/01","Q3","February",,,,,,,,,,,,,,,,,,,,,,0,0,0,52.3902718468333,0,0,52.3902718468333
2001-03-01,2001,"Q1","2000/01","Q3","March",,,,,,,,,,,,,,,,,,,,,,0,0,0,52.3902718468333,0,0,52.3902718468333
2001-04-01,2001,"Q2","2000/01","Q4","April",,,,,,,,,,,,,,,,,,,,,,0,0,0,52.3902718468333,0,0,52.3902718468333
2001-05-01,2001,"Q2","2000/01","Q4","May",,,,,,,,,,,,,,,,,,,,,,0,0,0,52.3902718468333,0,0,52.3902718468333
2001-06-01,2001,"Q2","2000/01","Q4","June",,,,,,,,,,,,,,,,,,,,,,0,0,0,52.3902718468333,0,0,52.3902718468333
2001-07-01,2001,"Q3","2001/02","Q1","July",,,,,,,,,,,,,,,,,,,,,,0,0,0,45.14907509,0,0,45.14907509
2001-08-01,2001,"Q3","2001/02","Q1","August",,,,,,,,,,,,,,,,,,,,,,0,0,0,45.14907509,0,0,45.14907509
2001-09-01,2001,"Q3","2001/02","Q1","September",,,,,,,,,,,,,,,,,,,,,,0,0,0,45.14907509,0,0,45.14907509
2001-10-01,2001,"Q4","2001/02","Q2","October",,,,,,,,,,,,,,,,,,,,,,0,0,0,44.87335684,0,0,44.87335684
2001-11-01,2001,"Q4","2001/02","Q2","November",,,,,,,,,,,,,,,,,,,,,,0,0,0,44.87335684,0,0,44.87335684
2001-12-01,2001,"Q4","2001/02","Q2","December",,,,,,,,,,,,,,,,,,,,,,0,0,0,44.87335684,0,0,44.87335684
2002-01-01,2002,"Q1","2001/02","Q3","January",,,,,,,,,,,,,,,,,,,,,,0,0,0,45.27545434,0,0,45.27545434
2002-02-01,2002,"Q1","2001/02","Q3","February",,,,,,,,,,,,,,,,,,,,,,0,0,0,45.27545434,0,0,45.27545434
2002-03-01,2002,"Q1","2001/02","Q3","March",,,,,,,,,,,,,,,,,,,,,,0,0,0,45.27545434,0,0,45.27545434
2002-04-01,2002,"Q2","2001/02","Q4","April",,,,,,,,,,,,,,,,,,,,,,0,0,0,41.9378224233333,0,0,41.9378224233333
2002-05-01,2002,"Q2","2001/02","Q4","May",,,,,,,,,,,,,,,,,,,,,,0,0,0,41.9378224233333,0,0,41.9378224233333
2002-06-01,2002,"Q2","2001/02","Q4","June",,,,,,,,,,,,,,,,,,,,,,0,0,0,41.9378224233333,0,0,41.9378224233333
2002-07-01,2002,"Q3","2002/03","Q1","July",,,,,,,,,,,,,,,,,,,,,,0,0,0,43.0517373866667,0,0,43.0517373866667
2002-08-01,2002,"Q3","2002/03","Q1","August",,,,,,,,,,,,,,,,,,,,,,0,0,0,43.0517373866667,0,0,43.0517373866667
2002-09-01,2002,"Q3","2002/03","Q1","September",,,,,,,,,,,,,,,,,,,,,,0,0,0,43.0517373866667,0,0,43.0517373866667
2002-10-01,2002,"Q4","2002/03","Q2","October",,,,,,,,,,,,,,,,,,,,,,0,0,0,43.0517373866667,0,0,43.0517373866667
2002-11-01,2002,"Q4","2002/03","Q2","November",,,,,,,,,,,,,,,,,,,,,,0,0,0,43.0517373866667,0,0,43.0517373866667
2002-12-01,2002,"Q4","2002/03","Q2","December",,,,,,,,,,,,,,,,,,,,,,0,0,0,43.0517373866667,0,0,43.0517373866667
2003-01-01,2003,"Q1","2002/03","Q3","January",,,,,,,,,,,,,,,,,,,,,,0,0,0,43.0517373866667,0,0,43.0517373866667
2003-02-01,2003,"Q1","2002/03","Q3","February",,,,,,,,,,,,,,,,,,,,,,0,0,0,43.0517373866667,0,0,43.0517373866667
2003-03-01,2003,"Q1","2002/03","Q3","March",,,,,,,,,,,,,,,,,,,,,,0,0,0,43.0517373866667,0,0,43.0517373866667
2003-04-01,2003,"Q2","2002/03","Q4","April",,,,,,,,,,,,,,,,,,,,,,0,0,0,43.0517373866667,0,0,43.0517373866667
2003-05-01,2003,"Q2","2002/03","Q4","May",,,,,,,,,,,,,,,,,,,,,,0,0,0,43.0517373866667,0,0,43.0517373866667
2003-06-01,2003,"Q2","2002/03","Q4","June",,,,,,,,,,,,,,,,,,,,,,0,0,0,43.0517373866667,0,0,43.0517373866667
2003-07-01,2003,"Q3","2003/04","Q1","July",,,,,,,,,,,,,,,,,,,,,,0,0,0,58.6583263263752,0,0,58.6583263263752
2003-08-01,2003,"Q3","2003/04","Q1","August",,,,,,,,,,,,,,,,,,,,,,0,0,0,58.6583263263752,0,0,58.6583263263752
2003-09-01,2003,"Q3","2003/04","Q1","September",,,,,,,,,,,,,,,,,,,,,,0,0,0,58.6583263263752,0,0,58.6583263263752
2003-10-01,2003,"Q4","2003/04","Q2","October",,,,,,,,,,,,,,,,,,,,,,0,0,0,58.6583263263752,0,0,58.6583263263752
2003-11-01,2003,"Q4","2003/04","Q2","November",,,,,,,,,,,,,,,,,,,,,,0,0,0,58.6583263263752,0,0,58.6583263263752
2003-12-01,2003,"Q4","2003/04","Q2","December",,,,,,,,,,,,,,,,,,,,,,0,0,0,58.6583263263752,0,0,58.6583263263752
2004-01-01,2004,"Q1","2003/04","Q3","January",,,,,,,,,,,,,,,,,,,,,,0,0,0,58.6583263263752,0,0,58.6583263263752
2004-02-01,2004,"Q1","2003/04","Q3","February",,,,,,,,,,,,,,,,,,,,,,0,0,0,58.6583263263752,0,0,58.6583263263752
2004-03-01,2004,"Q1","2003/04","Q3","March",,,,,,,,,,,,,,,,,,,,,,0,0,0,58.6583263263752,0,0,58.6583263263752
2004-04-01,2004,"Q2","2003/04","Q4","April",,,,,,,,,,,,,,,,,,,,,,0,0,0,58.6583263263752,0,0,58.6583263263752
2004-05-01,2004,"Q2","2003/04","Q4","May",,,,,,,,,,,,,,,,,,,,,,0,0,0,58.6583263263752,0,0,58.6583263263752
2004-06-01,2004,"Q2","2003/04","Q4","June",,,,,,,,,,,,,,,,,,,,,,0,0,0,58.9583263263751,0,0,58.9583263263751
2004-07-01,2004,"Q3","2004/05","Q1","July",,,,,,,,,,,,,,,,,,,,,,0,0,0,52.7966395091361,0,0,52.7966395091361
2004-08-01,2004,"Q3","2004/05","Q1","August",,,,,,,,,,,,,,,,,,,,,,0,0,0,52.7966395091361,0,0,52.7966395091361
2004-09-01,2004,"Q3","2004/05","Q1","September",,,,,,,,,,,,,,,,,,,,,,0,0,0,52.7966395091361,0,0,52.7966395091361
2004-10-01,2004,"Q4","2004/05","Q2","October",,,,,,,,,,,,,,,,,,,,,,0,0,0,52.7966395091361,0,0,52.7966395091361
2004-11-01,2004,"Q4","2004/05","Q2","November",,,,,,,,,,,,,,,,,,,,,,0,0,0,52.7966395091361,0,0,52.7966395091361
2004-12-01,2004,"Q4","2004/05","Q2","December",,,,,,,,,,,,,,,,,,,,,,0,0,0,52.7966395091361,0,0,52.7966395091361
2005-01-01,2005,"Q1","2004/05","Q3","January",,,,,,,,,,,,,,,,,,,,,,0,0,0,52.7966395091361,0,0,52.7966395091361
2005-02-01,2005,"Q1","2004/05","Q3","February",,,,,,,,,,,,,,,,,,,,,,0,0,0,52.7966395091361,0,0,52.7966395091361
2005-03-01,2005,"Q1","2004/05","Q3","March",,,,,,,,,,,,,,,,,,,,,,0,0,0,52.7966395091361,0,0,52.7966395091361
2005-04-01,2005,"Q2","2004/05","Q4","April",,,,,,,,,,,,,,,,,,,,,,0,0,0,52.7966395091361,0,0,52.7966395091361
2005-05-01,2005,"Q2","2004/05","Q4","May",,,,,,,,,,,,,,,,,,,,,,0,0,0,52.7966395091361,0,0,52.7966395091361
2005-06-01,2005,"Q2","2004/05","Q4","June",,,,,,,,,,,,,,,,,,,,,,0,0,0,52.7040645958027,0,0,52.7040645958027
2005-07-01,2005,"Q3","2005/06","Q1","July",,,,,,,,,,,,,,,,,,,,,,0,0,0,78.8841871294953,0,0,78.8841871294953
2005-08-01,2005,"Q3","2005/06","Q1","August",,,,,,,,,,,,,,,,,,,,,,0,0,0,78.8841871294953,0,0,78.8841871294953
2005-09-01,2005,"Q3","2005/06","Q1","September",,,,,,,,,,,,,,,,,,,,,,0,0,0,78.8841871294953,0,0,78.8841871294953
2005-10-01,2005,"Q4","2005/06","Q2","October",,,,,,,,,,,,,,,,,,,,,,0,0,0,74.907434737937,0,0,74.907434737937
2005-11-01,2005,"Q4","2005/06","Q2","November",,,,,,,,,,,,,,,,,,,,,,0,0,0,74.907434737937,0,0,74.907434737937
2005-12-01,2005,"Q4","2005/06","Q2","December",,,,,,,,,,,,,,,,,,,,,,0,0,0,74.907434737937,0,0,74.907434737937
2006-01-01,2006,"Q1","2005/06","Q3","January",,,,,,,,,,,,,,,,,,,,,,0,0,0,93.9140251632852,0,0,93.9140251632852
2006-02-01,2006,"Q1","2005/06","Q3","February",,,,,,,,,,,,,,,,,,,,,,0,0,0,93.9140251632852,0,0,93.9140251632852
2006-03-01,2006,"Q1","2005/06","Q3","March",,,,,,,,,,,,,,,,,,,,,,0,0,0,93.9140251632852,0,0,93.9140251632852
2006-04-01,2006,"Q2","2005/06","Q4","April",,,,,,,,,,,,,,,,,,,,,,0,0,0,19.2951381172331,0,0,19.2951381172331
2006-05-01,2006,"Q2","2005/06","Q4","May",,,,,,,,,,,,,,,,,,,,,,0,0,0,19.2951381172331,0,0,19.2951381172331
2006-06-01,2006,"Q2","2005/06","Q4","June",,,,,,,,,,,,,,,,,,,,,,0,0,0,21.3160083199961,0,0,21.3160083199961
2006-07-01,2006,"Q3","2006/07","Q1","July",,,,,,,,,,,,,,,,,,,,,,0,0,0,77.6487488162657,0,0,77.6487488162657
2006-08-01,2006,"Q3","2006/07","Q1","August",,,,,,,,,,,,,,,,,,,,,,0,0,0,77.6487488162657,0,0,77.6487488162657
2006-09-01,2006,"Q3","2006/07","Q1","September",,,,,,,,,,,,,,,,,,,,,,0,0,0,77.6487488162657,0,0,77.6487488162657
2006-10-01,2006,"Q4","2006/07","Q2","October",,,,,,,,,,,,,,,,,,,,,,0,0,0,77.6487488162657,0,0,77.6487488162657
2006-11-01,2006,"Q4","2006/07","Q2","November",,,,,,,,,,,,,,,,,,,,,,0,0,0,77.6487488162657,0,0,77.6487488162657
2006-12-01,2006,"Q4","2006/07","Q2","December",,,,,,,,,,,,,,,,,,,,,,0,0,0,77.6487488162657,0,0,77.6487488162657
2007-01-01,2007,"Q1","2006/07","Q3","January",,,,,,,,,,,,,,,,,,,,,,0,0,0,77.6487488162657,0,0,77.6487488162657
2007-02-01,2007,"Q1","2006/07","Q3","February",,,,,,,,,,,,,,,,,,,,,,0,0,0,77.6487488162657,0,0,77.6487488162657
2007-03-01,2007,"Q1","2006/07","Q3","March",,,,,,,,,,,,,,,,,,,,,,0,0,0,77.6487488162657,0,0,77.6487488162657
2007-04-01,2007,"Q2","2006/07","Q4","April",,,,,,,,,,,,,,,,,,,,,,0,0,0,77.6487488162657,0,0,77.6487488162657
2007-05-01,2007,"Q2","2006/07","Q4","May",,,,,,,,,,,,,,,,,,,,,,0,0,0,77.6487488162657,0,0,77.6487488162657
2007-06-01,2007,"Q2","2006/07","Q4","June",,,,,,,,,,,,,,,,,,,,,,0,0,0,77.6487488162657,0,0,77.6487488162657
2007-07-01,2007,"Q3","2007/08","Q1","July",,,,,,,,,,,,,,,,,,,,,,0,0,0,28.6163231241033,0,0,28.6163231241033
2007-08-01,2007,"Q3","2007/08","Q1","August",,,,,,,,,,,,,,,,,,,,,,0,0,0,59.0617792946024,0,0,59.0617792946024
2007-09-01,2007,"Q3","2007/08","Q1","September",,,,,,,,,,,,,,,,,,,,,,0,0,0,79.9142520125662,0,0,79.9142520125662
2007-10-01,2007,"Q4","2007/08","Q2","October",,,,,,,,,,,,,,,,,,,,,,0,0,0,53.3089133652957,0,0,53.3089133652957
2007-11-01,2007,"Q4","2007/08","Q2","November",,,,,,,,,,,,,,,,,,,,,,0,0,0,25.8321162798925,0,0,25.8321162798925
2007-12-01,2007,"Q4","2007/08","Q2","December",,,,,,,,,,,,,,,,,,,,,,0,0,0,64.8405051827406,0,0,64.8405051827406
2008-01-01,2008,"Q1","2007/08","Q3","January",,,,,,,,,,,,,,,,,,,,,,0,0,0,37.401989523275,0,0,37.401989523275
2008-02-01,2008,"Q1","2007/08","Q3","February",,,,,,,,,,,,,,,,,,,,,,0,0,0,65.5826619451694,0,0,65.5826619451694
2008-03-01,2008,"Q1","2007/08","Q3","March",,,,,,,,,,,,,,,,,,,,,,0,0,0,80.7193258593052,0,0,80.7193258593052
2008-04-01,2008,"Q2","2007/08","Q4","April",,,,,,,,,,,,,,,,,,,,,,0,0,0,66.3150616139764,0,0,66.3150616139764
2008-05-01,2008,"Q2","2007/08","Q4","May",,,,,,,,,,,,,,,,,,,,,,0,0,0,52.1314580245559,0,0,52.1314580245559
2008-06-01,2008,"Q2","2007/08","Q4","June",,,,,,,,,,,,,,,,,,,,,,0,0,0,114.876691916841,0,0,114.876691916841
2008-07-01,2008,"Q3","2008/09","Q1","July",4.22536940217391,16.0032110207128,8.36893308590346,4.80433740575921,0.245091032608696,0.973888090080163,0.502100025163044,1.16816092840908,8.11250282067936,0,0,0,0,0.676117933818277,0.00958028167663044,0,,,,,,0,0,0,45.0892920269847,0,0,45.0892920269847
2008-08-01,2008,"Q3","2008/09","Q1","August",0.72738176,11.6011363792379,2.84481602564846,0.0191993065,0.1912215694846,0.017704683109,0,0.9615716859194,16.0151776937142,0,0,0,0,0.8901053239378,0,0.0902739701566,,,,,,0,0,0,33.3585883977079,0,0,33.3585883977079
2008-09-01,2008,"Q3","2008/09","Q1","September",0,14.9388686966194,13.0458840263686,10.6886793712293,2.5380620599049,1.96358739110246,0.01804411469,3.28767915077,2.82958228517791,2.0516907704585,0,0,2.83282109695369,1.67709543824221,0.0307781371,0.00341339575,,,,,,0,0,0,55.906185934367,0,0,55.906185934367
2008-10-01,2008,"Q4","2008/09","Q2","October",0,9.78025692683433,28.1716839709522,0.159168187107,3.808488259413,2.48148322659,0.0203286672,7.246273251519,13.1043990574847,0,0,0,0,4.02365139328663,0,0,,,,,,0,0,0,68.7957329403869,0,0,68.7957329403869
2008-11-01,2008,"Q4","2008/09","Q2","November",4.9395186,2.09486252216952,5.33837102019538,40.022286181152,1.396813401063,1.463633130495,3.05616,2.207760280692,19.420720172309,0,0,0.1412041425,0,4.769485012584,0,0.02580869817,,,,,,0,0,0,84.8766231613299,0,0,84.8766231613299
2008-12-01,2008,"Q4","2008/09","Q2","December",4.8831407756,4.4381061239203,9.58397230356213,1.925182355866,0.169750149914235,0.895035948603199,0.258912235739888,18.926602804724,59.8274285234755,10.744279359312,0,0.276385218598,0,2.69116305443485,0.0234744,0,,,,,,0,0,0,114.64343325375,0,0,114.64343325375
2009-01-01,2009,"Q1","2008/09","Q3","January",3.40657228,2.2325762022577,4.06763379721864,0.7010944492119,2.5848717970734,1.3770759597789,0.011449165374,0.055632249768,13.4861350340047,0,0,0,0.263395910923423,10.3332466903425,0,0,,,,,,0,0,0,38.5196835359532,0,0,38.5196835359532
2009-02-01,2009,"Q1","2008/09","Q3","February",0,1.4734556073398,6.68362761857759,1.0762619415737,3.72061337326608,1.8711361579799,4.609751519975,2.27429182879156,9.1795358091606,0.0714514815191936,0,0.656957747353862,0,10.4451661767537,0.0196679483,0,,,,,,0,0,0,42.081917210591,0,0,42.081917210591
2009-03-01,2009,"Q1","2008/09","Q3","March",6.84088726762631,2.76353124148221,22.4339423596895,0.9263318562,3.446582378881,1.09007203863542,0,11.8434389267023,39.7657754941382,2.565259361318,0,0.13626738988,0,4.4719028747399,0,0,,,,,,0,0,0,96.2839911892928,0,0,96.2839911892928
2009-04-01,2009,"Q2","2008/09","Q4","April",0,0.3431682769108,9.26014733527536,1.13506551147582,2.84483999872572,2.5303678819174,0,2.1882222722432,9.5156532338991,0.22951597695,0,0,0,3.3268309582905,0,0,,,,,,0,0,0,31.3738114456879,0,0,31.3738114456879
2009-05-01,2009,"Q2","2008/09","Q4","May",0,6.08448187914035,10.4160875987892,2.316302029223,3.12105744441567,0,0,20.7692322101625,18.901039621646,0.490153039467,0,0,0,6.29484632772727,0,0,,,,,,0,0,0,68.393200150571,0,0,68.393200150571
2009-06-01,2009,"Q2","2008/09","Q4","June",1.8315804,3.75953312428277,8.66614801388042,2.1347789576446,0,0.05332314,0.0749793876,5.87477457762,12.9616998461453,0.642687414096,0,0.174053261666259,0,7.87068337980699,0,0,,,,,,0,0,0,44.0442415027423,0,0,44.0442415027423
2009-07-01,2009,"Q3","2009/10","Q1","July",8.70600354325297,13.1352006573405,10.7897354577072,0.6060566937276,11.6271015915573,5.6369511657279,1.655589837195,5.72592469140135,25.2291662836499,0,0,0,0.7471635468129,3.2981300077266,0,0,,,,,,0,0,0,87.1570234760991,0,0,87.1570234760991
2009-08-01,2009,"Q3","2009/10","Q1","August",0.621501,6.5046092672175,7.002609835421,1.60044167443114,2.1864038080076,0.3842870162375,0,1.26256990805416,25.7576824036514,0.0124701689646,0,0.170775638242608,0,0,0.0675119718712481,0,,,,,,0,0,0,45.5708626920988,0,0,45.5708626920988
2009-09-01,2009,"Q3","2009/10","Q1","September",0,15.276911285933,1.6297841807612,0.006266975646,14.3661400236804,1.106374620142,0.4270958205,13.197510171702,44.6115132078114,0.5571796,0,0,0,18.491831221377,0,0,,,,,,0,0,0,109.670607107553,0,0,109.670607107553
2009-10-01,2009,"Q4","2009/10","Q2","October",2.28598596287929,6.58185923077242,4.15091095365521,1.6546833758818,7.31809950738412,0.0838153850151167,0,3.35121784697487,28.6031694138855,0.194224247845474,0,0,0,3.73717051864395,0,0,,,,,,0,0,0,57.9611364429377,0,0,57.9611364429377
2009-11-01,2009,"Q4","2009/10","Q2","November",0.02810667375,7.65007674527748,6.29016060367168,0,1.35015500287408,-0.0494397328151625,0.0936889125,2.11041956143668,14.9443024124386,0,0,0.004587009156,0,11.9127111849146,2.74486339246084,0,,,,,,0,0,0,47.0796317656648,0,0,47.0796317656648
2009-12-01,2009,"Q4","2009/10","Q2","December",1.940266882182,8.63671625883904,17.7857547973466,4.6565086959504,15.796757332146,1.584844023216,0.738907128756,16.9876141305067,18.62670944994,0,0,0,0,0.569471617686,0.031666050852,0,,,,,,0,0,0,87.3552163674207,0,0,87.3552163674207
2010-01-01,2010,"Q1","2009/10","Q3","January",10.1054403225,35.6674770847701,6.60765975547393,0.3507710747652,0.5198677889904,1.4264555408757,0,3.03295504047955,35.7273647956298,0,0,0,0,34.1100553663719,0,0.15291477,,,,,,0,0,0,127.700961539857,0,0,127.700961539857
2010-02-01,2010,"Q1","2009/10","Q3","February",19.81066815,5.5204224784072,0.2494102924404,0.4240360064122,52.3892721116674,0.16471455,0,2.1177113502818,3.2184780636736,0.0460067104588,0,0,0,7.989485437024,0,0,,,,,,0,0,0,91.9302051503654,0,0,91.9302051503654
2010-03-01,2010,"Q1","2009/10","Q3","March",3.5945056214639,10.3473066815498,2.38179806671801,95.5568101947459,3.49383939203787,0,0.63248723824,6.6065218711191,44.2554720480259,0,0,0,0,13.734704322488,0,0.10426634075,,,,,,0,0,0,180.707711777138,0,0,180.707711777138
2010-04-01,2010,"Q2","2009/10","Q4","April",12.60458369388,7.10231606599314,0.28342181338614,0.262227148792684,3.53725567769,0,0,10.20375572116,1.14305490223274,0.22906751,0,0,0,7.10220277821,0,0,,,,,,0,0,0,42.4678853113447,0,0,42.4678853113447
2010-05-01,2010,"Q2","2009/10","Q4","May",0,0.30689054039,1.7105923935446,2.6671138235147,62.3391807742516,6.2759281429446,0.0060382372475,0.08915737,20.1482481708757,0.4117465008969,0,0.08692843575,0,20.656004271698,0,0,,,,,,0,0,0,114.697828661114,0,0,114.697828661114
2010-06-01,2010,"Q2","2009/10","Q4","June",0,1.1963825425872,1.4777427984,1.1993272150464,4.12209446976,0.18717902376,0,0.25691473152,23.8383714023328,0.3610549536,0,0,0,49.273144789973,0,0,,,,,,0,0,0,81.9122119269794,0,0,81.9122119269794
2010-07-01,2010,"Q3","2010/11","Q1","July",17.7762375,19.01444984437,3.69420706092778,4.116176911329,1.63300215068,0.183974532319,0.045146,0.712633831151,51.882628310547,0.45146,0,0,27.5657525725,15.295484980262,0,0,,,,,,0,0,0,142.371153694086,0,0,142.371153694086
2010-08-01,2010,"Q3","2010/11","Q1","August",0,2.53018973585,2.03301620903098,0.92062260283,7.2056888710707,0.2126360026,0.745452592440211,8.98504193280425,27.144536898969,0,0,0,13.6216790808,1.607738263509,0,0,,,,,,0,0,0,65.0066021899042,0,0,65.0066021899042
2010-09-01,2010,"Q3","2010/11","Q1","September",0,13.267812815806,6.04319993825885,0.040455861,7.53815077202843,2.607827237065,0.0096783387,5.270039218282,26.29239621521,0.110805046225,0,0.22513,24.8295584331,4.1331656952817,2.01462171120413,0,,,,,,0,0,0,92.3828412821611,0,0,92.3828412821611
2010-10-01,2010,"Q4","2010/11","Q2","October",17.565377715,7.5302776189302,8.87364679695568,1.9895159320578,10.0590887071386,0.22394087196,0.5831862579888,23.2828801636659,40.6462539330522,0.042238893,0,0,0,15.1648123537182,0,0,,,,,,0,0,0,125.961219243467,0,0,125.961219243467
2010-11-01,2010,"Q4","2010/11","Q2","November",14.3847960333163,18.1078451955373,7.71771655172682,3.96170208385,3.3953371139659,0.215763763855,3.86913243033491,6.7822657127175,30.599563819466,0.0205540526,0,0.647066632360801,0,9.1253539159487,0,0,,,,,,0,0,0,98.8270973056792,0,0,98.8270973056792
2010-12-01,2010,"Q4","2010/11","Q2","December",22.4500863500891,18.8755735165102,0.420295582215,18.191682973146,3.18119003270882,1.9592803882435,1.04199187613784,0.07847646366,13.5409339827965,0,0,0,0,9.32727533537724,0,0,,,,,,0,0,0,89.0667865008842,0,0,89.0667865008842
2011-01-01,2011,"Q1","2010/11","Q3","January",0,13.3747802403719,2.5838451944886,0.40003958374485,5.24027937505555,0.945160605719148,0.175537611368,0.466627,0.03208527252,0,0,0,0,7.1933268285767,0,0,,,,,,0,0,0,30.4116817118447,0,0,30.4116817118447
2011-02-01,2011,"Q1","2010/11","Q3","February",7.84955456708333,4.44806539436974,2.03427694524879,1.79599348133701,6.82040020152503,0.0189227719555556,0.0537940682944444,1.05386725,27.2063789158779,0.0327444985513,0,0,0,17.1313323382094,0,0,,,,,,0,0,0,68.4453304324525,0,0,68.4453304324525
2011-03-01,2011,"Q1","2010/11","Q3","March",0,14.6149730511318,2.66657085722,2.71048935178249,4.80410810718982,0,1.05869799001231,2.2836952127644,3.71895880558287,0.342217846229218,0,0,0.759290594978936,8.67090658955482,0,0,,,,,,0,0,0,41.6299084064467,0,0,41.6299084064467
2011-04-01,2011,"Q2","2010/11","Q4","April",17.4871015097482,13.835450267217,14.1153471559575,2.49816522818036,9.69950809413457,0.725555255229423,0,3.91201209220211,6.93803862852142,0,0,0,0,11.8089859855191,0,0,,,,,,0,0,0,81.0201642167097,0,0,81.0201642167097
2011-05-01,2011,"Q2","2010/11","Q4","May",19.795364752896,4.6611390476016,0.2924320153184,3.60094859083762,16.6648007811615,0.05960126816,0.673920531088,7.41749417653212,16.1080504007536,0,0,0,0,16.3785892051088,0,0,,,,,,0,0,0,85.6523407694576,0,0,85.6523407694576
2011-06-01,2011,"Q2","2010/11","Q4","June",28.8479685247256,1.4988085036512,12.5530912564688,1.02321921768,14.1546761212714,2.4571915311417,0.917696098132,7.1794369218696,9.5363287853696,0.1514204326904,0,0,0,20.68811196266,0,0,,,,,,0,0,0,99.0079493556603,0,0,99.0079493556603
2011-07-01,2011,"Q3","2011/12","Q1","July",15.9664095670283,56.4741326225431,3.79469545210864,1.37757749035556,0.320116954468093,6.25144941300147,2.46437896261998,4.41200944416674,4.06462186378294,0,0,0,0,50.4123201721093,0,0,,,,,,0,0,0,145.537711942184,0,0,145.537711942184
2011-08-01,2011,"Q3","2011/12","Q1","August",12.5141420665673,62.835146602013,16.7868013913514,0,3.65955198906017,3.72788900118619,1.02317011227273,3.810214189376,15.4720664359491,0,0,0,0,13.1262390815161,0.0354065728727273,0,,,,,,0,0,0,132.990627442165,0,0,132.990627442165
2011-09-01,2011,"Q3","2011/12","Q1","September",5.3466,37.50843346572,0.517722652188,1.63230635715,0.100788323244,1.847331227826,2.151258730152,0.290238774,4.87054738905,0,2.1105,0,0,9.252029367252,0,0,,,,,,0,0,0,65.627756286582,0,0,65.627756286582
2011-10-01,2011,"Q4","2011/12","Q2","October",12.47007163664,19.7208828295689,1.26527062171986,3.64354187166867,12.5342607577575,6.33735137933525,0,9.75967491596237,18.254177945202,0,0.561074,0,0,5.05175247429991,0,0,,,,,,0,0,0,89.5980584321545,0,0,89.5980584321545
2011-11-01,2011,"Q4","2011/12","Q2","November",16.6303237156,6.36804341099222,1.83742299389382,5.0702568912496,57.2883534616032,5.1947824313733,0,9.1870802778808,27.3526761435242,0,0,0,0,13.9046284493402,0,0,,,,,,0,0,0,142.833567775457,0,0,142.833567775457
2011-12-01,2011,"Q4","2011/12","Q2","December",12.4639742808,45.193983267505,9.05838256315188,4.42967243798268,13.5354407839031,7.00666210181196,0,5.5314357551208,30.3030421658345,0,16.1334108218556,0.40788798114708,2.89465971191712,27.2215627032056,0,0,,,,,,0,0,0,174.180114574235,0,0,174.180114574235
2012-01-01,2012,"Q1","2011/12","Q3","January",12.7985574054264,3.97809151625631,4.42233314835383,1.23736564029232,1.09236507713632,6.11210909415747,0,0.187995630519286,5.54617525243603,10.2696747307842,0,0,0,137.326531404382,0.156922551190476,0,,,,,,0,0,0,183.128121450935,0,0,183.128121450935
2012-02-01,2012,"Q1","2011/12","Q3","February",12.312264060965,25.999737531053,10.0459794197285,2.0753772501915,0.424290818886448,0.684859014942999,0,3.14764223581672,4.37816726899885,0,0.330571638571429,0,0,3.48043307396493,0,0,,,,,,0,0,0,62.8793223131193,0,0,62.8793223131193
2012-03-01,2012,"Q1","2011/12","Q3","March",14.39310661896,17.5787620367365,3.75528785729148,1.81497189571212,25.072490873827,1.69765731215796,0,1.33152212667462,9.27020931123,0,0.02599827924,0,0,5.12814374656452,0.1366761,0,,,,,,0,0,0,80.2048261583941,0,0,80.2048261583941
2012-04-01,2012,"Q2","2011/12","Q4","April",0,85.2136222025016,20.7644355225151,15.8225958760097,0,9.8951275996318,0,3.69129151718512,3.0251469790166,0,14.2562624539102,0,0,68.9256946067034,0,0,,,,,,0,0,0,221.594176757474,0,0,221.594176757474
2012-05-01,2012,"Q2","2011/12","Q4","May",18.7559890304942,12.2537922141088,0.708413703797685,14.404158487445,1.25195676428795,6.62865181229386,0.0111382361433691,0.204727131152962,26.3163624423488,1.57083487312095,0.350062881868564,1.71162038908853,0,14.6141756101823,0,0,,,,,,0,0,0,98.781883576333,0,0,98.781883576333
2012-06-01,2012,"Q2","2011/12","Q4","June",44.34467325696,150.744964136481,7.9521907934358,51.5156493915983,28.5139810198408,15.2118749669126,0.53443464622092,10.6108661910841,43.0038457980865,0,-0.00323712108,0,0,34.1113462890206,0.15899904,0,,,,,,0,0,0,386.69958840856,0,0,386.69958840856
2012-07-01,2012,"Q3","2012/13","Q1","July",2.47418022727273,3.27177577158027,0,4.56233438464269,6.31067575224037,15.1779688982107,0.715704327985058,6.33982902775504,2.06714874826418,0,0,0,0,15.7473022505195,0,0,,,,,,0,0,0,56.6669193884706,0,0,56.6669193884706
2012-08-01,2012,"Q3","2012/13","Q1","August",34.4058708764151,13.1785958600852,23.8488312448671,1.84868743267478,3.00023997545515,4.69633009237202,11.6154362653263,0.429661746112972,11.7820505753605,0,0,0,0,13.689362955815,0.206839164702888,0,,,,,,0,0,0,118.701906189187,0,0,118.701906189187
2012-09-01,2012,"Q3","2012/13","Q1","September",0,12.9567394137507,0,5.50790213595376,22.023943670431,12.8161362085288,1.1436040646788,5.23882734478512,13.8077325396796,0,0,0,0,18.2719114134188,0,0,,,,,,0,0,0,91.7667967912266,0,0,91.7667967912266
2012-10-01,2012,"Q4","2012/13","Q2","October",17.6891711598888,7.3833963658593,10.0214239963295,48.6888796643284,0.866409633995637,41.7082993544032,0.615630201521711,3.09944555635733,0.941073943292643,0,0,0,0,32.4068100360675,0,0,,,,,,0,0,0,163.420539912044,0,0,163.420539912044
2012-11-01,2012,"Q4","2012/13","Q2","November",1.74977176436364,138.337214156351,0,4.39036827364852,153.103427995736,8.00484939678639,0,1.94398839872675,13.5438118329886,0,0,0,0,8.77600711434927,0,0,,,,,,0,0,0,329.84943893295,0,0,329.84943893295
2012-12-01,2012,"Q4","2012/13","Q2","December",32.2777093232842,100.474032413997,5.23712390806964,4.72911759266575,175.416109613819,5.76000480553683,1.53358552671238,19.0162870161559,0.806815130695427,0,0,0,0,28.7612419064049,0,0,,,,,,0,0,0,374.012027237341,0,0,374.012027237341
2013-01-01,2013,"Q1","2012/13","Q3","January",51.0775019552143,19.1795001880554,0,1.92152716639836,0.332451821330143,7.85318382917252,0,7.29782175951963,11.1781851272292,0,0,0,0,6.33676321982658,0,0,,,,,,0,0,0,105.176935066746,0,0,105.176935066746
2013-02-01,2013,"Q1","2012/13","Q3","February",20.328333417449,43.2059616988652,0,45.5009861574328,58.5465162915252,0.404685248347264,1.73879093046762,15.2583274766076,13.0898168405345,0,0.410729950538938,0,0,21.783305310889,0,0,,,,,,0,0,0,220.267453322657,0,0,220.267453322657
2013-03-01,2013,"Q1","2012/13","Q3","March",22.1171918075789,28.1769444760198,0,0.131752287742105,0.37368751465007,17.429728353455,0,1.31405623516896,22.9796187752503,0,0.48089956827581,0,0,33.5120149746794,0,0,,,,,,0,0,0,126.51589399282,0,0,126.51589399282
2013-04-01,2013,"Q2","2012/13","Q4","April",1.29604167849111,22.1581736528652,16.3840522837339,7.83678950663485,0.390138243482261,0.0238077833008271,0,2.65914141124579,29.0174497729464,0,2.71051891562981,0.238384716942151,0,50.9451655792219,0,0,,,,,,0,0,0,133.659663544494,0,0,133.659663544494
2013-05-01,2013,"Q2","2012/13","Q4","May",16.9135339204394,22.3081277164945,5.71890702342656,0.248758926177124,2.05795848668503,1.40206319879846,0.42521079421614,1.56398310293058,1.59804392181126,0,0,0,0,15.6845334595072,0,0,,,,,,0,0,0,67.9211205504862,0,0,67.9211205504862
2013-06-01,2013,"Q2","2012/13","Q4","June",17.3359384952,104.222618599538,38.9317634984317,7.0145262918731,2.9588206045047,0,0,5.6701386755468,2.3736484542992,0,0,0,0,74.4692709757074,0,0,,,,,,0,0,0,252.976725595101,0,0,252.976725595101
2013-07-01,2013,"Q3","2013/14","Q1","July",36.9851881696794,23.1011849155216,7.10196667967569,7.42047619560897,7.45060075079916,2.70381255409212,0,8.63203312578908,6.0649271607798,0,0,0,0,32.6281260647058,0,0,,,,,,0,0,0,132.088315616652,0,0,132.088315616652
2013-08-01,2013,"Q3","2013/14","Q1","August",0.967076815541343,22.2013485827063,11.5214544077799,12.2367975436044,0.324474634383549,8.53042033382722,0,3.35239476655582,12.0078407046189,0,0.386830726216537,0,0,8.67688460494767,0,0,,,,,,0,0,0,80.2055231201816,0,0,80.2055231201816
2013-09-01,2013,"Q3","2013/14","Q1","September",0.367126117605491,11.1891759317687,15.4416380944496,6.32926825968643,2.78984565606182,1.19262542816963,0.149681307174508,5.56616130725148,4.85769463578365,0,0,0,31.3729557832862,11.129826903529,0,0,,,,,,0,0,0,90.3859994247665,0,0,90.3859994247665
2013-10-01,2013,"Q4","2013/14","Q2","October",54.55196162349,4.7174805482422,0,11.5098978820313,1.75061156632591,0,0,1.51868549253947,8.03625336043398,1.1100121322,0,0,0,53.0101009566269,0.14284328918,0,,,,,,0,0,0,136.34784685107,0,0,136.34784685107
2013-11-01,2013,"Q4","2013/14","Q2","November",18.3277730228547,91.5079394470404,7.65778954880542,30.9367476824575,2.33648931864245,42.4260596029936,0,0,24.7320684302145,0,0,0,0,50.2611598746884,0,0,,,,,,0,0,0,268.186026927697,0,0,268.186026927697
2013-12-01,2013,"Q4","2013/14","Q2","December",22.1118752411455,9.01716550878357,0.0577975570032493,7.80204781124134,25.2505723456787,99.3530849426144,0,5.0933089974118,37.4561287155054,3.15309335521268,0,0,0,22.859235485468,0,0,,,,,,0,0,0,232.154309960065,0,0,232.154309960065
2014-01-01,2014,"Q1","2013/14","Q3","January",15.7150908306325,2.92219115585886,0.0835121743601059,2.25259659103697,0,9.03981122040421,0,0,1.11549172972876,0,66.1611295015071,0,0,1.7352679023273,0,0,,,,,,0,0,0,99.0250911058558,0,0,99.0250911058558
2014-02-01,2014,"Q1","2013/14","Q3","February",17.582053369005,47.295078545147,9.87849909870573,28.3264499034462,0.121212386589775,0,0,0.571478341676371,0.528246133422027,0,0,0,0,4.85588539659758,0,0,,,,,,0,0,0,109.15890317459,0,0,109.15890317459
2014-03-01,2014,"Q1","2013/14","Q3","March",7.50242914310173,5.59589368584573,0.236910946064057,18.0379039142537,11.2743291498108,0.10035742122503,0,1.13693245114542,3.18904518049595,0,0,0,0,14.9100506496882,0,0,,,,,,0,0,0,61.9838525416306,0,0,61.9838525416306
2014-04-01,2014,"Q2","2013/14","Q4","April",16.8732424270091,19.8867607090979,1.29649871233321,14.8918677750773,0.43546337052952,0.894177666751294,0,0,3.29793669386276,0.0297126009804069,0,0,0,61.6320408787662,0.0807198463284905,0,,,,,,0,0,0,119.318420680736,0,0,119.318420680736
2014-05-01,2014,"Q2","2013/14","Q4","May",1.12703825869064,49.4829796284964,0,10.4077747088052,0.214888064409578,28.653533812249,0,1.93426763704268,34.2324285777873,0,1.64250332135934,0,0,26.461561776239,0,0,,,,,,0,0,0,154.156975785079,0,0,154.156975785079
2014-06-01,2014,"Q2","2013/14","Q4","June",26.450798532,7.8300660235905,16.2445973756427,29.489621976851,74.6210964701417,0.2485354104159,0,2.5216207640119,17.6452494010776,0,0.0661225,0,0,6.0259937621401,0,0,,,,,,0,0,0,181.143702215871,0,0,181.143702215871
2014-07-01,2014,"Q3","2014/15","Q1","July",3.16021842803935,9.8164477957648,0,10.2221285827174,9.848698606977,13.2084505219425,0.58353225489385,4.37949520290208,50.7356943475513,1.01628531372827,0.727956314898865,0,0,11.4410150073999,0,0,,,,,,0,0,0,115.139922376815,0,0,115.139922376815
2014-08-01,2014,"Q3","2014/15","Q1","August",0,92.2175336494762,12.0120407100326,21.6818590747543,3.71547317606659,12.9464328251777,0.235970376367257,3.9248831473346,10.2646836624447,0,0,0,0,17.0028569472212,0,0,,,,,,0,0,0,174.001733568875,0,0,174.001733568875
2014-09-01,2014,"Q3","2014/15","Q1","September",68.2383614891128,17.8734394289727,1.53493665600497,8.44368710510572,4.00161565591074,15.2743108070071,0.0737838849350555,0.130760281182737,16.3348258522329,0,0,0,0,47.3318863689092,0,0,,,,,,0,0,0,179.237607529374,0,0,179.237607529374
2014-10-01,2014,"Q4","2014/15","Q2","October",27.2980382399237,1.41195577510143,-0.661978259889324,7.05460896886963,11.1854820253592,47.4707120384667,0.17438649209769,0.0821706757074634,11.8814258803208,0,0,0,0,6.3457619486178,0,0,,,,,,0,0,0,112.242563784575,0,0,112.242563784575
2014-11-01,2014,"Q4","2014/15","Q2","November",18.7960444718435,23.6901892365192,0,5.74342239082558,5.66089354513026,0.462144754878177,0,0.32810667,6.90625115599377,0,0,0,0,32.2644989911162,0,0,,,,,,0,0,0,93.8515512163067,0,0,93.8515512163067
2014-12-01,2014,"Q4","2014/15","Q2","December",19.5815234888,108.637975409985,5.9219142570848,8.455759471796,17.9392162126008,73.3282464278312,0.2424067949056,16.0679709179288,34.6671423764432,0,1.3863706688,0,0,24.0409729608984,0,0,,,,,,0,0,0,310.269498987074,0,0,310.269498987074
2015-01-01,2015,"Q1","2014/15","Q3","January",21.5816684853,6.6555635982495,6.6978878873313,18.5143911813465,0.3287130818895,0.2058562885038,10.9338982516137,0.7069087628229,22.0129992609186,0,0,0,0,2.6016578358903,0,0,,,,,,0,0,0,90.2395446338661,0,0,90.2395446338661
2015-02-01,2015,"Q1","2014/15","Q3","February",0,16.8680408516037,0.6655249771797,2.8459969686159,20.7562184363853,2.0309481866916,0,3.3515219872992,23.1916443804309,0,0,0,0,29.5647870653553,0,0,,,,,,0,0,0,99.2746828535616,0,0,99.2746828535616
2015-03-01,2015,"Q1","2014/15","Q3","March",13.4684014413,67.9379207337753,3.5434292600109,7.7733444185865,6.572760472434,12.5872407232338,0,10.8112326876918,24.1978080718218,2.4938587595181,0.2745914457,0,0,11.058166881333,0,0,,,,,,0,0,0,160.718754895405,0,0,160.718754895405
2015-04-01,2015,"Q2","2014/15","Q4","April",17.809321289646,10.710550982789,0,-0.46667946374,61.9731400246973,14.7108494842286,0,3.9027031745479,5.0558813329405,0,60.4699786765597,0,0,6.1989753634355,0,0,,,,,,0,0,0,180.364720865104,0,0,180.364720865104
2015-05-01,2015,"Q2","2014/15","Q4","May",20.452537872,6.933572112504,0,1.569489461945,8.084507209237,17.286822485941,0,0.302777735963,2.507941561547,0,-0.17175954,0,0,4.417303019373,0,0,,,,,,0,0,0,61.38319191851,0,0,61.38319191851
2015-06-01,2015,"Q2","2014/15","Q4","June",4.5090328972,59.0405003443883,0,18.1324509925836,1.5229383837527,24.2550235190965,0,8.7436482373055,5.317705214874,0,0.3781177251,0,0,52.0932685496257,0,0,,,,,,0,0,0,173.992685863926,0,0,173.992685863926
2015-07-01,2015,"Q3","2015/16","Q1","July",0.922417090309224,18.9986283657017,0,13.1008283590117,40.8076558418576,45.3910035943109,0,0.954274759814917,10.0825106118664,0.885875063263348,0,0,0,5.11452087112065,0,0,,,,,,0,0,0,136.257714557256,0,0,136.257714557256
2015-08-01,2015,"Q3","2015/16","Q1","August",65.9543110217271,70.1519881778029,0,1.90889243940665,13.3713531333578,42.0082723454576,0,2.65254752323291,58.5565773424023,0,0,0,0,0.941072637092432,0,0,,,,,,0,0,0,255.54501462048,0,0,255.54501462048
2015-09-01,2015,"Q3","2015/16","Q1","September",8.10457089787537,6.94884142128762,14.3647166356236,21.3781933765237,32.2804226435857,7.77247144591182,0.105386985261313,5.06136842719063,4.74188767328408,0,59.9780666383707,0,12.0977841803822,3.89276075341655,0,0,,,,,,0,0,0,176.726471078713,0,0,176.726471078713
2015-10-01,2015,"Q4","2015/16","Q2","October",13.6528827056813,44.737282983902,0,4.54840494723663,10.6573328314609,25.1288829526205,0,9.66114053110164,12.9006345364527,0,0,0,0,32.8333403735694,0,0,,,,,,0,0,0,154.119901862025,0,0,154.119901862025
2015-11-01,2015,"Q4","2015/16","Q2","November",0,20.9550586150007,-2.11979419671784,13.049410277636,12.4356563550522,62.785770093582,0,45.2549450358936,26.2024572166803,0,0,0,0,10.2985878671295,0,0,,,,,,0,0,0,188.862091264256,0,0,188.862091264256
2015-12-01,2015,"Q4","2015/16","Q2","December",76.682016160152,2.983234788248,0,4.6919057373032,39.130923356148,15.4852416708912,0,0.4128687577456,35.2527321743168,0,0,0,0,8.0875582937344,0,0,,,,,,0,0,0,182.726480938539,0,0,182.726480938539
2016-01-01,2016,"Q1","2015/16","Q3","January",0,2.9938126015347,0,4.3001294485545,5.9896789626366,0,0,0.0575334340383,9.0610249457079,0,0,0,0,9.2629148882655,0,0,,,,,,0,0,0,31.6650942807375,0,0,31.6650942807375
2016-02-01,2016,"Q1","2015/16","Q3","February",0,7.4709509883558,13.72274174964,6.9457636398513,28.602996914778,56.2353131267994,0,2.7855428668749,3.5743804407597,1.06788,0,0,0,9.3925267692927,0,0,,,,,,0,0,0,129.798096496352,0,0,129.798096496352
2016-03-01,2016,"Q1","2015/16","Q3","March",15.412075671681,27.072129199479,5.0224177575,2.3650014234288,14.604391100286,0.713878956102,0,7.8584638537587,5.5979291077515,1.955304340821,0,0,0,5.5761977521497,0,0,,,,,,0,0,0,86.1777891629577,0,0,86.1777891629577
2016-04-01,2016,"Q2","2015/16","Q4","April",0.606981175,11.4721087404926,0,27.7804199229891,4.764646658719,11.7647231253664,0,13.5597304,2.5943437050459,0,29.577293301625,0,0,70.1508582384696,0,0,,,,,,0,0,0,172.271105267708,0,0,172.271105267708
2016-05-01,2016,"Q2","2015/16","Q4","May",3.46855707,3.996506448896,4.365983162,28.32032068451,0.6437638044,45.66000200192,0,14.392497139875,19.12720143189,0,0,0,0,50.584392477843,0,0,,,,,,0,0,0,170.559224221334,0,0,170.559224221334
2016-06-01,2016,"Q2","2015/16","Q4","June",47.828490074749,6.844072912169,0,4.876435600693,6.45343928885,5.80972080523529,0,6.02071391104,19.1502805900768,0,0,0,0,29.923014706314,0,0,,,,,,0,0,0,126.906167889127,0,0,126.906167889127
2022-07-01,2022,"Q3","2022/23","Q1","July",31.9725222564807,1.04558675991619,0,0,0,0.383488543860805,41.3235743561048,14.0648440266286,118.687473516464,0,0,74.6407240379215,0,0,0,0,3.47887221586297,0,0,0,0,0,,,285.597085713239,0,0,285.597085713239
2022-08-01,2022,"Q3","2022/23","Q1","August",7.46438038332016,1.51891871534274,0,0,0,0.748639236149674,40.051532766915,29.4771979525269,93.4147915308165,0,0,31.8978859859167,0,0,0,0,3.155722641984,1.0208101887828,0,0,0,0,,,245.458932078438,0,0,245.458932078438
2022-09-01,2022,"Q3","2022/23","Q1","September",18.9277562050259,0,0,0,0,1.20455506772901,47.3623602930364,116.122314765153,88.0163265542564,0,0,271.644542303045,0,0,0,0,0,1.84227167393792,0,0,0,0,,,545.120126862184,0,0,545.120126862184
2022-10-01,2022,"Q4","2022/23","Q2","October",12.5213361826559,1.43475134963862,0,0,0,4.25106102913256,-2.29969883278716,9.4544187455202,54.47091444916,0,0,156.351656609476,12.0149613275856,0,0,45.1027579047619,3.39891990849868,11.4780537401022,0,0,0,0,,,408.676797070454,0,0,408.676797070454
2022-11-01,2022,"Q4","2022/23","Q2","November",34.4799317887051,0,0,0,0,0,0,17.3746376700725,73.8835721859896,0,0,179.367984435548,0,0,0,0,0,1.01600212981591,0,0,0,0,,,306.122128210131,0,0,306.122128210131
2022-12-01,2022,"Q4","2022/23","Q2","December",21.4729663013939,3.809160044034,0,0,0,9.29498083865966,9.33787037857143,1.82037619742587,235.989021821414,0,0,130.384040423374,0,0,0,7.7508015,0,0,0,0,0,0,,,419.859217504873,0,0,419.859217504873
2023-01-01,2023,"Q1","2022/23","Q3","January",3.0261660876694,0,0,0,0,4.62195533073576,0,1.81318374243856,60.7598240203474,0,0,0.729137176052381,0,0,0,0,0,1.49574611467391,0,0,0,0,,,72.4460124719174,0,0,72.4460124719174
2023-02-01,2023,"Q1","2022/23","Q3","February",5.02281710944709,0,0,0,0,0,25.8000105263158,6.74473451383966,142.185263926814,0,0,2.04298360067316,0,0,0,0,2.99511385839849,0,0,0,0,0,,,184.790923535488,0,0,184.790923535488
2023-03-01,2023,"Q1","2022/23","Q3","March",100.846282845864,2.7593611178643,0,0,0,23.2003378193526,0,4.30378666122855,76.2841087355666,0,0,2.44430147722265,24.923322325806,0,0,0,3.57429117221802,4.36694647689111,0,0,0,0,,,242.702738632014,0,0,242.702738632014
2023-04-01,2023,"Q2","2022/23","Q4","April",1.39251589542055,0,0,0,0,2.94189569509673,0,5.43423747282162,5.94797031065523,0,0,28.0811630196275,0,0,0,0,0,0,0,0,0,0,,,43.7977823936217,0,0,43.7977823936217
2023-05-01,2023,"Q2","2022/23","Q4","May",43.7123686594187,0.920966603881322,0,0,0,2.38218281298809,1.86477727272727,16.1221242480011,66.966340510775,0,0,64.7736797159037,0,0,0,0,0,0,0,0,0,0,,,196.742439823695,0,0,196.742439823695
2023-06-01,2023,"Q2","2022/23","Q4","June",37.4667843588382,0,0,0,0,4.0910320124772,55.9875988,43.1261893754121,108.011666024132,0,0,76.5445471349233,0,0,0,48.69523259524,0,1.14532936651625,0,0,0,0,,,375.068379667539,0,0,375.068379667539
2023-07-01,2023,"Q3","2023/24","Q1","July",21.8299389418368,0.875326017740923,0,0,0,2.09580490216104,0,17.9758984139622,51.0783279144432,0,0,4.26918902195283,0,0,0,6.4853312553435,2.51684979733319,0,0,0,0,0,,,115.689451095087,0,0,115.689451095087
2023-08-01,2023,"Q3","2023/24","Q1","August",30.5388094389906,0,0,0,0,1.74704100829213,0,9.38236261215832,95.2567879521627,269.492533159945,0,4.594460780833,5.86784854940909,0,0,0,10.2660313695165,0,0,0,0,0,,,460.180851614349,0,0,460.180851614349
2023-09-01,2023,"Q3","2023/24","Q1","September",22.5429739218521,1.63766788452498,0,0,0,0.143866421122647,0,54.9645854159434,69.668835360959,42.568597383,13.5419264608253,109.049947461106,0,0,0,0,4.17449766067595,0,0,0,0,0,,,368.982749930443,0,0,368.982749930443
2023-10-01,2023,"Q4","2023/24","Q2","October",4.82809445224037,0,0,0,0,0.89148821722561,0,3.70138555779576,76.4860855047355,0,0,17.4401119058251,0,0,0,0,0,0,0,0,0,0,,,106.82414778051,0,0,106.82414778051
2023-11-01,2023,"Q4","2023/24","Q2","November",7.62170149066115,5.14884391059275,0,0,0,2.9363184054394,21.7644203574053,12.0936424327066,202.330351372903,0,0,28.4613404058116,3.21887248619222,0,0,0,0,0,0,0,0,0,,,285.245094700602,0,0,285.245094700602
2023-12-01,2023,"Q4","2023/24","Q2","December",41.0094157676619,0,0,0,0,55.064806904469,0,96.690627752944,156.23782015301,18.903287037037,11.5194362809259,141.129913180579,38.6242025606891,0,0,83.65089097483,7.34064993694801,0,0,0,0,0,,,723.318022411895,0,0,723.318022411895
2024-01-01,2024,"Q1","2023/24","Q3","January",7.35190595280632,1.52216044575257,0,0,0,0.373160408545614,0,58.1515109744257,273.348875379782,0,0,39.0695748870177,0,0,0,0,0,0,0,0,0,0,,,385.09375374131,0,0,385.09375374131
2024-02-01,2024,"Q1","2023/24","Q3","February",4.22793418901849,5.23529400546642,0,0,0,0,42.7585866042993,40.7647204953521,55.9332347843501,0,9.01573675865713,5.32027088019115,0,0,0,0,4.46582045437413,0,0,0,0,0,,,168.832155775652,0,0,168.832155775652
2024-03-01,2024,"Q1","2023/24","Q3","March",5.9925228299034,0,0,0,0,11.9986573583761,0,5.8532093695388,53.0706295627612,0,20.0323292578466,179.499809618311,49.6440990289239,0,0,0,0,1.11271044521944,0,0,0,0,,,378.778917824926,0,0,378.778917824926
2024-04-01,2024,"Q2","2023/24","Q4","April",35.591701090465,0,0,0,0,16.197685667525,29.434205975075,2.86798945464062,76.2544865027503,11.4680625,28.310823625,24.0094807006142,0,0,0,6.75194114117875,4.41721498202229,4.05854583251204,0,0,0,0,,,244.197403360706,0,0,244.197403360706
2024-05-01,2024,"Q2","2023/24","Q4","May",26.4320614898876,0,0,0,0,0.000341226071428571,0,7.61425921061441,117.70081720933,0,23.2926380523967,26.3906753171042,0,0,0,2.00095635572254,0,0,0,0,0,0,,,205.83515630694,0,0,205.83515630694
2024-06-01,2024,"Q2","2023/24","Q4","June",7.86299705892427,4.18296362187231,0,0,0,0.141935954834472,53.7993190763797,13.0339702610382,270.053845603531,29.9775209356725,0,74.8530043810843,0,0,0,0,0,0,0,0,0,0,,,453.905556893336,0,0,453.905556893336
2024-07-01,2024,"Q3","2024/25","Q1","July",0,0,0,0,0,0,0,10.868039413768,78.4770706897662,0,0,24.7827332838459,0,0,0,0,0,0,0,0,0,0,,,133.866354076287,0,0,133.866354076287
2024-08-01,2024,"Q3","2024/25","Q1","August",0,0,0,0,0,24.3729087750632,0,75.7791956983238,87.0296557786233,0,76.8995803857188,23.1415747218678,0,0,0,0,0,0,0,0,0,0,,,765.263778628473,0,0,765.263778628473
2024-09-01,2024,"Q3","2024/25","Q1","September",0,0,0,0,0,35.5941217372232,0,6.26107950507047,83.5555895514756,0,0,22.5177955308881,0,0,0,0,0,0,0,0,0,0,,,242.394563100884,0,0,242.394563100884
2024-10-01,2024,"Q4","2024/25","Q2","October",0,3.37166594542045,0,0,0,16.9952610115094,0,24.4577597138032,148.929472037885,0,0,61.6783748808519,0,0,0,0,0,0,0,0,0,0,,,409.702321044792,0,0,409.702321044792
2024-11-01,2024,"Q4","2024/25","Q2","November",0,0,0,0,0,128.325051388947,0,1.63588511515332,216.463951009339,0,162.659989685424,88.8147447697604,0,0,0,0,0,0,0,0,0,0,,,616.292859703112,0,0,616.292859703112
2024-12-01,2024,"Q4","2024/25","Q2","December",0,0,0,0,0,145.269878922846,0,17.243250190413,55.8828062243397,0,25.4176459830033,11.7369253023864,0,0,0,0,0,0,0,0,0,0,,,340.767081110151,0,0,340.767081110151
2025-01-01,2025,"Q1","2024/25","Q3","January",0,0,0,0,0,8.89103425634428,0,10.1852073336643,41.4718771439872,0,0,1.93329684708635,0,0,0,0,0,0,0,0,0,0,,,131.638139284748,0,0,131.638139284748
2025-02-01,2025,"Q1","2024/25","Q3","February",0,1.82603985724452,0,0,0,6.06752157671862,0,5.0681401853851,29.1769202541951,0,0,19.7581901935176,0,0,0,0,0,0,0,0,0,0,,,92.3487187686484,0,0,92.3487187686484
2025-03-01,2025,"Q1","2024/25","Q3","March",0,2.82097773160274,0,0,0,13.962797691512,0,62.901192986392,166.314590222503,0,0,69.5658379652001,0,0,0,0,0,0,0,0,0,0,,,333.141121006762,0,0,333.141121006762
2025-04-01,2025,"Q2","2024/25","Q4","April",0,0,0,0,0,0.4552333217656,0,14.8283698796037,28.5180405841471,0,0,7.203487150407,0,0,0,0,0,1.70940305485749,0,0,0,0,,,58.9019352260486,0,0,58.9019352260486
2025-05-01,2025,"Q2","2024/25","Q4","May",0,0,0,0,0,225.490142866385,0,50.0963699421175,612.062620199841,0,0,60.0995468946257,0,0,0,0,0,0,0,0,0,0,,,958.21615442245,0,0,958.21615442245
2025-06-01,2025,"Q2","2024/25","Q4","June",0,0,0,0,0,0,0,0,0,0,0,0,0,0,0,0,0,0,0,0,0,0,,,372.803863289824,0,0,372.803863289824
2025-07-01,2025,"Q3","2025/26","Q1","July",5.83106851590007,3.25689485457957,0,0,0,43.4293588900487,183.41088701543,26.4378013411777,46.0489360854182,0,0,31.9639466156308,0,0,0,0,0,0,0,0,0,0,,,354.163701164203,0,0,354.163701164203
2025-08-01,2025,"Q3","2025/26","Q1","August",1.1594473818385,0,0,0,0,11.2358450364708,0,37.4188496082788,35.726016203753,0,0,2.88139913627551,0,0,0,0,0,0,0,0,0,0,,,88.4215573666167,0,0,88.4215573666167
2025-09-01,2025,"Q3","2025/26","Q1","September",46.0769090435628,0,0,0,0,62.3818379329112,4.79600658652032,40.1344858303154,138.598118527973,0,0,12.4164132667174,0,0,0,0,0,0,0,0,0,0,,,304.403771188,0,0,304.403771188
2025-10-01,2025,"Q4","2025/26","Q2","October",9.24031890988494,0,0,0,0,71.8121400970512,0,10.771555114534,50.1722188263783,0,88.1149684651585,25.1276601262298,0,0,0,0,0,0,0,0,0,0,,,269.099305317464,0,0,269.099305317464
2025-11-01,2025,"Q4","2025/26","Q2","November",15.4425589346238,0,0,0,0,7.28338491765534,0,10.6859825254076,43.984364550391,0,21.593710810628,37.5867189992949,0,0,0,0,0,0,0,0,0,0,,,136.576720738001,0,0,136.576720738001
2025-12-01,2025,"Q4","2025/26","Q2","December",24.6135866405619,0,0,0,0,117.012594307918,50.738550233533,67.2290310148353,100.705495393683,0,17.3349834289408,95.6062783600922,0,0,0,0,0,0,0,0,0,0,,,473.240519379564,0,0,473.240519379564
2026-01-01,2026,"Q1","2025/26","Q3","January",1.95671129536722,0,0,0,0,7.06493755045453,0,2.61853690238868,62.9072144374722,0,4.30642621226236,14.334172663187,0,0,0,0,0,0,0,0,0,0,,,93.187999061132,0,0,93.187999061132
2026-02-01,2026,"Q1","2025/26","Q3","February",18.754397584971,0,0,0,0,35.4647566776237,24.4423698912141,7.3640788641613,12.5179619363782,0,0.417054639244969,2.79009297848549,0,0,0,0,0,0,0,0,0,0,,,101.750712572079,0,0,101.750712572079
