"Date","Year","Quarter","FY","QFY","Month","EXP_NDPD_AGRO","EXP_NDPD_MID","EXP_NDPD_SPD","EXP_NDPD_MAN","EXP_NDPD_TOD","EXP_NDPD_NECLW","EXP_NDPD_PED","EXP_NDPD_SED","EXP_NDPD_ITIS","EXP_NDPD_SUD","EXP_NDPD_DIT","EXP_NDPD_HCD","EXP_NDPD_TTD","EXP_NDPD_PST","EXP_NDPD_CMC","EXP_NDPD_GOS","EXP_NDPD_DPI","EXP_NDPD_RBD","EXP_NDPD_ADJ","EXP_NDPD_LEG","EXP_NDPD_LGOV","EXP_NDPD_I","EXP_NDPD_I_DOM","EXP_NDPD_I_EXT","EXP_NDPD_CEN_TOT","EXP_NDPD_LGP_TOT","EXP_NDPD_I_TOT","EXP_NDPD"
1997-07-01,1997,"Q3","1997/98","Q1","July",,,,,,,,,,,,,,,,,,,,,,3.99932,1.36078,2.63854,23.1166039418333,16.4191860581667,3.99932,43.53511
1997-08-01,1997,"Q3","1997/98","Q1","August",,,,,,,,,,,,,,,,,,,,,,7.43515,1.12247,6.31268,42.6309539418333,13.7114660581667,7.43515,63.77757
1997-09-01,1997,"Q3","1997/98","Q1","September",,,,,,,,,,,,,,,,,,,,,,8.66558,2.92953,5.73605,44.0485139418333,16.7237260581667,8.66558,69.43782
1997-10-01,1997,"Q4","1997/98","Q2","October",,,,,,,,,,,,,,,,,,,,,,8.39196,5.82332,2.56864,40.8214439418333,13.6466560581667,8.39196,62.86006
1997-11-01,1997,"Q4","1997/98","Q2","November",,,,,,,,,,,,,,,,,,,,,,2.96428,0.86976,2.09452,45.6422039418333,17.2159760581667,2.96428,65.82246
1997-12-01,1997,"Q4","1997/98","Q2","December",,,,,,,,,,,,,,,,,,,,,,5.69968,2.99241,2.70727,46.3725139418333,17.4741960581667,5.69968,69.54639
1998-01-01,1998,"Q1","1997/98","Q3","January",,,,,,,,,,,,,,,,,,,,,,3.43143,0.93851,2.49292,31.6711939418333,18.8991660581667,3.43143,54.00179
1998-02-01,1998,"Q1","1997/98","Q3","February",,,,,,,,,,,,,,,,,,,,,,4.95927,1.01952,3.93975,41.9963539418333,16.2879760581667,4.95927,63.2436
1998-03-01,1998,"Q1","1997/98","Q3","March",,,,,,,,,,,,,,,,,,,,,,7.756,2.71541,5.04059,48.6720939418333,15.1263360581667,7.756,71.55443
1998-04-01,1998,"Q2","1997/98","Q4","April",,,,,,,,,,,,,,,,,,,,,,8.47066,5.85426,2.6164,50.9857339418333,19.8738160581667,8.47066,79.33021
1998-05-01,1998,"Q2","1997/98","Q4","May",,,,,,,,,,,,,,,,,,,,,,3.55925,1.35872,2.20053,42.8369739418333,24.5588160581667,3.55925,70.95504
1998-06-01,1998,"Q2","1997/98","Q4","June",,,,,,,,,,,,,,,,,,,,,,5.00996,2.76866,2.2413,82.7050939418333,27.5853960581667,5.00996,115.30045
1998-07-01,1998,"Q3","1998/99","Q1","July",,,,,,,,,,,,,,,,,,,,,,4.983868708,1.64191,3.341958708,24.71410464025,18.21324747175,4.983868708,47.91122082
1998-08-01,1998,"Q3","1998/99","Q1","August",,,,,,,,,,,,,,,,,,,,,,6.328263916,1.557334,4.770929916,53.15339352825,22.02861747175,6.328263916,81.510274916
1998-09-01,1998,"Q3","1998/99","Q1","September",,,,,,,,,,,,,,,,,,,,,,8.09266716,2.697624,5.39504316,52.45144752825,22.47369747175,8.09266716,83.01781216
1998-10-01,1998,"Q4","1998/99","Q2","October",,,,,,,,,,,,,,,,,,,,,,5.21546968,1.178278,4.03719168,44.3482141949167,22.47656747175,5.21546968,72.0402513466667
1998-11-01,1998,"Q4","1998/99","Q2","November",,,,,,,,,,,,,,,,,,,,,,3.3123894,1.119201,2.1931884,63.7557701949167,23.49815747175,3.3123894,90.5663170666667
1998-12-01,1998,"Q4","1998/99","Q2","December",,,,,,,,,,,,,,,,,,,,,,5.9004748,2.702524,3.1979508,60.3869101949167,25.77306747175,5.9004748,92.0604524666667
1999-01-01,1999,"Q1","1998/99","Q3","January",,,,,,,,,,,,,,,,,,,,,,3.84756044,1.218683,2.62887744,44.24397852825,21.53599747175,3.84756044,69.62753644
1999-02-01,1999,"Q1","1998/99","Q3","February",,,,,,,,,,,,,,,,,,,,,,8.019734,1.133004,6.88673,46.11357452825,26.03019747175,8.019734,80.163506
1999-03-01,1999,"Q1","1998/99","Q3","March",,,,,,,,,,,,,,,,,,,,,,8.73460514,2.574636,6.15996914,52.05342852825,28.75910747175,8.73460514,89.54714114
1999-04-01,1999,"Q2","1998/99","Q4","April",,,,,,,,,,,,,,,,,,,,,,4.6258096,1.697355,2.9284546,53.35925452825,20.53144747175,4.6258096,78.5165116
1999-05-01,1999,"Q2","1998/99","Q4","May",,,,,,,,,,,,,,,,,,,,,,3.6694187,0.920083,2.7493357,61.53639452825,20.58171747175,3.6694187,85.7875307
1999-06-01,1999,"Q2","1998/99","Q4","June",,,,,,,,,,,,,,,,,,,,,,6.110302,2.98408,3.126222,106.37425652825,25.22078747175,6.110302,137.705346
1999-07-01,1999,"Q3","1999/00","Q1","July",,,,,,,,,,,,,,,,,,,,,,5.4053873,0.852771,4.5526163,28.324272,27.159553,5.4053873,60.8892123
1999-08-01,1999,"Q3","1999/00","Q1","August",,,,,,,,,,,,,,,,,,,,,,11.575802,1.171028,10.404774,54.767413,27.183903,11.575802,93.527118
1999-09-01,1999,"Q3","1999/00","Q1","September",,,,,,,,,,,,,,,,,,,,,,11.8938783,4.897946,6.9959323,47.855479,24.129633,11.8938783,83.8789903
1999-10-01,1999,"Q4","1999/00","Q2","October",,,,,,,,,,,,,,,,,,,,,,6.867931,2.510389,4.357542,38.508036,27.507063,6.867931,72.88303
1999-11-01,1999,"Q4","1999/00","Q2","November",,,,,,,,,,,,,,,,,,,,,,5.317786,1.258228,4.059558,75.835541,28.253263,5.317786,109.40659
1999-12-01,1999,"Q4","1999/00","Q2","December",,,,,,,,,,,,,,,,,,,,,,7.9204665,1.685216,6.2352505,68.547641,30.473643,7.9204665,106.9417505
2000-01-01,2000,"Q1","1999/00","Q3","January",,,,,,,,,,,,,,,,,,,,,,6.5108435,1.613186,4.8976575,48.341517,24.054163,6.5108435,78.9065235
2000-02-01,2000,"Q1","1999/00","Q3","February",,,,,,,,,,,,,,,,,,,,,,8.4422299,1.711155,6.7310749,60.076139,26.767453,8.4422299,95.2858219
2000-03-01,2000,"Q1","1999/00","Q3","March",,,,,,,,,,,,,,,,,,,,,,8.634933,2.14116,6.493773,65.544765166,28.355593,8.634933,102.535291166
2000-04-01,2000,"Q2","1999/00","Q4","April",,,,,,,,,,,,,,,,,,,,,,10.846153,7.107796,3.738357,59.337055,27.198233,10.846153,97.381441
2000-05-01,2000,"Q2","1999/00","Q4","May",,,,,,,,,,,,,,,,,,,,,,6.681397,2.24244,4.438957,83.9449295,27.924753,6.681397,118.5510795
2000-06-01,2000,"Q2","1999/00","Q4","June",,,,,,,,,,,,,,,,,,,,,,5.2544948,2.373846,2.8806488,184.614422942,30.051353,5.2544948,219.920270742
2000-07-01,2000,"Q3","2000/01","Q1","July",,,,,,,,,,,,,,,,,,,,,,4.4348618,2.295659,2.1392028,29.5236393982778,33.3445022683889,4.4348618,67.3030034666667
2000-08-01,2000,"Q3","2000/01","Q1","August",,,,,,,,,,,,,,,,,,,,,,10.572477,3.230283,7.342194,66.2763630982746,41.829579568392,10.572477,118.678419666667
2000-09-01,2000,"Q3","2000/01","Q1","September",,,,,,,,,,,,,,,,,,,,,,20.02133,13.25798,6.76335,59.0116750982746,29.045979568392,20.02133,108.078984666667
2000-10-01,2000,"Q4","2000/01","Q2","October",,,,,,,,,,,,,,,,,,,,,,8.3085788,3.340254,4.9683248,65.9691093023675,43.4903983642992,8.3085788,117.768086466667
2000-11-01,2000,"Q4","2000/01","Q2","November",,,,,,,,,,,,,,,,,,,,,,5.8182712,2.265772,3.5524992,64.1613015578609,46.8560188088058,5.8182712,116.835591566667
2000-12-01,2000,"Q4","2000/01","Q2","December",,,,,,,,,,,,,,,,,,,,,,4.292412,1.973641,2.318771,84.0204215068659,24.8001631598007,4.292412,113.112996666667
2001-01-01,2001,"Q1","2000/01","Q3","January",,,,,,,,,,,,,,,,,,,,,,4.859662,2.02248,2.837182,59.2098949515282,38.8698477151385,4.859662,102.939404666667
2001-02-01,2001,"Q1","2000/01","Q3","February",,,,,,,,,,,,,,,,,,,,,,12.7382988,3.082245,9.6560538,70.4939364455282,51.9707077151385,12.7382988,135.202942960667
2001-03-01,2001,"Q1","2000/01","Q3","March",,,,,,,,,,,,,,,,,,,,,,18.72193,11.21567,7.50626,76.8014997640379,38.9823249026287,18.72193,134.505754666667
2001-04-01,2001,"Q2","2000/01","Q4","April",,,,,,,,,,,,,,,,,,,,,,6.72199124,2.695438,4.02655324,65.7352312015671,32.0207164650995,6.72199124,104.477938906667
2001-05-01,2001,"Q2","2000/01","Q4","May",,,,,,,,,,,,,,,,,,,,,,10.87155108,7.092261,3.77929008,90.5403147409794,37.8391865090206,10.87155108,139.25105233
2001-06-01,2001,"Q2","2000/01","Q4","June",,,,,,,,,,,,,,,,,,,,,,8.8328812,6.358188,2.4746932,169.148724469104,27.6002357808955,8.8328812,205.58184145
2001-07-01,2001,"Q3","2001/02","Q1","July",,,,,,,,,,,,,,,,,,,,,,11.00441,8.295,2.70941,36.232759805815,35.7731643275183,11.00441,83.0103341333333
2001-08-01,2001,"Q3","2001/02","Q1","August",,,,,,,,,,,,,,,,,,,,,,16.13954,10.275,5.86454,69.8614321186796,53.9215502146538,16.13954,139.922522333333
2001-09-01,2001,"Q3","2001/02","Q1","September",,,,,,,,,,,,,,,,,,,,,,14.948491,8.305,6.643491,80.9070241723762,36.0940431609572,14.948491,131.949558333333
2001-10-01,2001,"Q4","2001/02","Q2","October",,,,,,,,,,,,,,,,,,,,,,11.8405791,7.6875,4.1530791,84.1208451460366,52.6921051872968,11.8405791,148.653529433333
2001-11-01,2001,"Q4","2001/02","Q2","November",,,,,,,,,,,,,,,,,,,,,,14.8073816,9.2675,5.5398816,81.8306026771466,78.7971396561867,14.8073816,175.435123933333
2001-12-01,2001,"Q4","2001/02","Q2","December",,,,,,,,,,,,,,,,,,,,,,8.95231,7.1875,1.76481,103.719236529826,39.8792556035075,8.95231,152.550802133333
2002-01-01,2002,"Q1","2001/02","Q3","January",,,,,,,,,,,,,,,,,,,,,,12.34724,8.8175,3.52974,87.6800069821056,41.7298476845611,12.34724,141.757094666667
2002-02-01,2002,"Q1","2001/02","Q3","February",,,,,,,,,,,,,,,,,,,,,,13.47687,6.7375,6.73937,74.8556851442128,58.0714635224539,13.47687,146.404018666667
2002-03-01,2002,"Q1","2001/02","Q3","March",,,,,,,,,,,,,,,,,,,,,,12.21961,6.3575,5.86211,109.970351765285,49.6476519013822,12.21961,171.837613666667
2002-04-01,2002,"Q2","2001/02","Q4","April",,,,,,,,,,,,,,,,,,,,,,9.1733,5.9892,3.1841,88.4586514355987,63.7124052310679,9.1733,161.344356666667
2002-05-01,2002,"Q2","2001/02","Q4","May",,,,,,,,,,,,,,,,,,,,,,11.04178,6.9792,4.06258,130.765693991919,55.264146674748,11.04178,197.071620666667
2002-06-01,2002,"Q2","2001/02","Q4","June",,,,,,,,,,,,,,,,,,,,,,7.48363,5.3192,2.16443,187.920605816667,29.6543079166667,7.48363,225.058543733333
2002-07-01,2002,"Q3","2002/03","Q1","July",,,,,,,,,,,,,,,,,,,,,,11.0886127,6.239,4.8496127,57.6674460818997,42.5026935481003,11.0886127,111.25875233
2002-08-01,2002,"Q3","2002/03","Q1","August",,,,,,,,,,,,,,,,,,,,,,14.993464,8.059,6.934464,86.2000611218997,59.4373398781003,14.993464,160.630865
2002-09-01,2002,"Q3","2002/03","Q1","September",,,,,,,,,,,,,,,,,,,,,,11.4164368,6.739,4.6774368,83.3712709618997,46.3248568781003,11.4164368,141.11256464
2002-10-01,2002,"Q4","2002/03","Q2","October",,,,,,,,,,,,,,,,,,,,,,13.6401653333333,9.41933333333333,4.220832,102.80447430486,58.8202459321396,13.6401653333333,175.264885570333
2002-11-01,2002,"Q4","2002/03","Q2","November",,,,,,,,,,,,,,,,,,,,,,12.4037909333333,8.40933333333333,3.9944576,81.5945114278604,69.2824952721396,12.4037909333333,163.280797633333
2002-12-01,2002,"Q4","2002/03","Q2","December",,,,,,,,,,,,,,,,,,,,,,12.6272515333333,9.26933333333333,3.3579182,104.552239007079,35.8203106729208,12.6272515333333,152.999801213333
2003-01-01,2003,"Q1","2002/03","Q3","January",,,,,,,,,,,,,,,,,,,,,,13.4984195666667,12.7326666666667,0.7657529,72.9659875018591,60.6697814381409,13.4984195666667,147.134188506667
2003-02-01,2003,"Q1","2002/03","Q3","February",,,,,,,,,,,,,,,,,,,,,,14.8530362666667,10.4826666666667,4.3703696,97.287901725615,64.794734789385,14.8530362666667,176.935672781667
2003-03-01,2003,"Q1","2002/03","Q3","March",,,,,,,,,,,,,,,,,,,,,,19.6910261666667,10.5326666666667,9.1583595,97.1336179662573,36.1467043337427,19.6910261666667,152.971348466667
2003-04-01,2003,"Q2","2002/03","Q4","April",,,,,,,,,,,,,,,,,,,,,,16.4562329,10.665,5.7912329,109.585488212256,55.7192780777435,16.4562329,181.76099919
2003-05-01,2003,"Q2","2002/03","Q4","May",,,,,,,,,,,,,,,,,,,,,,18.150356,13.835,4.315356,149.549784382256,55.8785210777435,18.150356,223.57866146
2003-06-01,2003,"Q2","2002/03","Q4","June",,,,,,,,,,,,,,,,,,,,,,15.5017432,11.825,3.6767432,187.606607392256,56.4033960777435,15.5017432,259.51174667
2003-07-01,2003,"Q3","2003/04","Q1","July",,,,,,,,,,,,,,,,,,,,,,19.3498212,16.177326,3.1724952,37.165538868357,46.5072193649763,19.3498212,103.022579433333
2003-08-01,2003,"Q3","2003/04","Q1","August",,,,,,,,,,,,,,,,,,,,,,19.9862027,13.730929,6.2552737,87.5584645452968,67.3662823880365,19.9862027,174.910949633333
2003-09-01,2003,"Q3","2003/04","Q1","September",,,,,,,,,,,,,,,,,,,,,,22.587802,14.374376,8.213426,89.0788863877241,45.1502109456092,22.587802,156.816899333333
2003-10-01,2003,"Q4","2003/04","Q2","October",,,,,,,,,,,,,,,,,,,,,,21.2378063,15.1071895,6.1306168,104.546016706337,75.0987296269963,21.2378063,200.882552633333
2003-11-01,2003,"Q4","2003/04","Q2","November",,,,,,,,,,,,,,,,,,,,,,23.7573665,19.709662,4.0477045,108.872944240881,62.3731770924526,23.7573665,195.003487833333
2003-12-01,2003,"Q4","2003/04","Q2","December",,,,,,,,,,,,,,,,,,,,,,21.0048864,16.57626,4.4286264,136.398874921483,41.6732755118509,21.0048864,199.077036833333
2004-01-01,2004,"Q1","2003/04","Q3","January",,,,,,,,,,,,,,,,,,,,,,27.6884302,20.672291,7.0161392,89.0422518790552,63.5055779542782,27.6884302,180.236260033333
2004-02-01,2004,"Q1","2003/04","Q3","February",,,,,,,,,,,,,,,,,,,,,,20.5556433,16.8441739,3.7114694,102.018552821483,51.8326565118509,20.5556433,174.406852633333
2004-03-01,2004,"Q1","2003/04","Q3","March",,,,,,,,,,,,,,,,,,,,,,26.332388,16.390874,9.941514,101.573805321482,47.4709815118509,26.332388,175.377174833333
2004-04-01,2004,"Q2","2003/04","Q4","April",,,,,,,,,,,,,,,,,,,,,,26.5550706,18.265941,8.2891296,119.784383903492,77.0636701298419,26.5550706,223.403124633333
2004-05-01,2004,"Q2","2003/04","Q4","May",,,,,,,,,,,,,,,,,,,,,,17.3537659,13.772593,3.5811729,126.126903592467,81.9909394408665,17.3537659,225.471608933333
2004-06-01,2004,"Q2","2003/04","Q4","June",,,,,,,,,,,,,,,,,,,,,,16.0108169,11.9683846,4.04243230000001,250.359990561441,62.92730485539,16.0108169,329.298112316831
2004-07-01,2004,"Q3","2004/05","Q1","July",,,,,,,,,,,,,,,,,,,,,,18.8079466719969,16.8019761898749,2.005970482122,57.26592429075,52.7854788565833,18.8079466719969,128.85934981933
2004-08-01,2004,"Q3","2004/05","Q1","August",,,,,,,,,,,,,,,,,,,,,,21.5373901176916,14.2897667324852,7.2476233852064,95.45262568175,57.2454984035833,21.5373901176916,174.235514203025
2004-09-01,2004,"Q3","2004/05","Q1","September",,,,,,,,,,,,,,,,,,,,,,22.2139148049891,14.9366150329853,7.2772997720038,89.16753265175,43.0764306655833,22.2139148049891,154.457878122322
2004-10-01,2004,"Q4","2004/05","Q2","October",,,,,,,,,,,,,,,,,,,,,,20.4958760063111,12.5740483411079,7.9218276652032,89.00611515275,84.18911037425,20.4958760063111,193.691101533311
2004-11-01,2004,"Q4","2004/05","Q2","November",,,,,,,,,,,,,,,,,,,,,,15.470512260898,12.2389178350767,3.2315944258213,143.60162244475,82.3301276595834,15.470512260898,241.402262365231
2004-12-01,2004,"Q4","2004/05","Q2","December",,,,,,,,,,,,,,,,,,,,,,19.6235486556327,15.2276343706197,4.395914285013,115.81928869675,49.1185267565833,19.6235486556327,184.561364108966
2005-01-01,2005,"Q1","2004/05","Q3","January",,,,,,,,,,,,,,,,,,,,,,15.2180992250187,12.9035841250447,2.314515099974,111.26910025075,95.6880172465833,15.2180992250187,222.175216722352
2005-02-01,2005,"Q1","2004/05","Q3","February",,,,,,,,,,,,,,,,,,,,,,19.8352824061209,13.0994927481388,6.7357896579821,123.68929072075,81.6694952855833,19.8352824061209,225.194068412454
2005-03-01,2005,"Q1","2004/05","Q3","March",,,,,,,,,,,,,,,,,,,,,,23.7492503802149,16.6358236595246,7.1134267206903,109.58596769475,51.7688567145833,23.7492503802149,185.104074789548
2005-04-01,2005,"Q2","2004/05","Q4","April",,,,,,,,,,,,,,,,,,,,,,22.593046809666,14.4882201729828,8.1048266366832,111.53767050975,83.2462671245833,22.593046809666,217.376984443999
2005-05-01,2005,"Q2","2004/05","Q4","May",,,,,,,,,,,,,,,,,,,,,,17.7109602376526,14.3743754543824,3.3365847832702,159.40021189075,58.7908773135833,17.7109602376526,235.902049441986
2005-06-01,2005,"Q2","2004/05","Q4","June",,,,,,,,,,,,,,,,,,,,,,20.5899393463692,16.8761119769347,3.71382736943455,244.035029626034,53.5019767479655,20.5899393463692,318.126945720369
2005-07-01,2005,"Q3","2005/06","Q1","July",,,,,,,,,,,,,,,,,,,,,,16.6407801241671,14.5916456795153,2.04913444465188,51.3394564883333,71.2841526525,16.6407801241671,139.264389265
2005-08-01,2005,"Q3","2005/06","Q1","August",,,,,,,,,,,,,,,,,,,,,,23.7794498966308,14.397250471943,9.38219942468774,141.990361989333,69.2431937884999,23.7794498966308,235.013005674464
2005-09-01,2005,"Q3","2005/06","Q1","September",,,,,,,,,,,,,,,,,,,,,,23.1935783173327,16.3085519958805,6.8850263214522,99.6900552403333,61.9542230675,23.1935783173327,184.837856625166
2005-10-01,2005,"Q4","2005/06","Q2","October",,,,,,,,,,,,,,,,,,,,,,21.9942799619611,14.1983926104811,7.79588735148,113.140221800333,92.5902630125,21.9942799619611,227.724764774794
2005-11-01,2005,"Q4","2005/06","Q2","November",,,,,,,,,,,,,,,,,,,,,,18.0906105824107,14.7866784330077,3.303932149403,169.549812853333,73.6814969805,18.0906105824107,261.321920416244
2005-12-01,2005,"Q4","2005/06","Q2","December",,,,,,,,,,,,,,,,,,,,,,19.0547250572623,16.3620306868219,2.6926943704404,124.614199052333,57.8063073085,19.0547250572623,201.475231418096
2006-01-01,2006,"Q1","2005/06","Q3","January",,,,,,,,,,,,,,,,,,,,,,18.5537314040951,14.9162141040887,3.6375173000064,157.441975733333,62.4868453635,18.5537314040951,238.482552500928
2006-02-01,2006,"Q1","2005/06","Q3","February",,,,,,,,,,,,,,,,,,,,,,21.6681705274597,14.7190152916213,6.9491552358384,138.847428804333,104.7164094035,21.6681705274597,265.232008735293
2006-03-01,2006,"Q1","2005/06","Q3","March",,,,,,,,,,,,,,,,,,,,,,24.5138428293134,16.9490078635916,7.5648349657218,120.583187305333,58.9749367355,24.5138428293134,204.071966870147
2006-04-01,2006,"Q2","2005/06","Q4","April",,,,,,,,,,,,,,,,,,,,,,21.4155488415741,15.1641030463233,6.2514457952508,114.709208592333,88.1050808728333,21.4155488415741,224.229838306741
2006-05-01,2006,"Q2","2005/06","Q4","May",,,,,,,,,,,,,,,,,,,,,,18.6727608763187,15.5035331912469,3.1692276850718,175.084257032333,83.3369530658333,18.6727608763187,277.093970974485
2006-06-01,2006,"Q2","2005/06","Q4","June",,,,,,,,,,,,,,,,,,,,,,20.529611814612,16.4609544312132,4.06865738339883,217.92964381547,53.2396981505,20.529611814612,291.698953780582
2006-07-01,2006,"Q3","2006/07","Q1","July",,,,,,,,,,,,,,,,,,,,,,17.1264326513958,14.9136916029756,2.21274104842017,70.3145482753333,74.7844733929167,17.1264326513958,162.225454319646
2006-08-01,2006,"Q3","2006/07","Q1","August",,,,,,,,,,,,,,,,,,,,,,18.1619332357764,15.0032680956613,3.1586651401151,167.952584237333,73.2751273183333,18.1619332357764,259.389644791443
2006-09-01,2006,"Q3","2006/07","Q1","September",,,,,,,,,,,,,,,,,,,,,,20.7077777454206,16.8660068834622,3.8417708619584,97.8794821813333,67.3814149073333,20.7077777454206,185.968674834087
2006-10-01,2006,"Q4","2006/07","Q2","October",,,,,,,,,,,,,,,,,,,,,,21.584757192373,15.3323036714963,6.25245352087678,154.100439813333,91.5929530073333,21.584757192373,267.27815001304
2006-11-01,2006,"Q4","2006/07","Q2","November",,,,,,,,,,,,,,,,,,,,,,19.6754427681924,17.1728247915678,2.50261797662463,213.089969597333,89.7545905283333,19.6754427681924,322.520002893859
2006-12-01,2006,"Q4","2006/07","Q2","December",,,,,,,,,,,,,,,,,,,,,,19.2171664519921,16.1419411126564,3.07522533933564,133.936150380283,58.4597072683333,19.2171664519921,211.613024100609
2007-01-01,2007,"Q1","2006/07","Q3","January",,,,,,,,,,,,,,,,,,,,,,18.3366038720422,16.6963400253354,1.6402638467068,170.915173763333,79.0398609153333,18.3366038720422,268.291638550709
2007-02-01,2007,"Q1","2006/07","Q3","February",,,,,,,,,,,,,,,,,,,,,,18.8610975705287,15.6878139899847,3.173283580544,129.988259263333,85.3207580403333,18.8610975705287,234.170114874195
2007-03-01,2007,"Q1","2006/07","Q3","March",,,,,,,,,,,,,,,,,,,,,,20.9481326325965,16.9087485079973,4.0393841245992,151.676051520333,67.1786011083333,20.9481326325965,239.802785261263
2007-04-01,2007,"Q2","2006/07","Q4","April",,,,,,,,,,,,,,,,,,,,,,21.3605035283949,15.7543294002131,5.6061741281818,215.252923200333,105.225798403333,21.3605035283949,341.839225132062
2007-05-01,2007,"Q2","2006/07","Q4","May",,,,,,,,,,,,,,,,,,,,,,18.6339396150051,16.6896767013691,1.944262913636,182.159103051333,109.438256770333,18.6339396150051,310.231299436672
2007-06-01,2007,"Q2","2006/07","Q4","June",,,,,,,,,,,,,,,,,,,,,,19.3682936939794,18.2737803636886,1.09451333029074,277.605182239333,53.6243379293658,19.3682936939794,350.597813862679
2007-07-01,2007,"Q3","2007/08","Q1","July",,,,,,,,,,,,,,,,,,,,,,19.8288139146208,18.5675980982188,1.261215816402,61.2059086028528,99.8117859520834,19.8288139146208,180.846508469557
2007-08-01,2007,"Q3","2007/08","Q1","August",,,,,,,,,,,,,,,,,,,,,,24.8094551870693,21.5846403779793,3.22481480909,194.161372985853,70.3474642140833,24.8094551870693,289.318292387005
2007-09-01,2007,"Q3","2007/08","Q1","September",,,,,,,,,,,,,,,,,,,,,,24.796042222579,19.8392578442872,4.9567843782918,241.692054304853,70.1021536600833,24.796042222579,336.590250187515
2007-10-01,2007,"Q4","2007/08","Q2","October",,,,,,,,,,,,,,,,,,,,,,25.888176465893,20.6342609648552,5.2539155010378,249.839738989853,98.5058298400833,25.888176465893,374.233745295829
2007-11-01,2007,"Q4","2007/08","Q2","November",,,,,,,,,,,,,,,,,,,,,,24.5756770786997,22.9825036392984,1.5931734394013,190.553233160519,90.5750558700833,24.5756770786997,305.703966109303
2007-12-01,2007,"Q4","2007/08","Q2","December",,,,,,,,,,,,,,,,,,,,,,24.2166316974927,21.1688642368323,3.0477674606604,112.692899234519,59.6744782260833,24.2166316974927,196.584009158096
2008-01-01,2008,"Q1","2007/08","Q3","January",,,,,,,,,,,,,,,,,,,,,,25.9225403158249,24.5270972722359,1.395443043589,213.882153532186,94.9953943793333,25.9225403158249,334.800088227344
2008-02-01,2008,"Q1","2007/08","Q3","February",,,,,,,,,,,,,,,,,,,,,,25.233867897818,21.7849321282188,3.4489357695992,139.676775047186,79.9189814553333,25.233867897818,244.829624400337
2008-03-01,2008,"Q1","2007/08","Q3","March",,,,,,,,,,,,,,,,,,,,,,27.8928695691022,22.7339650202062,5.158904548896,173.06118148652,78.2209162343333,27.8928695691022,279.174967289955
2008-04-01,2008,"Q2","2007/08","Q4","April",,,,,,,,,,,,,,,,,,,,,,28.3257927745783,23.8094483209996,4.5163444535788,189.360969157408,151.391155230333,28.3257927745783,369.07791716232
2008-05-01,2008,"Q2","2007/08","Q4","May",,,,,,,,,,,,,,,,,,,,,,29.541964703759,27.7610170829526,1.7809476208064,216.017575325075,71.9330525963333,29.541964703759,317.492592625167
2008-06-01,2008,"Q2","2007/08","Q4","June",,,,,,,,,,,,,,,,,,,,,,28.3737010738415,25.9743936511481,2.3993074226934,312.787008473075,58.4246132213333,28.3737010738415,399.58532276825
2008-07-01,2008,"Q3","2008/09","Q1","July",43.49737012,23.714261356,7.794822096,54.366489313,17.67953181725,4.381358064,15.176541743,13.3972061693333,0.434410487,1.072232944,0.112281039,0.491788357,0.049830698,26.340747509995,12.1850144334167,0.688282164,,,,,,29.8845736960134,29.1334742859204,0.751099410092935,128.553876793995,92.828291517,29.8845736960134,251.266742007008
2008-08-01,2008,"Q3","2008/09","Q1","August",28.936427112,65.305063605,19.040458198,64.544516838,33.46852304125,9.987931155,12.256414689,16.8235585043333,29.760389441,1.76138343,0.256305158,1.687887104,0.281741089,21.603156128995,30.3380831314167,11.432724052,,,,,,27.6932648831496,24.992515680639,2.7007492025106,246.578463630995,100.906099046,27.6932648831496,375.177827560145
2008-09-01,2008,"Q3","2008/09","Q1","September",24.43762126,16.415113146,4.03316788,64.010046779,21.62229941025,2.823130978,15.287599137,19.9517596183333,0.631602527,1.413876533,0.814768146,2.011276562,0.170548728,24.993203258995,10.7676181424167,8.23428014,,,,,,29.6804634923506,24.8830102517784,4.7974532405722,152.804557309995,64.813354936,29.6804634923506,247.298375738346
2008-10-01,2008,"Q4","2008/09","Q2","October",66.528643142,15.992018466,31.101721597,56.968631754,25.43572041525,5.135979398,30.39686635,17.7998241013333,0.564370904,1.382019564,0.58177711,1.293837887,0.248401805,61.428680397995,16.7595803244167,9.505424451,,,,,,35.3641174661405,27.8146592429202,7.54945822322032,194.733444533995,146.390053133,35.3641174661405,376.487615133135
2008-11-01,2008,"Q4","2008/09","Q2","November",31.183198664,44.951352612,6.426190676,79.821110122,37.26049567225,14.754047432,16.217859725,17.1114468553333,15.170061845,2.384144449,0.67711207,1.784257846,0.172618133,31.347651289995,37.7247802544167,14.911764979,,,,,,27.1427772063934,25.2872792048789,1.85549800151446,254.945770718995,96.952321906,27.1427772063934,379.040869831388
2008-12-01,2008,"Q4","2008/09","Q2","December",35.036619052,33.240557452,6.054981056,52.978603069,26.25691659525,6.062747026,30.021407385,21.2814342273333,2.986957461,1.987617924,1.067382266,1.054692273,0.372497702,26.815920795995,13.2043089844167,6.405229525,,,,,,28.5808705009382,25.2924756897896,3.28839481114858,203.870150494995,60.957722299,28.5808705009382,293.408743294933
2009-01-01,2009,"Q1","2008/09","Q3","January",34.749271592,61.709501245,26.191686115,57.828673836,22.75470839725,6.63973195,18.995302325,24.9033005663333,20.377171826,1.778213775,0.312770101,2.258124054,0.196356059,36.647152635995,12.0269566884167,14.163024068,,,,,,28.9516934663307,27.9321444298564,1.01954903647425,233.399648508995,108.132296725,28.9516934663307,370.483638700326
2009-02-01,2009,"Q1","2008/09","Q3","February",59.187547331,23.14842294,26.979867474,71.594830503,28.48615876825,2.000963714,16.78569872,26.2166868923333,2.102892274,1.41461453,0.50583806,1.268627267,0.10709238,26.141589494995,10.9149948694167,13.919030614,,,,,,28.1439936224969,25.0582929083269,3.08570071417005,206.579098579995,104.195757252,28.1439936224969,338.918849454492
2009-03-01,2009,"Q1","2008/09","Q3","March",28.160645467,205.650816698,6.146081376,55.696509192,49.76890051325,9.163388763,24.43681699,27.1759033103334,2.085088936,1.310535111,0.520802506,1.136878699,0.212794093,36.141316704995,15.4967725504167,10.850849701,,,,,,31.5409589382943,24.2737625721991,7.26719636609527,393.674956657995,80.279143953,31.5409589382943,505.495059549289
2009-04-01,2009,"Q2","2008/09","Q4","April",38.617203299,31.846078091,4.850144494,66.010733507,31.59990572725,15.695347285,24.526370268,25.4525978883333,12.608904831,0.991686494,0.517546688,0.917079475,1.576025449,39.948782670995,17.6810782354167,10.308086973,,,,,,35.2346025294562,25.9534535068351,9.28114902262113,185.872643705995,137.27492767,35.2346025294562,358.382173905451
2009-05-01,2009,"Q2","2008/09","Q4","May",70.577064542,19.232401819,21.781515614,72.220253843,51.13581309525,6.509076539,24.311308357,42.2703959953333,6.037182671,4.496307612,1.139091995,3.765134889,0.35135807,28.6778395066618,28.7865728324167,7.382571582,,,,,,27.8507950436663,24.8114421260145,3.0393529176518,276.768828032662,111.90506093,27.8507950436663,416.524684006328
2009-06-01,2009,"Q2","2008/09","Q4","June",117.432733734,73.708171568,14.258878976,74.219593527,35.59676608525,10.758361004,47.837583289,49.7566380633333,34.200435839,3.296379143,5.510513147,3.458644793,2.061536833,43.8498808003283,30.2350714184167,12.428248145,,,,,,27.7995550265292,24.8478961053497,2.9516589211795,500.827082215,57.7823541503284,27.7995550265292,586.408991391858
2009-07-01,2009,"Q3","2009/10","Q1","July",51.012489613,71.897381263,40.665088301,73.30143093,34.792222287,12.581282,5.415761431,13.2407520503333,0,0.6737496,0,2.451443385,0,56.024005406,10.2234451764167,11.025068704,,,,,,31.2757620426989,29.8668108674483,1.4089511752506,173.82646723675,209.47765291,31.2757620426989,414.579882189449
2009-08-01,2009,"Q3","2009/10","Q1","August",27.865098848,54.794945839,7.169965417,82.947332785,27.375534372,4.16553427,22.463794262,19.6720896803333,4.336321735,2.766911442,0.414845708,1.461141429,0.16674143,30.89289716,12.6945569254167,8.197368318,,,,,,31.3518547377561,28.2251830819668,3.1266716557893,249.46568114075,57.91939848,31.3518547377561,338.736934358506
2009-09-01,2009,"Q3","2009/10","Q1","September",28.737323959,38.26963168,5.085665365,52.315603356,19.641649208,4.365320571,14.810602756,26.0601773943333,0.843967672,3.011847117,0.995882536,0.764510655,0.200796175,24.964211657,10.4785544784167,8.593656151,,,,,,35.1772019611009,27.7902533148219,7.386948646279,180.89858284475,58.240817886,35.1772019611009,274.316602691851
2009-10-01,2009,"Q4","2009/10","Q2","October",54.889961668,89.593216354,28.135612743,60.480188061,34.723878514,18.5292019,29.738689017,17.7438582603333,18.851412715,1.058225314,0.499777738,2.686256069,0.218852439,93.526972931,22.5909820104167,10.696164359,,,,,,38.4184197651762,29.7925652289817,8.62585453619444,281.93154964475,202.031700448,38.4184197651762,522.381669857926
2009-11-01,2009,"Q4","2009/10","Q2","November",40.831816572,24.158398274,10.234534404,97.358293497,34.19504164,4.900372928,63.984355491,48.7794839283333,1.567585591,4.064495831,2.387611548,1.697748388,0.168325801,64.163665227,15.9360616294167,8.681545735,,,,,,28.8403737455731,26.967763964952,1.87260978062108,340.01048094775,83.098855537,28.8403737455731,451.949710230323
2009-12-01,2009,"Q4","2009/10","Q2","December",28.092247958,57.953685827,13.726081034,56.747472236,24.656538195,8.190148638,30.553713862,21.7166576613333,26.001928837,3.230599981,1.997590007,1.181812851,0.138563145,14.418341263,14.9206101214167,9.933209482,,,,,,33.2299453892221,28.8161882056921,4.41375718353,254.53391413875,58.92528696,33.2299453892221,346.689146487972
2010-01-01,2010,"Q1","2009/10","Q3","January",73.564940313,32.094999316,61.219643857,80.963461429,31.865712043,6.738725785,17.890527837,19.6487950303333,0.482134386,1.276971672,0.539260202,1.27168528,0.320707751,66.212175639,21.1982960104167,8.517764267,,,,,,25.7286195437232,25.0701303154107,0.6584892283125,260.66685193975,163.138948878,25.7286195437232,449.534420361473
2010-02-01,2010,"Q1","2009/10","Q3","February",35.904350472,32.910604898,8.836597151,78.306737831,36.714086662,3.909092237,35.369817648,33.8430775173333,25.274483495,3.920776286,1.458957531,3.857587948,0.230504246,34.876725682,17.6434050134167,9.069719276,,,,,,28.6505524270849,25.3131778907709,3.337374536314,283.69877748375,78.42774641,28.6505524270849,390.777076320835
2010-03-01,2010,"Q1","2009/10","Q3","March",139.960991902,90.440999546,20.690409391,64.883438109,38.494537727,18.054976205,44.069868082,25.5872991993333,17.047159524,5.708554892,2.048074475,1.281461597,0.340568064,40.075052084,16.6858767184167,8.651067655,,,,,,34.1024691367587,25.5892797894103,8.5131893473484,442.71117134975,91.309163821,34.1024691367587,568.122804307509
2010-04-01,2010,"Q2","2009/10","Q4","April",177.908846331,52.384385542,3.470500596,95.799409363,39.630450226,17.524703012,36.640718363,21.3574529563333,0.606729938,0.944066882,1.404228022,3.521218181,0.484537967,60.175609481,36.1200247304167,11.825732226,,,,,,36.9973490916352,26.9459806721052,10.05136841953,387.05954506775,172.739068749,36.9973490916352,596.795962908385
2010-05-01,2010,"Q2","2009/10","Q4","May",183.623364288,66.19302247,16.148614697,85.553928489,26.310524187,7.822131881,32.573348962,38.6417922973333,39.315659441,7.739211362,2.467984296,3.610054678,0.567242598,57.342477518,21.0722537924167,10.009720376,,,,,,28.1517787362054,24.1935009495164,3.958277786689,537.85579520175,61.135536131,28.1517787362054,627.143110068955
2010-06-01,2010,"Q2","2009/10","Q4","June",154.391043081,165.013801863,18.292452398,71.434323091,67.257805748,11.786976786,109.777062965,49.0935294743334,9.358638,16.133254024,5.306473313,2.978628634,3.627964396,76.136162046,109.742200690417,13.928028368,,,,,,33.1990555160101,28.6224350286469,4.5766204873632,821.09225260775,63.16609227,33.1990555160101,917.45740039376
2010-07-01,2010,"Q3","2010/11","Q1","July",56.143543533,87.562412506,3.345256954,93.119115295,41.259389153,14.796172419,18.354112337,19.6697413796667,18.557064613,0.926286574,0.150789896,2.710165995,0.047183287,57.298047786,23.6996369319167,8.316512018,,,,,,25.9052171203296,24.9084662608276,0.996750859502,259.453456392583,186.501974285,25.9052171203296,471.860647797913
2010-08-01,2010,"Q3","2010/11","Q1","August",52.547430197,63.4132611,9.344968567,95.550104973,28.735605882,6.809936192,30.293665595,28.0278186926667,5.98944039500003,3.958568213,1.736058061,2.003024462,0.231043032,39.619359849,13.6212944299167,16.104444001,,,,,,27.8200415380222,23.8975201852092,3.922521352813,326.353572163583,71.632451478,27.8200415380222,425.806065179606
2010-09-01,2010,"Q3","2010/11","Q1","September",228.0958649437,19.306889591,4.792870904,74.033014174,26.097333128,6.469120679,64.263271311,26.6050674636667,115.155898993,2.145807841,1.437533257,0.676634025,0.858047313,43.260381234,12.2916477939167,9.93679816,,,,,,32.6387794347407,25.9974659796817,6.641313455059,555.258392936283,80.167787875,32.6387794347407,668.064960246024
2010-10-01,2010,"Q4","2010/11","Q2","October",224.1910043213,50.300477778,63.121980353,103.021734665,46.116998682,10.35482341,35.314416627,21.7907977826667,1.05267450200003,1.371162845,0.730284677,2.676484052,0.491428652,150.215544596,22.9914541459167,13.200440627,,,,,,37.525006884787,25.4652299564752,12.0597769283118,513.673517824883,233.268189891,37.525006884787,784.46671460067
2010-11-01,2010,"Q4","2010/11","Q2","November",114.97955835792,123.535399235,13.743155108,105.43764518,45.889873499,20.274764198,127.310625585,53.7745311476667,58.098208633,6.269660948,2.23172974,2.697373659,1.020568642,90.722278745,55.4660060489167,11.366193154,,,,,,31.642017168579,27.1227862248444,4.5192309437346,739.185382909503,93.632188971,31.642017168579,864.459589049082
2010-12-01,2010,"Q4","2010/11","Q2","December",32.815656891,29.327479095,9.212360949,73.056508075,32.588903982,7.95395785,35.076774794,23.3780592726667,2.182389714,2.511996941,1.143099995,1.259088672,0.482338961,34.11832987,39.9434008469167,11.004446752,,,,,,34.7622724829808,29.1284550445151,5.63381743846567,254.356394603583,81.698398057,34.7622724829808,370.817065143564
2011-01-01,2011,"Q1","2010/11","Q3","January",131.37260846,20.503075799,78.081129318,93.031433389,66.075452468,18.069943763,43.129943446,22.2755814266667,6.36917905099997,0.596297764,0.527322128,0.592100171,0.868764491,64.689444051,66.4460820199167,17.59829121,,,,,,33.8783663856613,28.4151670791523,5.46319930650898,394.538324793583,235.688324162,33.8783663856613,664.105015341245
2011-02-01,2011,"Q1","2010/11","Q3","February",183.191627659107,98.034085473,10.943953936,110.750689345,45.475861926,7.294998195,89.046831406,33.9165126546667,25.572362687,2.99711366,0.412358618,3.640419724,0.391434289,25.322878844,110.233319169917,9.796133077,,,,,,37.7105744482781,29.7108040452603,7.99977040301777,655.10950013469,101.911080529,37.7105744482781,794.731155111968
2011-03-01,2011,"Q1","2010/11","Q3","March",205.000348490897,16.975548653,11.787669276,77.35615033,50.845580763,2.88009695,154.768959649,20.4142212126667,1.133531445,2.004350721,0.563892702,1.072344481,0.476294811,48.012191036,33.6965949169167,8.624209697,,,,,,45.3444101708991,32.5021491950829,12.8422609758162,558.281272216481,77.330712918,45.3444101708991,680.95639530538
2011-04-01,2011,"Q2","2010/11","Q4","April",209.500437105142,73.11924395,10.189179216,102.694433865,43.404262207,16.391486662,53.71148582,24.7061173416667,25.774928838,2.384249993,0.92492325,3.015241554,1.361630035,64.967916483,53.3250407979167,15.818176003,,,,,,38.4893887950648,32.186865343091,6.30252345197374,531.691723760726,169.59702936,38.4893887950648,739.778141915791
2011-05-01,2011,"Q2","2010/11","Q4","May",131.3962691628,125.325466024,24.977327365,82.91959794,41.768032916,5.985824203,48.903936044,24.3284344216667,96.20675789,4.992768888,2.307245757,1.276570839,1.432041364,41.735840166,38.8746737119167,11.161213243,,,,,,36.2706660258204,32.0334116381385,4.23725438768195,599.428901545383,84.16309839,36.2706660258204,719.862665961204
2011-06-01,2011,"Q2","2010/11","Q4","June",57.83998653344,34.314368935,37.320740238,82.204808099,95.888314568,4.774171108,71.148691513,31.9924908136667,8.65254955500001,4.648205143,1.870174045,2.542559619,7.939417084,48.884330178,25.1697438409167,25.268352985,,,,,,41.5583660937115,36.7517946391705,4.80657145454106,456.029404221023,84.429500037,41.5583660937115,582.017270351735
2011-07-01,2011,"Q3","2011/12","Q1","July",29.005925224,47.808001576,46.676191685,131.74066702,44.938177849,15.345943462,21.804772113,42.8638391476667,0.175277549,0.347639666,0.164762224,3.405520371,0.817926184,62.386573176,36.41557923945,9.666398235,,,,,,33.1895987100156,31.8639903074175,1.3256084025981,234.216600197117,259.346594524,33.1895987100156,526.752793431132
2011-08-01,2011,"Q3","2011/12","Q1","August",157.639459455719,127.391711155,11.30439888,99.86541829,39.622910798,16.406310223,73.834482192,29.1613760336667,3.016563136,4.692995968,2.982859421,2.85804696,0.342843045,47.35870877,19.42782135225,16.878366395,,,,,,39.7294270187931,33.3303100469612,6.39911697183192,556.986893324636,95.79737875,39.7294270187931,692.513699093429
2011-09-01,2011,"Q3","2011/12","Q1","September",88.85277169284,35.445920096,11.403259326,70.785559138,56.689549872,5.325916687,30.313514832,24.0831993166667,12.526464251,2.340826008,2.188749251,0.711644506,1.526709927,34.010610877,8.33816383725,13.841832495,,,,,,48.1162359497484,37.8292277634995,10.2870081862489,323.440937030757,74.943755082,48.1162359497484,446.500928062505
2011-10-01,2011,"Q4","2011/12","Q2","October",95.8693995817036,14.678448338,23.442557211,168.585490991,55.033103467,19.559769505,37.512729325,28.3512592826667,6.67543395899999,3.562053734,0.637364533,4.250085297,0.747228584,93.019581565,46.16638336325,20.03113608,,,,,,51.6979303519467,35.7382244857087,15.959705866238,371.07933728762,247.042687529,51.6979303519467,669.819955168567
2011-11-01,2011,"Q4","2011/12","Q2","November",49.766742636,145.888216787,16.498278881,80.596338675,51.324356014,8.562851773,75.826221098,36.9824938926667,67.322477403,4.238757833,1.320789285,1.329212722,0.902235785,43.15921139,46.00009094425,22.754685109,,,,,,43.0247132710537,37.3957700546415,5.62894321641216,578.170290637917,74.30266959,43.0247132710537,695.49767349897
2011-12-01,2011,"Q4","2011/12","Q2","December",93.4630714356752,35.499189838,9.402633126,68.305362876,52.974724657,11.394007481,52.017126623,20.8567264906667,8.56228380200001,7.262728058,2.950885061,1.766546857,1.539430316,30.377348824,24.13849152425,23.893523665,,,,,,49.2039210852524,42.9922128192049,6.21170826604754,370.227301613592,74.176779021,49.2039210852524,493.608001719844
2012-01-01,2012,"Q1","2011/12","Q3","January",105.125047182215,64.478099603,81.698873469,120.114861634,82.605343681,10.63593774,44.869316177,40.6930865836667,124.098686566,3.649429607,0.666730322,3.372699595,0.704031258,87.447312208,34.13330486325,15.143151922,,,,,,42.98430035247,41.3725137797225,1.61178657274749,563.345957045131,256.089955366,42.98430035247,862.420212763601
2012-02-01,2012,"Q1","2011/12","Q3","February",88.2108871736314,152.554330247,14.291178771,84.4581646796,31.249520287,6.846140896,76.504433539,29.4615889946667,13.378966251,4.16369537,1.368047797,1.3891416,1.088548354,44.787105694,18.06219158825,43.132129008,,,,,,51.6235983311582,46.7810008417073,4.84259748945086,534.175806458548,76.7702637916,51.6235983311582,662.569668581306
2012-03-01,2012,"Q1","2011/12","Q3","March",53.058864058,32.072696689,4.101075392,67.082203405,20.546126807,2.013596684,27.872285489,24.4999146456667,19.669035658,3.942971074,0.95892709,0.813797732,0.224933448,44.444565777,17.61779854025,21.766024158,,,,,,61.0702648555056,53.2257413931287,7.84452346237697,263.043396071917,77.641420575,61.0702648555056,401.755081502422
2012-04-01,2012,"Q2","2011/12","Q4","April",67.265830528,27.55895958,10.694102285,110.736468461,72.176724796,24.095984954,64.391049794,36.2858016786667,8.227998211,4.726600697,1.442102984,4.360569937,0.659503244,87.785821228,42.94863062025,33.691313834,,,,,,66.2808044877823,49.3013758243202,16.9794286634621,409.603368039917,187.444094792,66.2808044877823,663.328267319699
2012-05-01,2012,"Q2","2011/12","Q4","May",120.760200611,66.984914209,11.26884413,96.987019614,39.692787202,7.38348179,41.6959915,25.4290426936667,26.910058463,4.224985622,7.888707253,1.783671116,3.748995665,47.209996303,21.98624457725,10.631369653,,,,,,59.9569017743301,54.8470600257766,5.10984174855345,449.555168145917,85.031142256,59.9569017743301,594.543212176247
2012-06-01,2012,"Q2","2011/12","Q4","June",54.098194038,82.033000874,25.466815928,70.937371245,44.116547045,12.204310935,50.10985598,38.7679732206667,47.74483952,3.420313747,2.298462948,7.947948073,0.531739831,48.710255034,44.81800463725,23.49637214,,,,,,56.4245349112377,50.0129703180269,6.41156459321074,478.815768249917,77.886236946,56.4245349112377,613.126540107154
2012-07-01,2012,"Q3","2012/13","Q1","July",54.218414626,124.585064534,6.507185253,81.9716974910232,60.607257495,3.314952492,38.428316016,43.437350937,0.405382499,1.088692429,0.551451739,3.53835538,0.977824092,71.845214387,29.51100988725,18.646858896,,,,,,65.1716546368023,63.7255923559004,1.44606228090192,418.65273028825,120.982297865023,65.1716546368023,604.806682790076
2012-08-01,2012,"Q3","2012/13","Q1","August",77.808273249,121.821736728,43.536169446,181.845716017333,43.505560817,27.641141494,54.489448998,36.291130624,3.668609889,7.437053411,4.030941405,2.101249795,1.271767002,93.102625583,26.99000861225,17.085650407,,,,,,78.7590261636486,73.2750970993761,5.48392906427257,490.03719449325,252.589888984333,78.7590261636486,821.386109641232
2012-09-01,2012,"Q3","2012/13","Q1","September",37.284488263,14.533582195,7.091310335,74.8265819807669,52.599202465,7.621156011,24.719576215,25.859201608,38.132466851,2.461281268,1.516236615,0.347996996,0.251615181,20.065615923,24.92634865225,16.856249038,,,,,,77.5383221839625,65.287977240735,12.2503449432274,263.93381266225,85.1590969347669,77.5383221839625,426.631231780979
2012-10-01,2012,"Q4","2012/13","Q2","October",33.310305112,12.852052881,3.719712495,13.741409295,6.401267032,2.743235401,30.643105776,25.880338031,5.621817011,5.500064604,0.366620349,0.385294982,0.453166414,20.953519526,16.593001695,18.172049344,,,,,,79.454211825525,64.3273262563195,15.1268855692054,197.336959948,0,79.454211825525,276.791171773525
2012-11-01,2012,"Q4","2012/13","Q2","November",106.608293995,300.960760009,42.429034692,201.735763882218,108.165344572,23.693178473,74.07138465,50.696123809,19.622365603,19.599524537,4.065468075,4.596704071,1.878171419,65.23298218466,31.98524872185,22.579138279,,,,,,76.8118026596488,71.0370412474184,5.77476141223033,803.458536643735,274.460950328993,76.8118026596488,1154.73128963238
2012-12-01,2012,"Q4","2012/13","Q2","December",39.449543426,78.554605044,9.770880944,153.77001783,44.433665555,18.060662682,31.037515405,31.163042447,18.403730896,4.017591462,3.60309388,0.698320034,0.763039089,61.756643909,26.3437369855,17.903045103,,,,,,70.0131412674495,62.6259576401414,7.38718362730811,358.9028130315,180.82632166,70.0131412674495,609.74227595895
2013-01-01,2013,"Q1","2012/13","Q3","January",37.476001289,12.038263799,4.450154849,11.028568629,6.67164519,4.833821946,35.856030339,34.957674799,1.630559653,1.717130942,0.540807726,1.362782117,0.49656895,22.226438602,31.45271377,17.618057025,,,,,,75.2350156465602,69.5365441318827,5.69847151467749,224.357219625,0,75.2350156465602,299.59223527156
2013-02-01,2013,"Q1","2012/13","Q3","February",103.548743558,240.621566432,68.479661528,187.653053540333,100.133793061,16.653091055,56.765477163,71.676617649,2.230336744,4.267377209,1.116567955,4.321273588,0.564632654,83.83326604,34.74356207425,18.333451401,,,,,,69.6747934550601,63.4334791117928,6.24131434326727,689.48325981225,305.459211839333,69.6747934550601,1064.61726510664
2013-03-01,2013,"Q1","2012/13","Q3","March",37.908764742,31.917306547,18.74948291,153.017961279496,41.678813004,17.978081704,41.90073702,37.3288211040833,11.609086543,4.179221664,1.79974519,0.901574225,4.34122242,55.814894469,21.8736055575,18.346811843,,,,,,76.6742392604088,63.2830887570097,13.3911505033991,316.670869356583,182.675260865496,76.6742392604088,576.020369482488
2013-04-01,2013,"Q2","2012/13","Q4","April",91.589157005,29.761066753,7.68345500125946,94.3539519306285,28.851734024,8.425613978,42.905552263,35.843709201,3.35711195,1.798773603,1.159245371,2.73887178,1.315058212,35.827568657,42.2050394115054,18.541872243,,,,,,78.6092636634018,62.4692369957411,16.1400266676607,351.974046714801,94.3837346685928,78.6092636634018,524.967045046795
2013-05-01,2013,"Q2","2012/13","Q4","May",45.142987306,39.508322498,20.4130850858254,25.151611127678,50.6685736690883,9.97076368078736,56.712753552,39.969352737723,3.471818922,3.319115075,1.405043136,3.80678203502562,0.806494374,86.6992027543021,31.367766728,20.590715676,,,,,,73.5755980892959,67.0213820651997,6.55421602409616,371.347725916,67.6566624414299,73.5755980892959,512.579986446726
2013-06-01,2013,"Q2","2012/13","Q4","June",84.699104211,183.868778704,30.807965182,158.99130437194,72.323636563,25.548003968,86.16698168,66.196370528,8.536067819,9.147278293,4.28760202,3.601153057,0.680145463,136.403605788698,47.3801461925,27.407647356,,,,,,68.1839813951066,62.4878577432608,5.69612365184578,755.4205496345,190.625241562638,68.1839813951066,1014.22977259224
2013-07-01,2013,"Q3","2013/14","Q1","July",109.110170972,245.376940075,1.864013419,131.276782407083,28.512510421,0.915673076,42.698104908,67.4353492189167,15.923274551,1.424926763,3.38495523,0.778851531,0.328758659,29.936531456,32.8986934820613,20.060130871,,,,,,68.8633380849949,62.4545865699078,6.4087515150871,608.667191485978,123.258475554083,68.8633380849949,800.789005125056
2013-08-01,2013,"Q3","2013/14","Q1","August",45.12096337,61.460013225,53.054411280054,181.632066881583,102.525956337815,24.57811695,55.195584545,46.8137349649167,2.57230615,6.471347407,1.53225479,4.090152042,0.870166708,101.5471477455,30.8012314410613,18.291485858,,,,,,74.1214618229785,67.2216410844857,6.89982073849284,440.942401672978,295.614538022953,74.1214618229785,810.678401518909
2013-09-01,2013,"Q3","2013/14","Q1","September",37.104509352,186.060991415,10.460527145,78.8712551345834,38.085906453,8.781109015,58.430767619,40.0545135639167,51.827564316,3.500634264,1.610431734,1.483396034,0.725894685,43.807022801,26.5510389810613,20.072585248,,,,,,77.3468293486268,64.3899843473716,12.9568450012552,514.062846284478,93.3653014760833,77.3468293486268,684.774977109188
2013-10-01,2013,"Q4","2013/14","Q2","October",70.981055799,36.654859813,32.752375978527,183.442836189783,53.978921595908,22.708516785,41.321929394,60.6546425979167,0.793569617,2.67350792,6.615717889,2.442804015,0.560693468,84.6216789285,45.2242652500613,18.315793394,,,,,,85.7994221289842,69.9945270446568,15.8048950843274,372.56438066627,291.178787968426,85.7994221289842,749.54259076368
2013-11-01,2013,"Q4","2013/14","Q2","November",83.683549623,319.693208646,15.756899487,108.249885291083,88.182900954,15.819347615,74.216108854,61.9143879299167,29.059366063,8.241501696,3.108377552,3.229657447,1.80402008,59.190832112,37.1066322790613,19.782986901,,,,,,72.1806348438978,66.5081120528087,5.67252279108915,833.731338868978,95.3083236610833,72.1806348438978,1001.22029737396
2013-12-01,2013,"Q4","2013/14","Q2","December",51.108322897,175.442071639,23.343318852,94.0340298771667,39.269347098,9.441157994,66.108113676,41.6507714069167,9.871582954,2.875720779,1.083533314,2.121141858,1.79556981,51.543019222,27.4469259780613,21.903342627,,,,,,76.2821688895092,68.4974884777621,7.78468041174717,519.755185697978,99.2827842841667,76.2821688895092,695.320138871654
2014-01-01,2014,"Q1","2013/14","Q3","January",49.335865134,204.027191436,66.885639422,185.575963565083,48.038328764,46.870315698,32.561660922,66.2562109969167,1.907091224,1.952234792,0.970253843,2.30755095,0.620764362,89.162734143,57.7283715770613,17.382382402,,,,,,80.8861123998752,73.6031881814982,7.28292421837695,526.043039894978,345.539519336083,80.8861123998752,952.468671630937
2014-02-01,2014,"Q1","2013/14","Q3","February",111.823509916,89.944618295,19.341171708,97.8742157890833,85.094220255,6.953402558,97.243389559,38.5015154039167,23.982254438,8.260368669,2.203029523,2.995130133,2.46415223,54.78899011,27.5918638490613,17.83712449,,,,,,76.7330721010722,70.4394313966133,6.29364070445891,587.611887877978,99.2870690480833,76.7330721010722,763.632029027134
2014-03-01,2014,"Q1","2013/14","Q3","March",86.15060116,20.865697065,13.888131592,98.9035198410833,46.28397899,17.497447822,53.927588177,37.6867289349167,7.556997479,6.427118583,0.943001112,1.776843906,1.830047352,51.345719819,24.5478349600613,17.358635277,,,,,,83.7461726756374,72.9817971233061,10.7643755523313,375.881878205978,111.108013864083,83.7461726756374,570.736064745699
2014-04-01,2014,"Q2","2013/14","Q4","April",70.841496401,303.642995216,33.14075803,115.886275579417,50.8098439946667,20.728469386,55.335786653,62.0766254619167,6.379782795,3.068159905,1.977158844,14.974637917,0.82240625,86.028031438,39.4029270420613,15.979952135,,,,,,97.8159601527487,75.3018509039076,22.5141092488411,687.010845243978,194.084461804083,97.8159601527487,978.91126720081
2014-05-01,2014,"Q2","2013/14","Q4","May",139.553935076,66.439394406,16.955690824,95.2327797094167,48.7877927996667,17.938775239,134.519644222,48.7633269639167,8.636943372,4.68306373,2.097609533,1.981979079,1.463289201,52.257396395,24.6077324470613,20.603326772,,,,,,89.8666151037293,83.7743062244287,6.09230887930052,584.763513123978,100.059166645083,89.8666151037293,774.689294872791
2014-06-01,2014,"Q2","2013/14","Q4","June",122.497530288,74.893357824,48.257830137,91.9886828324167,41.1934584426667,35.581973438,204.65799271,65.8496901759167,18.039457002,4.793048616,2.072988664,3.594152891,1.341713348,125.198353394,33.9360860800613,28.785029224,,,,,,86.4957214293503,78.2093575021278,8.28636392722253,800.210181379978,102.471163687083,86.4957214293503,989.177066496412
2014-07-01,2014,"Q3","2014/15","Q1","July",42.682999803,287.342766349,9.60679910738339,215.461516806443,68.8986883875403,26.706664074,50.814705903,103.380852598599,31.576659124,3.483123022,5.226164859,4.33696421,1.626866576,86.334082740659,48.9895436776667,24.567052343,,,,,,93.3443372779464,85.4370301195926,7.90730715835381,729.131851433292,281.903598148,93.3443372779464,1104.39885885924
2014-08-01,2014,"Q3","2014/15","Q1","August",96.440453551,124.063317414,17.0432307202775,103.161239119732,44.8584994305654,18.152375326,73.885834452,81.3075303476394,20.803194222,5.109784007,2.588313583,1.915897598,1.289330608,48.8215976724106,36.9089055546667,16.749593821,,,,,,86.4399422432675,79.6761422700973,6.7637999731702,580.837172542292,112.263070885,86.4399422432675,779.540185670559
2014-09-01,2014,"Q3","2014/15","Q1","September",65.840330573,17.405759064,51.349008284673,77.8529464129736,52.2903146605711,9.77204041,54.128966956,37.4480011290897,34.422538063,2.893858871,1.143743925,9.693080731,0.600607141,51.0949579003176,18.0919829776667,19.597731419,,,,,,99.1624152565966,85.2489062263025,13.9135090302941,358.854582807292,144.845139711,99.1624152565966,602.862137774888
2014-10-01,2014,"Q4","2014/15","Q2","October",56.045180098,135.385653438,15.6448147364202,224.861265619525,65.0032640873107,28.419515907,47.282026209,75.5939559381056,33.838011711,4.228898687,4.929013499,4.986737187,1.488199215,96.0375010822636,70.758621223,33.313284303,,,,,,111.594203492382,90.2078917653962,21.3863117269856,620.915226167625,276.900716773,111.594203492382,1009.41014643301
2014-11-01,2014,"Q4","2014/15","Q2","November",106.652621564,191.476535726,17.5516092661445,104.055751588032,79.0148614827665,19.220450986,76.609024077,43.805875758842,9.697516206,6.787037665,5.359120818,10.362573251,1.048160354,68.62858371384,32.542103691,26.524551056,,,,,,93.7345503874691,83.441656930567,10.2928934569021,687.169415586625,112.166961617,93.7345503874691,893.070927591094
2014-12-01,2014,"Q4","2014/15","Q2","December",85.174654508,119.799594416,25.0948587296582,93.41002065147,31.8244489988849,20.826706749,60.284564957,47.2337732560299,5.623784368,5.393506066,1.75169523,1.823980074,2.112252293,65.9411075385821,32.597939401,19.448359248,,,,,,93.5181968202996,84.3519696887691,9.16622713153047,501.806088673625,116.535157811,93.5181968202996,711.859443304925
2015-01-01,2015,"Q1","2014/15","Q3","January",113.571396079,133.521956559,19.1099037241299,220.01651199857,108.615230860346,39.113213932,62.513531116,67.7524930777526,24.636110345,3.374272084,1.307805083,4.199257186,1.060585182,100.778230373827,66.8046426486667,25.521332432,,,,,,103.383992295545,93.7367250762551,9.64726721929005,682.955241326292,308.941231355,103.383992295545,1095.28046497684
2015-02-01,2015,"Q1","2014/15","Q3","February",51.274989109,160.709558339,63.9065314261002,104.532568750776,68.7626212351575,12.210159902,101.437438138,42.7566858203348,4.739404462,5.981601487,2.461358851,2.184649848,2.246831109,38.6440317190805,27.4252883856667,30.748548303,,,,,,96.1842307463401,88.740814097523,7.44341664881715,617.594043969116,102.428222916,96.1842307463401,816.206497631456
2015-03-01,2015,"Q1","2014/15","Q3","March",56.410551258,45.245935726,17.6723901897382,108.944268496414,38.3515701061587,11.471355779,60.914396642,40.2857179778906,4.68189387,2.880370436,1.765500013,7.664443635,0.77214612,80.7156864304238,19.9222854576667,22.843832923,,,,,,106.452120568192,92.5484320959481,13.9036884722438,392.044202106292,128.498142954,106.452120568192,626.994465628484
2015-04-01,2015,"Q2","2014/15","Q4","April",160.967310529,125.463717796,20.7321216721685,187.888369842462,59.4030660267349,21.077485812,76.780368825,64.5856024348301,10.696924053,6.176181795,3.769689912,3.696756014,0.776836152,94.9901285362214,80.7251698676667,23.149926896,,,,,,121.868401995756,102.806551955032,19.061850040724,671.533910553083,269.345745611,121.868401995756,1062.74805815984
2015-05-01,2015,"Q2","2014/15","Q4","May",80.998032132,242.165643416,27.3853315548432,108.359478435089,53.4225501088216,19.662070272,109.206146056,57.9945649896771,29.299799914,12.967259942,1.999533675,17.186215956,1.064312871,76.361527239986,35.9010616286667,28.386178159,,,,,,102.176806730484,95.1527772440071,7.02402948647691,782.828318063083,119.531388287,102.176806730484,1004.53651308057
2015-06-01,2015,"Q2","2014/15","Q4","June",157.869541117,265.241280231,93.44337805649,142.169783181868,49.6168556333365,15.774249205,95.996039946,72.9193727973844,13.198470792,6.021497959,21.987059843,6.211937744,1.823938038,83.0955120903377,98.2194319186667,49.926055033,,,,,,105.092102367026,95.4947064705593,9.59739589646688,1016.73424670308,157.005156883,105.092102367026,1278.83150595311
2015-07-01,2015,"Q3","2015/16","Q1","July",104.856087721,162.831599324,7.8853274646659,151.41426752191,83.6831886779141,15.728837753,57.877207349,71.887683038901,8.308364672,4.015895735,8.260159283,12.445516533,1.066272049,117.744601993705,63.9342271593763,58.37261662,,,,,,142.405851373147,129.78649651,12.6193548631465,691.043836170972,239.2680167245,142.405851373147,1072.71770426862
2015-08-01,2015,"Q3","2015/16","Q1","August",129.950755628,172.496316127,25.424559372856,112.12228920578,54.3038777594253,19.759721659,82.231947997,41.4640503756511,48.09282229,11.000591211,3.40809639,4.737559282,1.436243832,48.4588562618837,55.0005808963763,22.106702116,,,,,,91.3777899877348,83.064254348,8.31353563973477,704.866563179972,127.092077224,91.3777899877348,923.336430391707
2015-09-01,2015,"Q3","2015/16","Q1","September",87.564935236,76.038936729,16.0711593651486,170.24644353032,40.2654634066184,10.345763089,64.469221603,39.2830788592485,4.547512675,3.96994472,10.982277133,2.13704484,1.182796164,35.3479599722602,72.5513675783763,20.378534216,,,,,,155.610714451675,125.369699334,30.2410151176746,475.437588041972,179.944851075,155.610714451675,810.993153568647
2015-10-01,2015,"Q4","2015/16","Q2","October",173.873758382,190.066499118,18.7309347908365,162.83219596317,76.2883077262729,8.635560241,82.606592495,63.0260282765603,7.703510347,4.629436556,2.379330017,4.13627238649124,1.023462401,150.292901403416,98.5296292223763,42.372922694,,,,,,90.3002781917664,80.135009007,10.1652691847664,845.401264440972,241.726077579151,90.3002781917664,1177.42762021189
2015-11-01,2015,"Q4","2015/16","Q2","November",67.304087826,118.383825739,47.5317003121604,125.06313677855,67.7579165347486,15.838150707,144.017711413,38.5771031738484,8.833183793,5.956862673,6.283633974,3.759938617,1.20136586,61.6913699686763,51.0651561103763,28.70731648,,,,,,131.408839047846,123.093601072,8.31523797584591,636.327215811972,155.645244148388,131.408839047846,923.381299008206
2015-12-01,2015,"Q4","2015/16","Q2","December",147.833096096,109.838556939,33.3164470343316,111.048901445049,43.5126067644779,5.674451846,65.34852404,46.5386089951004,3.715056677,8.257484726,1.294601177,1.986308841,0.703213822,48.3578273286374,135.836117711376,41.571410253,,,,,,132.2561698181,115.891579606,16.3645902121001,672.270922699972,132.558906996,132.2561698181,937.085999514072
2016-01-01,2016,"Q1","2015/16","Q3","January",144.828285364,153.50312531,27.3919473917945,243.459165582278,122.106439731204,18.133964197,86.770926439,54.9956880401851,3.992458703,2.555242926,0.577745682,6.52748063849124,2.080595452,206.371255813621,53.172269692413,46.546815968,,,,,,185.357454860389,148.312799589,37.0446552713889,776.033810554009,396.979596376978,185.357454860389,1358.37086179138
2016-02-01,2016,"Q1","2015/16","Q3","February",116.186827368,112.377720287,19.888893418338,130.769400909054,47.9909742288638,46.24758775,112.141266816,40.5463414395511,34.627134219,4.838271318,2.506490053,4.698250101,0.801376951,55.1951072577894,108.717970623413,27.023381902,,,,,,128.296254997419,102.119400793,26.1768542044188,712.914199909009,151.642794733,128.296254997419,992.853249639428
2016-03-01,2016,"Q1","2015/16","Q3","March",61.11925337,80.962264947,12.7328055036285,110.817337241705,35.4719081796695,17.565643477,69.106248022,39.7261929965607,28.00002163,2.933510176,1.814589095,3.204816842,0.776853861,41.3377855710323,59.728119698413,13.702900207,,,,,,168.221380245969,154.267893865,13.953486380969,444.258683457009,134.741567361,168.221380245969,747.221631063978
2016-04-01,2016,"Q2","2015/16","Q4","April",129.755523569,223.793203285,13.4251845010602,238.829336002571,70.149715082649,12.012852505,85.079262353,81.2834536670622,17.478939647,10.500699855,3.25243523,3.24891060449124,3.189696936,79.8456094118286,79.716873178413,24.68528973,,,,,,116.067508616034,92.799239016,23.2682696000341,805.371307070009,270.874828488066,116.067508616034,1192.31364417411
2016-05-01,2016,"Q2","2015/16","Q4","May",76.470052793,138.649974894,72.4088082191015,137.043497280703,65.709924579025,24.318640797,127.792916764,48.9004272486767,79.58998555,8.517043991,4.189048311,19.612254375,1.242209931,65.1846557780894,55.714983722413,32.915146497,,,,,,148.647036750876,137.487351717,11.1596850338755,816.910102890009,141.349467841,148.647036750876,1106.90660748188
2016-06-01,2016,"Q2","2015/16","Q4","June",105.357213115,287.828462303,71.6283545655844,157.116017968798,83.3774382970824,28.70686506,183.6669361,80.8537198326156,20.878510173,11.663974999,16.906316569,6.448880238,2.503761012,91.0198409225156,73.039334806413,58.385545969,,,,,,191.764729980353,177.372792875,14.3919371053526,1089.63938628201,189.741785649,191.764729980353,1471.14590191136
2022-07-01,2022,"Q3","2022/23","Q1","July",14.7973818227333,0.00416666666666667,93.7563818436667,0.174355223666667,0.389730646333333,1.87022671966667,81.0007932683333,0.11709847,7.82661679,0.899141082,0.15771811,304.701418808,0.582337826333333,4.227128737,1.710363103,326.355983646833,54.6649100776667,35.3184417055,7.487151026,49.044485956,0,643.8119917823,451.544043742,192.2679480403,744.833496400167,322.049911900035,643.8119917823,1710.6954000825
2022-08-01,2022,"Q3","2022/23","Q1","August",38.3956666217333,0.214669959666667,2.45024234266667,4.63013403466667,15.8601903713333,11.5705933996667,20.5557244593333,58.218849506,102.095000678,10.997212197,2.640046802,498.968344789,1.72341819533333,18.59391065,4.519331002,782.743770143833,126.495112041667,36.7697056235,42.83729176,76.605174856,0,218.663042508577,172.878968525,45.7840739835774,1573.56245257017,322.049911900035,218.663042508577,2114.27540697878
2022-09-01,2022,"Q3","2022/23","Q1","September",54.5276591717333,0.00328855866666667,2.46947509666667,0.740369238666667,0.679933666333333,13.4644719696667,11.6572666913333,17.252320646,33.075245106,4.584947867,4.453073012,464.78975507,47.4768491073333,11.910715738,1.22847927,390.500108040833,69.3458855176667,37.4439035915,15.723254125,52.109626395,0,644.482130621422,488.417399407,156.064731214422,817.671303529166,322.049911900035,644.482130621422,1784.20334605062
2022-10-01,2022,"Q4","2022/23","Q2","October",57.6916037580667,1.043099306,609.083623246,108.964467436333,1.77866742966667,18.701710759,249.892838554333,135.098873113,431.891487421,10.190489638,9.53921533,604.815172068,16.1560691186667,17.716528034,7.769035058,952.047073491833,78.418361291,37.3037692745,35.74630644,75.476288865,0,349.275783309803,307.607459804,41.6683235058028,3123.39849102383,428.080641226625,349.275783309803,3900.75491556026
2022-11-01,2022,"Q4","2022/23","Q2","November",106.561305257067,4.791612551,7.740232235,1.09246875633333,18.9127679226667,23.316230438,154.347869336333,26.33587092,370.152427253,11.495574936,4.467096529,569.22188788,1.88771043766667,20.147133323,6.402769467,413.721466767833,141.329771879,40.3508570905,31.047724379,68.726561757,0.55151105,657.271394473805,617.659671279,39.611723194805,1613.14172428783,428.080641226625,657.271394473805,2698.49375998826
2022-12-01,2022,"Q4","2022/23","Q2","December",65.9069573660667,6.122753798,-221.741375552,301.183440176333,5.05191712066667,45.660218423,44.5730034843333,47.719623697,248.057844082,10.785318749,7.365256082,646.27665647,3.89868767466667,12.292773177,1.706500488,413.557800462833,97.020411498,38.5709932565,21.341920009,63.551379017,1.424880703,343.085106990391,242.239103851,100.846003139391,1253.49748459183,428.080641226625,343.085106990391,2024.66323280885
2023-01-01,2023,"Q1","2022/23","Q3","January",45.270354637593,3.719729391,21.002240656,9.22800680516667,17.0990055355,16.3233978016667,65.336373849,13.519866408,487.023766942,5.285540068,4.360019069,504.638896515969,1.53702792966667,18.674113674,4.73649988333333,890.8570416785,131.593833103833,42.171171878501,29.51935179,85.402455896,0.001298,641.530723838316,448.202271495,193.328452343316,1921.25211214006,567.280499804072,641.530723838316,3130.06333578244
2023-02-01,2023,"Q1","2022/23","Q3","February",121.246917618593,3.445987844,106.142708532,16.8719480331667,2.9807756795,21.7383309986667,19.964019628,111.845511998,252.688607075,5.248441306,18.001350159,593.252923188969,28.5931321366667,19.437729288,7.09794153233333,373.3770328095,90.8366706078333,44.602206163501,33.815803114,59.055224423,2.454680523,243.547325674237,178.1401870615,65.4071386127367,1571.34513598606,567.280499804072,243.547325674237,2382.17296146436
2023-03-01,2023,"Q1","2022/23","Q3","March",71.342470199593,8.349807239,11.715088636,9.57399483416667,4.2973013475,29.0445965596667,262.857966778,25.848049247,145.98921689,12.814722613,1.375412616,686.773701027969,1.81721775866667,15.086276316,2.28870596833333,296.2616515285,101.219158713833,43.066576723501,29.84253269,65.691397398,3.047581825,752.047796679316,561.1494585545,190.898338124816,1227.16022591106,567.280499804072,752.047796679316,2546.48852239444
2023-04-01,2023,"Q2","2022/23","Q4","April",64.4983895002225,2.870365464,18.224203847,1.90194120116667,16.5056625965,14.1132683756667,35.461160347,29.31065303,231.081149535,11.282311045,5.766810786,459.120925386459,0.874520070666667,12.933396402,4.17250423833333,880.5789821295,88.1009775598333,46.6659807206675,26.895872777,80.932975402,10.169406585,360.127255779523,320.44294768,39.6843080995229,1659.95798992006,586.03136979413,360.127255779523,2606.11661549371
2023-05-01,2023,"Q2","2022/23","Q4","May",103.678313296223,6.692549749,9.528104656,10.6373216351667,7.9968489915,36.7662050026667,542.127993332,89.241830362,470.340086028,2.228531735,11.116588673,649.858487600459,25.9364360296667,23.679159981,8.61671156433333,552.2091317945,141.927092412833,51.1106793486675,45.91543576,67.429863399,-9.797312539,581.41770179738,542.207586252,39.2101155453797,2425.54427638406,586.03136979413,581.41770179738,3592.99334797557
2023-06-01,2023,"Q2","2022/23","Q4","June",184.544147490223,18.417299289,170.363294615,41.8721644481667,14.3445550395,84.3121475986667,107.383153212,49.21519646,399.906274024,22.254203755,20.103994928,786.640712991459,83.0746549076667,34.360169273,9.73513603433333,1043.3439226175,172.734572915833,75.2909344996675,44.367188002,151.252694677,51.150580185,476.472521965931,380.84367777,95.6288441959306,2750.12876539206,586.03136979413,476.472521965931,3812.63265715212
2023-07-01,2023,"Q3","2023/24","Q1","July",23.1652966023967,0.160806244,23.2345012836667,0.289898155,0.632594032,4.00796490499997,36.3629381300875,1.487553551,122.923800876667,0.73087323,0.963973685,431.29488772862,0.664478198333333,7.466228851,1.8910141756667,345.034125008,68.2264750943333,127.059277324659,21.385171668,65.667883298,0,644.292358977469,449.242862813,195.049496164469,850.550337074167,432.099404880264,644.292358977469,1926.9421009319
2023-08-01,2023,"Q3","2023/24","Q1","August",29.3817293623967,1.098047022,4.85148521866667,1.379203095,12.562621002,8.58779240599997,10.3525761320875,25.454635345,97.7348942106667,2.409769291,6.756499946,558.104269484621,0.939923757333333,18.031976643,2.6961080576667,482.703626793,243.119888579333,128.827626892659,28.024527145,75.675466611,0,442.896623932142,414.672407953,28.2242159791421,1306.59326202717,432.099404880264,442.896623932142,2181.58929083957
2023-09-01,2023,"Q3","2023/24","Q1","September",57.0937507223967,1.685195226,4.88275072166667,8.923433983,3.299946109,7.57941610499997,8.22000772908753,11.511021446,88.2568034266667,1.80762031,5.555097647,460.71902981062,40.8013031933333,15.215838555,1.6308581716667,377.840424364,93.5659680793333,127.994063247659,15.155698095,60.171530961,0.315399537,530.766576394395,399.324387401339,131.442188993056,959.342966492167,432.099404880264,530.766576394395,1922.20894776683
2023-10-01,2023,"Q4","2023/24","Q2","October",133.617416820322,0.869851594,173.619069022667,9.746916875,22.801271279,29.7512239187181,139.192641559088,51.220396765,593.489600912833,3.600704856,6.351215948,755.891311586988,71.6306161803333,19.252343998,2.6934685476667,1488.647924702,109.110637969333,169.066301686355,54.185173167,87.496524767,0,279.598228355556,249.769855535443,29.8283728201135,3294.01805745117,551.858826600137,279.598228355556,4125.47511240686
2023-11-01,2023,"Q4","2023/24","Q2","November",97.0048666923215,3.992588387,9.34962725366667,1.566843994,10.530670398,41.3955013717181,117.491174754088,125.828538316,399.392377584833,2.135469227,23.005894923,625.559861700988,2.69672718533333,18.141490854,5.9976381526667,476.490314613,192.284622149333,170.956473269355,30.706571613,91.634804596,3.81030396,761.10473483127,727.507821548164,33.5969132831061,1874.31295542017,551.858826600137,761.10473483127,3187.27651685157
2023-12-01,2023,"Q4","2023/24","Q2","December",111.696003441322,5.427237861,10.9150098356667,23.823667787,4.444434155,23.3394783137181,14.1205466200875,16.449646552,139.451221791833,5.482614977,8.474003176,584.741167754988,10.1977734213333,19.505572864,2.3840722136667,713.591178328,96.0078469343333,171.438218668355,26.915142276,57.955097463,1.542304419,408.33705285399,214.569269250393,193.767783603597,1492.03129612017,551.858826600137,408.33705285399,2452.22717557429
2024-01-01,2024,"Q1","2023/24","Q3","January",71.7818307544023,13.456669417,28.9792407581667,0.900333563333333,9.97969717483333,10.6287479507206,38.9243347650875,38.874328996,33.7059353249057,1.159286172,6.918977631,527.954618639324,90.1401512003333,15.712536537,2.58373828850003,496.684800435667,108.806296925167,125.324528004515,31.99065814,84.526507019,8.67491287,707.4688093213,455.655399238464,251.813410082835,1241.72689305167,493.32223756011,707.4688093213,2442.51793993308
2024-02-01,2024,"Q1","2023/24","Q3","February",68.9311407644023,0.690548514,4.51869923216667,1.31792395033333,2.52200374283333,13.4548131167206,16.5880397430875,32.000782029,215.299689828906,3.521788887,3.81124601,584.894145743324,5.61220807833333,19.093477823,1.86750624850003,567.091574332667,247.465178786167,128.202246352515,36.755913993,79.003547257,1.892394752,438.916328617845,399.283209462,39.6331191558449,1548.03382427867,493.32223756011,438.916328617845,2480.27239045662
2024-03-01,2024,"Q1","2023/24","Q3","March",86.3623479234023,1.882346845,5.68546481016667,23.7679634193333,5.56706468983333,20.8955272417206,331.017058913088,35.425571594,190.932139540906,5.548116318,11.68683155,662.531960530324,54.9245425193333,18.542826501,8.94993984350003,683.366818215667,125.682931601167,127.100573507515,22.257731985,64.689825153,0.093863999,505.852942935403,356.602294965,149.250647970403,1957.03756669467,493.32223756011,505.852942935403,2956.21274719018
2024-04-01,2024,"Q2","2023/24","Q4","April",55.5383165133713,4.429258517,22.5124267751667,1.41829550533333,20.5232565938333,40.689352844,285.444537223667,22.952998985,249.87242879294,3.770696983,28.65097186,526.630204304469,3.04089530833333,18.362541954,2.39460653183333,1180.12173002667,120.345228353167,37.6160644237826,34.311459403,82.575157356,2.543271238,277.724508938119,213.21941746,64.505091478119,2456.89559184467,331.12304797771,277.724508938119,3065.7431487605
2024-05-01,2024,"Q2","2023/24","Q4","May",117.789382495371,22.903017389,28.5749443081667,23.8001520953333,13.7043033258333,34.296142924,20.0815284396667,105.89844061,515.93364943494,20.307316934,6.012428326,702.945795811469,85.5319634263333,24.536355798,5.64745447483333,723.011044970667,257.910764047167,43.0270960007826,53.012258554,73.008694399,4.996642779,749.682627682833,686.743500827099,62.9391268557344,2555.52338323867,331.12304797771,749.682627682833,3636.32905889921
2024-06-01,2024,"Q2","2023/24","Q4","June",157.978049102371,15.070292184,161.797015600167,7.96955013833333,36.9927795388333,63.508234334,35.8777913746667,22.145191412,260.97992942294,70.24864503,24.872803573,807.049135691469,642.952541420333,33.721824489,4.79374409583333,876.666556663667,270.617395631167,49.6109881007826,32.228948854,85.634681369,2.140881113,475.104394442972,310.779454398099,164.324940044873,2762.70106420367,331.12304797771,475.104394442972,3568.92850662435
2024-07-01,2024,"Q3","2024/25","Q1","July",47.6889877994129,0.553643025127923,335.044918418176,0.470871505304833,111.956471276502,274.014753784218,36.7971094523662,69.645077862625,82.8639840193556,115.227241012974,1.10354040810257,631.849180140382,24.4564602912709,9.19172078645171,31.1524260038947,389.247783299569,45.6492655767534,160.476219907838,35.6249711933567,153.203630207154,0,886.650242106663,666.356769328,220.293472778662,2006.69332825067,676.894594983166,886.650242106663,3570.2381653405
2024-08-01,2024,"Q3","2024/25","Q1","August",57.0682751474129,1.092235667,137.592863689,0.763750689,9.23666350156387,11.1083079419485,1223.53655748574,3.823394875,256.511392331178,1.647339901,12.943745642,828.396910193674,39.605084679,21.288305918,3.42477188319656,461.712884576667,367.180563768,161.488545514451,38.83463957,73.975961572,0,687.358575565103,571.002236377,116.356339188103,1956.76194364967,676.894594983166,687.358575565103,3321.01511419794
2024-09-01,2024,"Q3","2024/25","Q1","September",62.1718769144129,1.691010634,6.068763302,102.972976832,2.67704603456388,10.6019465759485,10.9078006427417,1.586121614,66.279306944178,0.538684166,3.713449914,671.703999160674,77.733199894,14.813221483,5.21050885219656,476.699728753667,103.280396639,160.035438466451,18.777632142,65.956440111,1.83786142,445.845632906188,366.961485596,78.8841473101875,1175.75382842767,676.894594983166,445.845632906188,2298.49405631702
2024-10-01,2024,"Q4","2024/25","Q2","October",76.1879293010498,5.507982259,77.899878642,2.993785575,15.650244633,15.773833763,102.169314498643,21.148515426,304.228551711111,4.623954582,6.447797763,688.326565386472,2.46602819,19.070347543,2.6303981336667,1058.68461772567,151.792613752,132.15955074926,43.770023714,140.729884034,7.84107248,268.610751914326,234.854524946,33.7562269683256,2371.36162654267,511.231915882202,268.610751914326,3151.20429433919
2024-11-01,2024,"Q4","2024/25","Q2","November",114.96171719805,4.093611658,9.086823521,1.003867821,7.973042453,25.178192905,39.2260261156431,30.036389068,241.953004900111,19.173336878,7.105737759,708.029986178472,23.93012145,17.803534576,5.6126402136667,632.620142728667,141.1473117,130.44734075826,45.406608011,77.169294089,0.383214204,1251.97890704765,1143.638074816,108.340832231646,1768.95739088167,511.231915882202,1251.97890704765,3532.16821381151
2024-12-01,2024,"Q4","2024/25","Q2","December",75.9723050870498,7.419340186,12.120886358,1.667216075,5.059565439,19.046646353,11.3197159806431,7.870178656,234.355022075111,16.239763209,6.565397768,611.651144205471,6.729996238,14.2502859,8.4246178366667,583.773793218667,103.517724246,130.18216092626,25.000501843,68.035145663,7.710038402,278.777862081846,134.360637133,144.417224948846,1411.86589196467,511.231915882202,278.777862081846,2201.87566992871
2025-01-01,2025,"Q1","2024/25","Q3","January",63.131639520544,3.182904769,56.959787326,12.718438067,3.523515665,29.8445425974106,589.863873239643,21.455371352,29.2443566424445,17.377008251,30.580462795,623.960230512159,5.487038582,13.846819316,6.4155155086667,1028.67216991783,133.247528534,124.940563070356,37.833559017,84.139464782,0.740045592,1318.75818413735,1103.454299331,215.303884806351,2450.22488147483,570.954219340225,1318.75818413735,4339.93728495241
2025-02-01,2025,"Q1","2024/25","Q3","February",61.729070378544,2.615351385,6.337742807,3.632091427,8.381094796,28.8442103804106,45.4230242856431,5.479827816,157.548956740444,4.811064776,8.361933692,860.450584039159,42.511173886,17.428208203,5.2884961376667,486.992991347833,110.731672778,123.957900136356,38.664259251,64.869002411,0.404757273,578.337681018047,540.327334056,38.0103469620464,1514.94771724683,570.954219340225,578.337681018047,2664.2396176051
2025-03-01,2025,"Q1","2024/25","Q3","March",209.785674685544,4.767294294,10.038569189,4.495192218,14.361486983,71.0637156774106,16.3906558076431,445.557006392,56.9308101404445,14.365937184,6.551918501,612.073517165159,11.351141586,15.135152573,1.6463852386667,533.981886128833,120.326518089,124.519462439356,23.958727778,60.767972772,3.643939508,476.221585893875,350.236949178,125.984636715875,1790.00382689183,570.954219340225,476.221585893875,2837.17963212593
2025-04-01,2025,"Q2","2024/25","Q4","April",54.019105991648,6.613020268,85.173497366,12.72915288,7.971592335,21.8155939576666,50.6654915184209,24.809482526,471.318105322667,8.151046282,5.747091519,870.404630513955,4.440315795,16.988850949,8.31577202366674,1289.69698422983,128.408034221,97.899941851482,45.430766901,85.252183642,4.166818193,628.741028106871,600.767807818,27.9732202888705,2858.07998972083,433.965135653506,628.741028106871,3920.78615348121
2025-05-01,2025,"Q2","2024/25","Q4","May",254.064907135648,7.974247181,176.935150559,122.909957902,12.106818813,39.0061556646666,559.870582723421,40.400514903,727.542092203667,12.115443504,7.060434798,821.498272958955,82.996583768,20.612873366,4.65892625266673,715.909885797833,145.307769103,98.506568445482,45.726426995,67.31515835,3.325979932,1146.5499138669,1053.655420742,92.8944931248952,3520.15642496283,433.965135653506,1146.5499138669,5100.67147448323
2025-06-01,2025,"Q2","2024/25","Q4","June",263.237785146648,16.486062251,25.458524795,8.116131928,35.165033137,52.8019630736666,33.5380059354209,55.252788957,568.218280276667,18.748290605,14.511999956,790.280867225955,108.390492986,28.597653882,18.1245218566667,1573.48901071883,219.345684734,137.721013194482,79.107613057,108.128844326,16.090470028,425.94603134078,295.156809322,130.789222018781,4618.18674546783,433.965135653506,425.94603134078,5478.09791246212
2025-07-01,2025,"Q3","2025/26","Q1","July",45.087696526983,0,0.357130671,0.472867289,21.0807167685,2.87780234366663,33.5436498409208,27.550521824,58.1476903736667,1.289717661,1.206643355,589.400086980212,17.9431548568333,10.404729712,0.880306823720433,1050.98470956333,139.554999939833,115.217629695641,21.715850972,139.764207996,0,1721.73158957932,1546.2081817335,175.523407845824,1745.23710529233,536.781167370311,1721.73158957932,4003.74986224197
2025-08-01,2025,"Q3","2025/26","Q1","August",79.190462669983,0,0.522815626,60.301491515,5.9228475185,12.9965244926666,104.815368381921,2.688881074,57.3288849836667,44.873652602,45.190061259,918.819163927212,68.7909450418333,20.288450008,0.880306823720433,931.979081401333,407.534932706833,118.339521866641,41.505147731,69.964835905,0,829.732976368676,719.487005664,110.245970704676,2457.80513626233,536.781167370311,829.732976368676,3824.31928000132
2025-09-01,2025,"Q3","2025/26","Q1","September",55.747863718983,0,0.197531132,98.924073877,6.5361284965,12.6962116266666,62.6852053109208,4.179262217,159.437378958667,13.083188167,4.155379752,775.526017319213,12.6631910578333,14.034521946,0.880306823720433,987.358382877333,173.115937223833,119.433252003641,45.91356507,61.07855423,1.473724605,799.152635476332,730.462866693,68.6897687833321,2082.06817408033,536.781167370311,799.152635476332,3418.00197692698
2025-10-01,2025,"Q4","2025/26","Q2","October",30.9081812878333,0,0.645503757,1.933379618,13.5346564655,14.030186981,193.373541683587,65.054887442,85.8178442638333,9.284587568,3.609274843,897.165174335308,26.8433516058333,18.579070839,0,1057.47697156833,179.428056975833,143.318131457687,42.428877393,96.68057721,1.066074113,239.308764849264,233.845023248,5.46374160126448,2384.39254317533,502.427479238749,239.308764849264,3126.12878726335
2025-11-01,2025,"Q4","2025/26","Q2","November",77.8990874608333,0,0.355339285,8.660926293,9.0253046545,32.790721635,631.074395271587,16.728407691,521.125230297833,160.858219952,19.989277121,798.445356583308,17.8216498258333,19.548027946,0,1342.53227791833,180.317671016833,149.690846571687,72.620557122,95.281783163,2.915139944,1228.6650386707,1112.944102215,115.720936455697,3701.05644762533,502.427479238749,1228.6650386707,5432.14896553478
2025-12-01,2025,"Q4","2025/26","Q2","December",118.804842497833,0,0.40020958,3.232011784,11.1745105975,21.81081978,74.8127364495875,12.672634638,325.057804264833,7.234844986,5.493232949,649.175980677308,9.16135699283333,19.644606028,0,914.915856705333,138.169804722833,143.361949017687,35.873459455,58.6655691,0.209214131,343.84201897512,137.060704384,206.78131459112,2057.85307215533,502.427479238749,343.84201897512,2904.1225703692
2026-01-01,2026,"Q1","2025/26","Q3","January",93.9144353567416,0,0.4284019,49.570997278,22.951267854,16.979042044308,31.5988150590875,27.223696066,365.41180656025,4.382823235,18.994091583,574.138814189251,14.237047927,15.960711615,0.880306823720433,,139.316912996833,152.009825040131,25.407941971,73.177752303,0.294174131,2039.17783238763,1914.999558236,124.178274151629,2260.45240223583,548.25993065949,2039.17783238763,4847.89016528295
2026-02-01,2026,"Q1","2025/26","Q3","February",54.5431957097417,0,0.510856851,5.721955151,14.635494686,17.950471166308,121.240735027087,24.552527567,389.35598386425,7.811347794,6.139738355,814.947794746251,15.37493857,18.106150063,0.880306823720433,,160.630030977833,154.405126657131,47.550724811,79.442784933,2.307072395,915.487087698526,815.684370053,99.8027176455257,2240.84966033583,548.25993065949,915.487087698526,3704.59667869385
