"Date","Year","Quarter","FY","QFY","Month","EXP_DPD_AGRO_P","EXP_DPD_MID_P","EXP_DPD_SPD_P","EXP_DPD_MAN_P","EXP_DPD_TOD_P","EXP_DPD_NECLW_P","EXP_DPD_PSD_P","EXP_DPD_SED_P","EXP_DPD_ITIS_P","EXP_DPD_SUD_P","EXP_DPD_DIT_P","EXP_DPD_HCD_P","EXP_DPD_TTD_P","EXP_DPD_PST_P","EXP_DPD_CMC_P","EXP_DPD_GOS_P","EXP_DPD_DPI_P","EXP_DPD_RBD_P","EXP_DPD_ADJ_P","EXP_DPD_LEG_P","EXP_DPD_LGOV_P","EXP_DPD_I_P","EXP_DPD_I_DOM_P","EXP_DPD_I_EXT_P","EXP_DPD_CEN_TOT_P","EXP_DPD_LGP_TOT_P","EXP_DPD_I_TOT_P","EXP_DPD_P"
1997-07-01,1997,"Q3","1997/98","Q1","July",,,,,,,,,,,,,,,,,,,,,,0,0,0,35.3239583333333,0,0,35.3239583333333
1997-08-01,1997,"Q3","1997/98","Q1","August",,,,,,,,,,,,,,,,,,,,,,0,0,0,35.3239583333333,0,0,35.3239583333333
1997-09-01,1997,"Q3","1997/98","Q1","September",,,,,,,,,,,,,,,,,,,,,,0,0,0,35.3239583333333,0,0,35.3239583333333
1997-10-01,1997,"Q4","1997/98","Q2","October",,,,,,,,,,,,,,,,,,,,,,0,0,0,35.3239583333333,0,0,35.3239583333333
1997-11-01,1997,"Q4","1997/98","Q2","November",,,,,,,,,,,,,,,,,,,,,,0,0,0,35.3239583333333,0,0,35.3239583333333
1997-12-01,1997,"Q4","1997/98","Q2","December",,,,,,,,,,,,,,,,,,,,,,0,0,0,35.3239583333333,0,0,35.3239583333333
1998-01-01,1998,"Q1","1997/98","Q3","January",,,,,,,,,,,,,,,,,,,,,,0,0,0,35.3239583333333,0,0,35.3239583333333
1998-02-01,1998,"Q1","1997/98","Q3","February",,,,,,,,,,,,,,,,,,,,,,0,0,0,35.3239583333333,0,0,35.3239583333333
1998-03-01,1998,"Q1","1997/98","Q3","March",,,,,,,,,,,,,,,,,,,,,,0,0,0,35.3239583333333,0,0,35.3239583333333
1998-04-01,1998,"Q2","1997/98","Q4","April",,,,,,,,,,,,,,,,,,,,,,0,0,0,35.3239583333333,0,0,35.3239583333333
1998-05-01,1998,"Q2","1997/98","Q4","May",,,,,,,,,,,,,,,,,,,,,,0,0,0,35.3239583333333,0,0,35.3239583333333
1998-06-01,1998,"Q2","1997/98","Q4","June",,,,,,,,,,,,,,,,,,,,,,0,0,0,35.3239583333333,0,0,35.3239583333333
1998-07-01,1998,"Q3","1998/99","Q1","July",,,,,,,,,,,,,,,,,,,,,,0,0,0,38.0539326598244,0,0,38.0539326598244
1998-08-01,1998,"Q3","1998/99","Q1","August",,,,,,,,,,,,,,,,,,,,,,0,0,0,38.0539326598244,0,0,38.0539326598244
1998-09-01,1998,"Q3","1998/99","Q1","September",,,,,,,,,,,,,,,,,,,,,,0,0,0,38.0539326598244,0,0,38.0539326598244
1998-10-01,1998,"Q4","1998/99","Q2","October",,,,,,,,,,,,,,,,,,,,,,0,0,0,38.0539326598244,0,0,38.0539326598244
1998-11-01,1998,"Q4","1998/99","Q2","November",,,,,,,,,,,,,,,,,,,,,,0,0,0,38.0539326598244,0,0,38.0539326598244
1998-12-01,1998,"Q4","1998/99","Q2","December",,,,,,,,,,,,,,,,,,,,,,0,0,0,38.0539326598244,0,0,38.0539326598244
1999-01-01,1999,"Q1","1998/99","Q3","January",,,,,,,,,,,,,,,,,,,,,,0,0,0,38.0539326598244,0,0,38.0539326598244
1999-02-01,1999,"Q1","1998/99","Q3","February",,,,,,,,,,,,,,,,,,,,,,0,0,0,38.0539326598244,0,0,38.0539326598244
1999-03-01,1999,"Q1","1998/99","Q3","March",,,,,,,,,,,,,,,,,,,,,,0,0,0,38.0539326598244,0,0,38.0539326598244
1999-04-01,1999,"Q2","1998/99","Q4","April",,,,,,,,,,,,,,,,,,,,,,0,0,0,38.0539326598244,0,0,38.0539326598244
1999-05-01,1999,"Q2","1998/99","Q4","May",,,,,,,,,,,,,,,,,,,,,,0,0,0,38.0539326598244,0,0,38.0539326598244
1999-06-01,1999,"Q2","1998/99","Q4","June",,,,,,,,,,,,,,,,,,,,,,0,0,0,38.0539326598244,0,0,38.0539326598244
1999-07-01,1999,"Q3","1999/00","Q1","July",,,,,,,,,,,,,,,,,,,,,,0,0,0,45.4512670831875,0,0,45.4512670831875
1999-08-01,1999,"Q3","1999/00","Q1","August",,,,,,,,,,,,,,,,,,,,,,0,0,0,45.4512670831875,0,0,45.4512670831875
1999-09-01,1999,"Q3","1999/00","Q1","September",,,,,,,,,,,,,,,,,,,,,,0,0,0,45.4512670831875,0,0,45.4512670831875
1999-10-01,1999,"Q4","1999/00","Q2","October",,,,,,,,,,,,,,,,,,,,,,0,0,0,45.4512670831875,0,0,45.4512670831875
1999-11-01,1999,"Q4","1999/00","Q2","November",,,,,,,,,,,,,,,,,,,,,,0,0,0,45.4512670831875,0,0,45.4512670831875
1999-12-01,1999,"Q4","1999/00","Q2","December",,,,,,,,,,,,,,,,,,,,,,0,0,0,45.4512670831875,0,0,45.4512670831875
2000-01-01,2000,"Q1","1999/00","Q3","January",,,,,,,,,,,,,,,,,,,,,,0,0,0,45.4512670831875,0,0,45.4512670831875
2000-02-01,2000,"Q1","1999/00","Q3","February",,,,,,,,,,,,,,,,,,,,,,0,0,0,45.4512670831875,0,0,45.4512670831875
2000-03-01,2000,"Q1","1999/00","Q3","March",,,,,,,,,,,,,,,,,,,,,,0,0,0,45.4512670831875,0,0,45.4512670831875
2000-04-01,2000,"Q2","1999/00","Q4","April",,,,,,,,,,,,,,,,,,,,,,0,0,0,45.4512670831875,0,0,45.4512670831875
2000-05-01,2000,"Q2","1999/00","Q4","May",,,,,,,,,,,,,,,,,,,,,,0,0,0,45.4512670831875,0,0,45.4512670831875
2000-06-01,2000,"Q2","1999/00","Q4","June",,,,,,,,,,,,,,,,,,,,,,0,0,0,45.4512670831875,0,0,45.4512670831875
2000-07-01,2000,"Q3","2000/01","Q1","July",,,,,,,,,,,,,,,,,,,,,,0,0,0,52.3902718468333,0,0,52.3902718468333
2000-08-01,2000,"Q3","2000/01","Q1","August",,,,,,,,,,,,,,,,,,,,,,0,0,0,52.3902718468333,0,0,52.3902718468333
2000-09-01,2000,"Q3","2000/01","Q1","September",,,,,,,,,,,,,,,,,,,,,,0,0,0,52.3902718468333,0,0,52.3902718468333
2000-10-01,2000,"Q4","2000/01","Q2","October",,,,,,,,,,,,,,,,,,,,,,0,0,0,52.3902718468333,0,0,52.3902718468333
2000-11-01,2000,"Q4","2000/01","Q2","November",,,,,,,,,,,,,,,,,,,,,,0,0,0,52.3902718468333,0,0,52.3902718468333
2000-12-01,2000,"Q4","2000/01","Q2","December",,,,,,,,,,,,,,,,,,,,,,0,0,0,52.3902718468333,0,0,52.3902718468333
2001-01-01,2001,"Q1","2000/01","Q3","January",,,,,,,,,,,,,,,,,,,,,,0,0,0,52.3902718468333,0,0,52.3902718468333
2001-02-01,2001,"Q1","2000/01","Q3","February",,,,,,,,,,,,,,,,,,,,,,0,0,0,52.3902718468333,0,0,52.3902718468333
2001-03-01,2001,"Q1","2000/01","Q3","March",,,,,,,,,,,,,,,,,,,,,,0,0,0,52.3902718468333,0,0,52.3902718468333
2001-04-01,2001,"Q2","2000/01","Q4","April",,,,,,,,,,,,,,,,,,,,,,0,0,0,52.3902718468333,0,0,52.3902718468333
2001-05-01,2001,"Q2","2000/01","Q4","May",,,,,,,,,,,,,,,,,,,,,,0,0,0,52.3902718468333,0,0,52.3902718468333
2001-06-01,2001,"Q2","2000/01","Q4","June",,,,,,,,,,,,,,,,,,,,,,0,0,0,52.3902718468333,0,0,52.3902718468333
2001-07-01,2001,"Q3","2001/02","Q1","July",,,,,,,,,,,,,,,,,,,,,,0,0,0,45.14907509,0,0,45.14907509
2001-08-01,2001,"Q3","2001/02","Q1","August",,,,,,,,,,,,,,,,,,,,,,0,0,0,45.14907509,0,0,45.14907509
2001-09-01,2001,"Q3","2001/02","Q1","September",,,,,,,,,,,,,,,,,,,,,,0,0,0,45.14907509,0,0,45.14907509
2001-10-01,2001,"Q4","2001/02","Q2","October",,,,,,,,,,,,,,,,,,,,,,0,0,0,44.87335684,0,0,44.87335684
2001-11-01,2001,"Q4","2001/02","Q2","November",,,,,,,,,,,,,,,,,,,,,,0,0,0,44.87335684,0,0,44.87335684
2001-12-01,2001,"Q4","2001/02","Q2","December",,,,,,,,,,,,,,,,,,,,,,0,0,0,44.87335684,0,0,44.87335684
2002-01-01,2002,"Q1","2001/02","Q3","January",,,,,,,,,,,,,,,,,,,,,,0,0,0,45.27545434,0,0,45.27545434
2002-02-01,2002,"Q1","2001/02","Q3","February",,,,,,,,,,,,,,,,,,,,,,0,0,0,45.27545434,0,0,45.27545434
2002-03-01,2002,"Q1","2001/02","Q3","March",,,,,,,,,,,,,,,,,,,,,,0,0,0,45.27545434,0,0,45.27545434
2002-04-01,2002,"Q2","2001/02","Q4","April",,,,,,,,,,,,,,,,,,,,,,0,0,0,41.9378224233333,0,0,41.9378224233333
2002-05-01,2002,"Q2","2001/02","Q4","May",,,,,,,,,,,,,,,,,,,,,,0,0,0,41.9378224233333,0,0,41.9378224233333
2002-06-01,2002,"Q2","2001/02","Q4","June",,,,,,,,,,,,,,,,,,,,,,0,0,0,41.9378224233333,0,0,41.9378224233333
2002-07-01,2002,"Q3","2002/03","Q1","July",,,,,,,,,,,,,,,,,,,,,,0,0,0,43.0517373866667,0,0,43.0517373866667
2002-08-01,2002,"Q3","2002/03","Q1","August",,,,,,,,,,,,,,,,,,,,,,0,0,0,43.0517373866667,0,0,43.0517373866667
2002-09-01,2002,"Q3","2002/03","Q1","September",,,,,,,,,,,,,,,,,,,,,,0,0,0,43.0517373866667,0,0,43.0517373866667
2002-10-01,2002,"Q4","2002/03","Q2","October",,,,,,,,,,,,,,,,,,,,,,0,0,0,43.0517373866667,0,0,43.0517373866667
2002-11-01,2002,"Q4","2002/03","Q2","November",,,,,,,,,,,,,,,,,,,,,,0,0,0,43.0517373866667,0,0,43.0517373866667
2002-12-01,2002,"Q4","2002/03","Q2","December",,,,,,,,,,,,,,,,,,,,,,0,0,0,43.0517373866667,0,0,43.0517373866667
2003-01-01,2003,"Q1","2002/03","Q3","January",,,,,,,,,,,,,,,,,,,,,,0,0,0,43.0517373866667,0,0,43.0517373866667
2003-02-01,2003,"Q1","2002/03","Q3","February",,,,,,,,,,,,,,,,,,,,,,0,0,0,43.0517373866667,0,0,43.0517373866667
2003-03-01,2003,"Q1","2002/03","Q3","March",,,,,,,,,,,,,,,,,,,,,,0,0,0,43.0517373866667,0,0,43.0517373866667
2003-04-01,2003,"Q2","2002/03","Q4","April",,,,,,,,,,,,,,,,,,,,,,0,0,0,43.0517373866667,0,0,43.0517373866667
2003-05-01,2003,"Q2","2002/03","Q4","May",,,,,,,,,,,,,,,,,,,,,,0,0,0,43.0517373866667,0,0,43.0517373866667
2003-06-01,2003,"Q2","2002/03","Q4","June",,,,,,,,,,,,,,,,,,,,,,0,0,0,43.0517373866667,0,0,43.0517373866667
2003-07-01,2003,"Q3","2003/04","Q1","July",,,,,,,,,,,,,,,,,,,,,,0,0,0,58.6583263263752,0,0,58.6583263263752
2003-08-01,2003,"Q3","2003/04","Q1","August",,,,,,,,,,,,,,,,,,,,,,0,0,0,58.6583263263752,0,0,58.6583263263752
2003-09-01,2003,"Q3","2003/04","Q1","September",,,,,,,,,,,,,,,,,,,,,,0,0,0,58.6583263263752,0,0,58.6583263263752
2003-10-01,2003,"Q4","2003/04","Q2","October",,,,,,,,,,,,,,,,,,,,,,0,0,0,58.6583263263752,0,0,58.6583263263752
2003-11-01,2003,"Q4","2003/04","Q2","November",,,,,,,,,,,,,,,,,,,,,,0,0,0,58.6583263263752,0,0,58.6583263263752
2003-12-01,2003,"Q4","2003/04","Q2","December",,,,,,,,,,,,,,,,,,,,,,0,0,0,58.6583263263752,0,0,58.6583263263752
2004-01-01,2004,"Q1","2003/04","Q3","January",,,,,,,,,,,,,,,,,,,,,,0,0,0,58.6583263263752,0,0,58.6583263263752
2004-02-01,2004,"Q1","2003/04","Q3","February",,,,,,,,,,,,,,,,,,,,,,0,0,0,58.6583263263752,0,0,58.6583263263752
2004-03-01,2004,"Q1","2003/04","Q3","March",,,,,,,,,,,,,,,,,,,,,,0,0,0,58.6583263263752,0,0,58.6583263263752
2004-04-01,2004,"Q2","2003/04","Q4","April",,,,,,,,,,,,,,,,,,,,,,0,0,0,58.6583263263752,0,0,58.6583263263752
2004-05-01,2004,"Q2","2003/04","Q4","May",,,,,,,,,,,,,,,,,,,,,,0,0,0,58.6583263263752,0,0,58.6583263263752
2004-06-01,2004,"Q2","2003/04","Q4","June",,,,,,,,,,,,,,,,,,,,,,0,0,0,58.9583263263751,0,0,58.9583263263751
2004-07-01,2004,"Q3","2004/05","Q1","July",,,,,,,,,,,,,,,,,,,,,,0,0,0,52.7966395091361,0,0,52.7966395091361
2004-08-01,2004,"Q3","2004/05","Q1","August",,,,,,,,,,,,,,,,,,,,,,0,0,0,52.7966395091361,0,0,52.7966395091361
2004-09-01,2004,"Q3","2004/05","Q1","September",,,,,,,,,,,,,,,,,,,,,,0,0,0,52.7966395091361,0,0,52.7966395091361
2004-10-01,2004,"Q4","2004/05","Q2","October",,,,,,,,,,,,,,,,,,,,,,0,0,0,52.7966395091361,0,0,52.7966395091361
2004-11-01,2004,"Q4","2004/05","Q2","November",,,,,,,,,,,,,,,,,,,,,,0,0,0,52.7966395091361,0,0,52.7966395091361
2004-12-01,2004,"Q4","2004/05","Q2","December",,,,,,,,,,,,,,,,,,,,,,0,0,0,52.7966395091361,0,0,52.7966395091361
2005-01-01,2005,"Q1","2004/05","Q3","January",,,,,,,,,,,,,,,,,,,,,,0,0,0,52.7966395091361,0,0,52.7966395091361
2005-02-01,2005,"Q1","2004/05","Q3","February",,,,,,,,,,,,,,,,,,,,,,0,0,0,52.7966395091361,0,0,52.7966395091361
2005-03-01,2005,"Q1","2004/05","Q3","March",,,,,,,,,,,,,,,,,,,,,,0,0,0,52.7966395091361,0,0,52.7966395091361
2005-04-01,2005,"Q2","2004/05","Q4","April",,,,,,,,,,,,,,,,,,,,,,0,0,0,52.7966395091361,0,0,52.7966395091361
2005-05-01,2005,"Q2","2004/05","Q4","May",,,,,,,,,,,,,,,,,,,,,,0,0,0,52.7966395091361,0,0,52.7966395091361
2005-06-01,2005,"Q2","2004/05","Q4","June",,,,,,,,,,,,,,,,,,,,,,0,0,0,52.7040645958027,0,0,52.7040645958027
2005-07-01,2005,"Q3","2005/06","Q1","July",,,,,,,,,,,,,,,,,,,,,,0,0,0,78.8841871294953,0,0,78.8841871294953
2005-08-01,2005,"Q3","2005/06","Q1","August",,,,,,,,,,,,,,,,,,,,,,0,0,0,78.8841871294953,0,0,78.8841871294953
2005-09-01,2005,"Q3","2005/06","Q1","September",,,,,,,,,,,,,,,,,,,,,,0,0,0,78.8841871294953,0,0,78.8841871294953
2005-10-01,2005,"Q4","2005/06","Q2","October",,,,,,,,,,,,,,,,,,,,,,0,0,0,74.907434737937,0,0,74.907434737937
2005-11-01,2005,"Q4","2005/06","Q2","November",,,,,,,,,,,,,,,,,,,,,,0,0,0,74.907434737937,0,0,74.907434737937
2005-12-01,2005,"Q4","2005/06","Q2","December",,,,,,,,,,,,,,,,,,,,,,0,0,0,74.907434737937,0,0,74.907434737937
2006-01-01,2006,"Q1","2005/06","Q3","January",,,,,,,,,,,,,,,,,,,,,,0,0,0,93.9140251632852,0,0,93.9140251632852
2006-02-01,2006,"Q1","2005/06","Q3","February",,,,,,,,,,,,,,,,,,,,,,0,0,0,93.9140251632852,0,0,93.9140251632852
2006-03-01,2006,"Q1","2005/06","Q3","March",,,,,,,,,,,,,,,,,,,,,,0,0,0,93.9140251632852,0,0,93.9140251632852
2006-04-01,2006,"Q2","2005/06","Q4","April",,,,,,,,,,,,,,,,,,,,,,0,0,0,19.2951381172331,0,0,19.2951381172331
2006-05-01,2006,"Q2","2005/06","Q4","May",,,,,,,,,,,,,,,,,,,,,,0,0,0,19.2951381172331,0,0,19.2951381172331
2006-06-01,2006,"Q2","2005/06","Q4","June",,,,,,,,,,,,,,,,,,,,,,0,0,0,21.3160083199961,0,0,21.3160083199961
2006-07-01,2006,"Q3","2006/07","Q1","July",,,,,,,,,,,,,,,,,,,,,,0,0,0,77.6487488162657,0,0,77.6487488162657
2006-08-01,2006,"Q3","2006/07","Q1","August",,,,,,,,,,,,,,,,,,,,,,0,0,0,77.6487488162657,0,0,77.6487488162657
2006-09-01,2006,"Q3","2006/07","Q1","September",,,,,,,,,,,,,,,,,,,,,,0,0,0,77.6487488162657,0,0,77.6487488162657
2006-10-01,2006,"Q4","2006/07","Q2","October",,,,,,,,,,,,,,,,,,,,,,0,0,0,77.6487488162657,0,0,77.6487488162657
2006-11-01,2006,"Q4","2006/07","Q2","November",,,,,,,,,,,,,,,,,,,,,,0,0,0,77.6487488162657,0,0,77.6487488162657
2006-12-01,2006,"Q4","2006/07","Q2","December",,,,,,,,,,,,,,,,,,,,,,0,0,0,77.6487488162657,0,0,77.6487488162657
2007-01-01,2007,"Q1","2006/07","Q3","January",,,,,,,,,,,,,,,,,,,,,,0,0,0,77.6487488162657,0,0,77.6487488162657
2007-02-01,2007,"Q1","2006/07","Q3","February",,,,,,,,,,,,,,,,,,,,,,0,0,0,77.6487488162657,0,0,77.6487488162657
2007-03-01,2007,"Q1","2006/07","Q3","March",,,,,,,,,,,,,,,,,,,,,,0,0,0,77.6487488162657,0,0,77.6487488162657
2007-04-01,2007,"Q2","2006/07","Q4","April",,,,,,,,,,,,,,,,,,,,,,0,0,0,77.6487488162657,0,0,77.6487488162657
2007-05-01,2007,"Q2","2006/07","Q4","May",,,,,,,,,,,,,,,,,,,,,,0,0,0,77.6487488162657,0,0,77.6487488162657
2007-06-01,2007,"Q2","2006/07","Q4","June",,,,,,,,,,,,,,,,,,,,,,0,0,0,77.6487488162657,0,0,77.6487488162657
2007-07-01,2007,"Q3","2007/08","Q1","July",,,,,,,,,,,,,,,,,,,,,,0,0,0,28.6163231241033,0,0,28.6163231241033
2007-08-01,2007,"Q3","2007/08","Q1","August",,,,,,,,,,,,,,,,,,,,,,0,0,0,59.0617792946024,0,0,59.0617792946024
2007-09-01,2007,"Q3","2007/08","Q1","September",,,,,,,,,,,,,,,,,,,,,,0,0,0,79.9142520125662,0,0,79.9142520125662
2007-10-01,2007,"Q4","2007/08","Q2","October",,,,,,,,,,,,,,,,,,,,,,0,0,0,53.3089133652957,0,0,53.3089133652957
2007-11-01,2007,"Q4","2007/08","Q2","November",,,,,,,,,,,,,,,,,,,,,,0,0,0,25.8321162798925,0,0,25.8321162798925
2007-12-01,2007,"Q4","2007/08","Q2","December",,,,,,,,,,,,,,,,,,,,,,0,0,0,64.8405051827406,0,0,64.8405051827406
2008-01-01,2008,"Q1","2007/08","Q3","January",,,,,,,,,,,,,,,,,,,,,,0,0,0,37.401989523275,0,0,37.401989523275
2008-02-01,2008,"Q1","2007/08","Q3","February",,,,,,,,,,,,,,,,,,,,,,0,0,0,65.5826619451694,0,0,65.5826619451694
2008-03-01,2008,"Q1","2007/08","Q3","March",,,,,,,,,,,,,,,,,,,,,,0,0,0,80.7193258593052,0,0,80.7193258593052
2008-04-01,2008,"Q2","2007/08","Q4","April",,,,,,,,,,,,,,,,,,,,,,0,0,0,66.3150616139764,0,0,66.3150616139764
2008-05-01,2008,"Q2","2007/08","Q4","May",,,,,,,,,,,,,,,,,,,,,,0,0,0,52.1314580245559,0,0,52.1314580245559
2008-06-01,2008,"Q2","2007/08","Q4","June",,,,,,,,,,,,,,,,,,,,,,0,0,0,114.876691916841,0,0,114.876691916841
2008-07-01,2008,"Q3","2008/09","Q1","July",4.22536940217391,16.0032110207128,8.36893308590346,4.80433740575921,0.245091032608696,0.973888090080163,0.502100025163044,1.16816092840908,8.11250282067936,0,0,0,0,0.676117933818277,0.00958028167663044,0,,,,,,0,0,0,45.0892920269847,0,0,45.0892920269847
2008-08-01,2008,"Q3","2008/09","Q1","August",0.72738176,11.6011363792379,2.84481602564846,0.0191993065,0.1912215694846,0.017704683109,0,0.9615716859194,16.0151776937142,0,0,0,0,0.8901053239378,0,0.0902739701566,,,,,,0,0,0,33.3585883977079,0,0,33.3585883977079
2008-09-01,2008,"Q3","2008/09","Q1","September",0,14.9388686966194,13.0458840263686,10.6886793712293,2.5380620599049,1.96358739110246,0.01804411469,3.28767915077,2.82958228517791,2.0516907704585,0,0,2.83282109695369,1.67709543824221,0.0307781371,0.00341339575,,,,,,0,0,0,55.906185934367,0,0,55.906185934367
2008-10-01,2008,"Q4","2008/09","Q2","October",0,9.78025692683433,28.1716839709522,0.159168187107,3.808488259413,2.48148322659,0.0203286672,7.246273251519,13.1043990574847,0,0,0,0,4.02365139328663,0,0,,,,,,0,0,0,68.7957329403869,0,0,68.7957329403869
2008-11-01,2008,"Q4","2008/09","Q2","November",4.9395186,2.09486252216952,5.33837102019538,40.022286181152,1.396813401063,1.463633130495,3.05616,2.207760280692,19.420720172309,0,0,0.1412041425,0,4.769485012584,0,0.02580869817,,,,,,0,0,0,84.8766231613299,0,0,84.8766231613299
2008-12-01,2008,"Q4","2008/09","Q2","December",4.8831407756,4.4381061239203,9.58397230356213,1.925182355866,0.169750149914235,0.895035948603199,0.258912235739888,18.926602804724,59.8274285234755,10.744279359312,0,0.276385218598,0,2.69116305443485,0.0234744,0,,,,,,0,0,0,114.64343325375,0,0,114.64343325375
2009-01-01,2009,"Q1","2008/09","Q3","January",3.40657228,2.2325762022577,4.06763379721864,0.7010944492119,2.5848717970734,1.3770759597789,0.011449165374,0.055632249768,13.4861350340047,0,0,0,0.263395910923423,10.3332466903425,0,0,,,,,,0,0,0,38.5196835359532,0,0,38.5196835359532
2009-02-01,2009,"Q1","2008/09","Q3","February",0,1.4734556073398,6.68362761857759,1.0762619415737,3.72061337326608,1.8711361579799,4.609751519975,2.27429182879156,9.1795358091606,0.0714514815191936,0,0.656957747353862,0,10.4451661767537,0.0196679483,0,,,,,,0,0,0,42.081917210591,0,0,42.081917210591
2009-03-01,2009,"Q1","2008/09","Q3","March",6.84088726762631,2.76353124148221,22.4339423596895,0.9263318562,3.446582378881,1.09007203863542,0,11.8434389267023,39.7657754941382,2.565259361318,0,0.13626738988,0,4.4719028747399,0,0,,,,,,0,0,0,96.2839911892928,0,0,96.2839911892928
2009-04-01,2009,"Q2","2008/09","Q4","April",0,0.3431682769108,9.26014733527536,1.13506551147582,2.84483999872572,2.5303678819174,0,2.1882222722432,9.5156532338991,0.22951597695,0,0,0,3.3268309582905,0,0,,,,,,0,0,0,31.3738114456879,0,0,31.3738114456879
2009-05-01,2009,"Q2","2008/09","Q4","May",0,6.08448187914035,10.4160875987892,2.316302029223,3.12105744441567,0,0,20.7692322101625,18.901039621646,0.490153039467,0,0,0,6.29484632772727,0,0,,,,,,0,0,0,68.393200150571,0,0,68.393200150571
2009-06-01,2009,"Q2","2008/09","Q4","June",1.8315804,3.75953312428277,8.66614801388042,2.1347789576446,0,0.05332314,0.0749793876,5.87477457762,12.9616998461453,0.642687414096,0,0.174053261666259,0,7.87068337980699,0,0,,,,,,0,0,0,44.0442415027423,0,0,44.0442415027423
2009-07-01,2009,"Q3","2009/10","Q1","July",8.70600354325297,13.1352006573405,10.7897354577072,0.6060566937276,11.6271015915573,5.6369511657279,1.655589837195,5.72592469140135,25.2291662836499,0,0,0,0.7471635468129,3.2981300077266,0,0,,,,,,0,0,0,87.1570234760991,0,0,87.1570234760991
2009-08-01,2009,"Q3","2009/10","Q1","August",0.621501,6.5046092672175,7.002609835421,1.60044167443114,2.1864038080076,0.3842870162375,0,1.26256990805416,25.7576824036514,0.0124701689646,0,0.170775638242608,0,0,0.0675119718712481,0,,,,,,0,0,0,45.5708626920988,0,0,45.5708626920988
2009-09-01,2009,"Q3","2009/10","Q1","September",0,15.276911285933,1.6297841807612,0.006266975646,14.3661400236804,1.106374620142,0.4270958205,13.197510171702,44.6115132078114,0.5571796,0,0,0,18.491831221377,0,0,,,,,,0,0,0,109.670607107553,0,0,109.670607107553
2009-10-01,2009,"Q4","2009/10","Q2","October",2.28598596287929,6.58185923077242,4.15091095365521,1.6546833758818,7.31809950738412,0.0838153850151167,0,3.35121784697487,28.6031694138855,0.194224247845474,0,0,0,3.73717051864395,0,0,,,,,,0,0,0,57.9611364429377,0,0,57.9611364429377
2009-11-01,2009,"Q4","2009/10","Q2","November",0.02810667375,7.65007674527748,6.29016060367168,0,1.35015500287408,-0.0494397328151625,0.0936889125,2.11041956143668,14.9443024124386,0,0,0.004587009156,0,11.9127111849146,2.74486339246084,0,,,,,,0,0,0,47.0796317656648,0,0,47.0796317656648
2009-12-01,2009,"Q4","2009/10","Q2","December",1.940266882182,8.63671625883904,17.7857547973466,4.6565086959504,15.796757332146,1.584844023216,0.738907128756,16.9876141305067,18.62670944994,0,0,0,0,0.569471617686,0.031666050852,0,,,,,,0,0,0,87.3552163674207,0,0,87.3552163674207
2010-01-01,2010,"Q1","2009/10","Q3","January",10.1054403225,35.6674770847701,6.60765975547393,0.3507710747652,0.5198677889904,1.4264555408757,0,3.03295504047955,35.7273647956298,0,0,0,0,34.1100553663719,0,0.15291477,,,,,,0,0,0,127.700961539857,0,0,127.700961539857
2010-02-01,2010,"Q1","2009/10","Q3","February",19.81066815,5.5204224784072,0.2494102924404,0.4240360064122,52.3892721116674,0.16471455,0,2.1177113502818,3.2184780636736,0.0460067104588,0,0,0,7.989485437024,0,0,,,,,,0,0,0,91.9302051503654,0,0,91.9302051503654
2010-03-01,2010,"Q1","2009/10","Q3","March",3.5945056214639,10.3473066815498,2.38179806671801,95.5568101947459,3.49383939203787,0,0.63248723824,6.6065218711191,44.2554720480259,0,0,0,0,13.734704322488,0,0.10426634075,,,,,,0,0,0,180.707711777138,0,0,180.707711777138
2010-04-01,2010,"Q2","2009/10","Q4","April",12.60458369388,7.10231606599314,0.28342181338614,0.262227148792684,3.53725567769,0,0,10.20375572116,1.14305490223274,0.22906751,0,0,0,7.10220277821,0,0,,,,,,0,0,0,42.4678853113447,0,0,42.4678853113447
2010-05-01,2010,"Q2","2009/10","Q4","May",0,0.30689054039,1.7105923935446,2.6671138235147,62.3391807742516,6.2759281429446,0.0060382372475,0.08915737,20.1482481708757,0.4117465008969,0,0.08692843575,0,20.656004271698,0,0,,,,,,0,0,0,114.697828661114,0,0,114.697828661114
2010-06-01,2010,"Q2","2009/10","Q4","June",0,1.1963825425872,1.4777427984,1.1993272150464,4.12209446976,0.18717902376,0,0.25691473152,23.8383714023328,0.3610549536,0,0,0,49.273144789973,0,0,,,,,,0,0,0,81.9122119269794,0,0,81.9122119269794
2010-07-01,2010,"Q3","2010/11","Q1","July",17.7762375,19.01444984437,3.69420706092778,4.116176911329,1.63300215068,0.183974532319,0.045146,0.712633831151,51.882628310547,0.45146,0,0,27.5657525725,15.295484980262,0,0,,,,,,0,0,0,142.371153694086,0,0,142.371153694086
2010-08-01,2010,"Q3","2010/11","Q1","August",0,2.53018973585,2.03301620903098,0.92062260283,7.2056888710707,0.2126360026,0.745452592440211,8.98504193280425,27.144536898969,0,0,0,13.6216790808,1.607738263509,0,0,,,,,,0,0,0,65.0066021899042,0,0,65.0066021899042
2010-09-01,2010,"Q3","2010/11","Q1","September",0,13.267812815806,6.04319993825885,0.040455861,7.53815077202843,2.607827237065,0.0096783387,5.270039218282,26.29239621521,0.110805046225,0,0.22513,24.8295584331,4.1331656952817,2.01462171120413,0,,,,,,0,0,0,92.3828412821611,0,0,92.3828412821611
2010-10-01,2010,"Q4","2010/11","Q2","October",17.565377715,7.5302776189302,8.87364679695568,1.9895159320578,10.0590887071386,0.22394087196,0.5831862579888,23.2828801636659,40.6462539330522,0.042238893,0,0,0,15.1648123537182,0,0,,,,,,0,0,0,125.961219243467,0,0,125.961219243467
2010-11-01,2010,"Q4","2010/11","Q2","November",14.3847960333163,18.1078451955373,7.71771655172682,3.96170208385,3.3953371139659,0.215763763855,3.86913243033491,6.7822657127175,30.599563819466,0.0205540526,0,0.647066632360801,0,9.1253539159487,0,0,,,,,,0,0,0,98.8270973056792,0,0,98.8270973056792
2010-12-01,2010,"Q4","2010/11","Q2","December",22.4500863500891,18.8755735165102,0.420295582215,18.191682973146,3.18119003270882,1.9592803882435,1.04199187613784,0.07847646366,13.5409339827965,0,0,0,0,9.32727533537724,0,0,,,,,,0,0,0,89.0667865008842,0,0,89.0667865008842
2011-01-01,2011,"Q1","2010/11","Q3","January",0,13.3747802403719,2.5838451944886,0.40003958374485,5.24027937505555,0.945160605719148,0.175537611368,0.466627,0.03208527252,0,0,0,0,7.1933268285767,0,0,,,,,,0,0,0,30.4116817118447,0,0,30.4116817118447
2011-02-01,2011,"Q1","2010/11","Q3","February",7.84955456708333,4.44806539436974,2.03427694524879,1.79599348133701,6.82040020152503,0.0189227719555556,0.0537940682944444,1.05386725,27.2063789158779,0.0327444985513,0,0,0,17.1313323382094,0,0,,,,,,0,0,0,68.4453304324525,0,0,68.4453304324525
2011-03-01,2011,"Q1","2010/11","Q3","March",0,14.6149730511318,2.66657085722,2.71048935178249,4.80410810718982,0,1.05869799001231,2.2836952127644,3.71895880558287,0.342217846229218,0,0,0.759290594978936,8.67090658955482,0,0,,,,,,0,0,0,41.6299084064467,0,0,41.6299084064467
2011-04-01,2011,"Q2","2010/11","Q4","April",17.4871015097482,13.835450267217,14.1153471559575,2.49816522818036,9.69950809413457,0.725555255229423,0,3.91201209220211,6.93803862852142,0,0,0,0,11.8089859855191,0,0,,,,,,0,0,0,81.0201642167097,0,0,81.0201642167097
2011-05-01,2011,"Q2","2010/11","Q4","May",19.795364752896,4.6611390476016,0.2924320153184,3.60094859083762,16.6648007811615,0.05960126816,0.673920531088,7.41749417653212,16.1080504007536,0,0,0,0,16.3785892051088,0,0,,,,,,0,0,0,85.6523407694576,0,0,85.6523407694576
2011-06-01,2011,"Q2","2010/11","Q4","June",28.8479685247256,1.4988085036512,12.5530912564688,1.02321921768,14.1546761212714,2.4571915311417,0.917696098132,7.1794369218696,9.5363287853696,0.1514204326904,0,0,0,20.68811196266,0,0,,,,,,0,0,0,99.0079493556603,0,0,99.0079493556603
2011-07-01,2011,"Q3","2011/12","Q1","July",15.9664095670283,56.4741326225431,3.79469545210864,1.37757749035556,0.320116954468093,6.25144941300147,2.46437896261998,4.41200944416674,4.06462186378294,0,0,0,0,50.4123201721093,0,0,,,,,,0,0,0,145.537711942184,0,0,145.537711942184
2011-08-01,2011,"Q3","2011/12","Q1","August",12.5141420665673,62.835146602013,16.7868013913514,0,3.65955198906017,3.72788900118619,1.02317011227273,3.810214189376,15.4720664359491,0,0,0,0,13.1262390815161,0.0354065728727273,0,,,,,,0,0,0,132.990627442165,0,0,132.990627442165
2011-09-01,2011,"Q3","2011/12","Q1","September",5.3466,37.50843346572,0.517722652188,1.63230635715,0.100788323244,1.847331227826,2.151258730152,0.290238774,4.87054738905,0,2.1105,0,0,9.252029367252,0,0,,,,,,0,0,0,65.627756286582,0,0,65.627756286582
2011-10-01,2011,"Q4","2011/12","Q2","October",12.47007163664,19.7208828295689,1.26527062171986,3.64354187166867,12.5342607577575,6.33735137933525,0,9.75967491596237,18.254177945202,0,0.561074,0,0,5.05175247429991,0,0,,,,,,0,0,0,89.5980584321545,0,0,89.5980584321545
2011-11-01,2011,"Q4","2011/12","Q2","November",16.6303237156,6.36804341099222,1.83742299389382,5.0702568912496,57.2883534616032,5.1947824313733,0,9.1870802778808,27.3526761435242,0,0,0,0,13.9046284493402,0,0,,,,,,0,0,0,142.833567775457,0,0,142.833567775457
2011-12-01,2011,"Q4","2011/12","Q2","December",12.4639742808,45.193983267505,9.05838256315188,4.42967243798268,13.5354407839031,7.00666210181196,0,5.5314357551208,30.3030421658345,0,16.1334108218556,0.40788798114708,2.89465971191712,27.2215627032056,0,0,,,,,,0,0,0,174.180114574235,0,0,174.180114574235
2012-01-01,2012,"Q1","2011/12","Q3","January",12.7985574054264,3.97809151625631,4.42233314835383,1.23736564029232,1.09236507713632,6.11210909415747,0,0.187995630519286,5.54617525243603,10.2696747307842,0,0,0,137.326531404382,0.156922551190476,0,,,,,,0,0,0,183.128121450935,0,0,183.128121450935
2012-02-01,2012,"Q1","2011/12","Q3","February",12.312264060965,25.999737531053,10.0459794197285,2.0753772501915,0.424290818886448,0.684859014942999,0,3.14764223581672,4.37816726899885,0,0.330571638571429,0,0,3.48043307396493,0,0,,,,,,0,0,0,62.8793223131193,0,0,62.8793223131193
2012-03-01,2012,"Q1","2011/12","Q3","March",14.39310661896,17.5787620367365,3.75528785729148,1.81497189571212,25.072490873827,1.69765731215796,0,1.33152212667462,9.27020931123,0,0.02599827924,0,0,5.12814374656452,0.1366761,0,,,,,,0,0,0,80.2048261583941,0,0,80.2048261583941
2012-04-01,2012,"Q2","2011/12","Q4","April",0,85.2136222025016,20.7644355225151,15.8225958760097,0,9.8951275996318,0,3.69129151718512,3.0251469790166,0,14.2562624539102,0,0,68.9256946067034,0,0,,,,,,0,0,0,221.594176757474,0,0,221.594176757474
2012-05-01,2012,"Q2","2011/12","Q4","May",18.7559890304942,12.2537922141088,0.708413703797685,14.404158487445,1.25195676428795,6.62865181229386,0.0111382361433691,0.204727131152962,26.3163624423488,1.57083487312095,0.350062881868564,1.71162038908853,0,14.6141756101823,0,0,,,,,,0,0,0,98.781883576333,0,0,98.781883576333
2012-06-01,2012,"Q2","2011/12","Q4","June",44.34467325696,150.744964136481,7.9521907934358,51.5156493915983,28.5139810198408,15.2118749669126,0.53443464622092,10.6108661910841,43.0038457980865,0,-0.00323712108,0,0,34.1113462890206,0.15899904,0,,,,,,0,0,0,386.69958840856,0,0,386.69958840856
2012-07-01,2012,"Q3","2012/13","Q1","July",2.47418022727273,3.27177577158027,0,4.56233438464269,6.31067575224037,15.1779688982107,0.715704327985058,6.33982902775504,2.06714874826418,0,0,0,0,15.7473022505195,0,0,,,,,,0,0,0,56.6669193884706,0,0,56.6669193884706
2012-08-01,2012,"Q3","2012/13","Q1","August",34.4058708764151,13.1785958600852,23.8488312448671,1.84868743267478,3.00023997545515,4.69633009237202,11.6154362653263,0.429661746112972,11.7820505753605,0,0,0,0,13.689362955815,0.206839164702888,0,,,,,,0,0,0,118.701906189187,0,0,118.701906189187
2012-09-01,2012,"Q3","2012/13","Q1","September",0,12.9567394137507,0,5.50790213595376,22.023943670431,12.8161362085288,1.1436040646788,5.23882734478512,13.8077325396796,0,0,0,0,18.2719114134188,0,0,,,,,,0,0,0,91.7667967912266,0,0,91.7667967912266
2012-10-01,2012,"Q4","2012/13","Q2","October",17.6891711598888,7.3833963658593,10.0214239963295,48.6888796643284,0.866409633995637,41.7082993544032,0.615630201521711,3.09944555635733,0.941073943292643,0,0,0,0,32.4068100360675,0,0,,,,,,0,0,0,163.420539912044,0,0,163.420539912044
2012-11-01,2012,"Q4","2012/13","Q2","November",1.74977176436364,138.337214156351,0,4.39036827364852,153.103427995736,8.00484939678639,0,1.94398839872675,13.5438118329886,0,0,0,0,8.77600711434927,0,0,,,,,,0,0,0,329.84943893295,0,0,329.84943893295
2012-12-01,2012,"Q4","2012/13","Q2","December",32.2777093232842,100.474032413997,5.23712390806964,4.72911759266575,175.416109613819,5.76000480553683,1.53358552671238,19.0162870161559,0.806815130695427,0,0,0,0,28.7612419064049,0,0,,,,,,0,0,0,374.012027237341,0,0,374.012027237341
2013-01-01,2013,"Q1","2012/13","Q3","January",51.0775019552143,19.1795001880554,0,1.92152716639836,0.332451821330143,7.85318382917252,0,7.29782175951963,11.1781851272292,0,0,0,0,6.33676321982658,0,0,,,,,,0,0,0,105.176935066746,0,0,105.176935066746
2013-02-01,2013,"Q1","2012/13","Q3","February",20.328333417449,43.2059616988652,0,45.5009861574328,58.5465162915252,0.404685248347264,1.73879093046762,15.2583274766076,13.0898168405345,0,0.410729950538938,0,0,21.783305310889,0,0,,,,,,0,0,0,220.267453322657,0,0,220.267453322657
2013-03-01,2013,"Q1","2012/13","Q3","March",22.1171918075789,28.1769444760198,0,0.131752287742105,0.37368751465007,17.429728353455,0,1.31405623516896,22.9796187752503,0,0.48089956827581,0,0,33.5120149746794,0,0,,,,,,0,0,0,126.51589399282,0,0,126.51589399282
2013-04-01,2013,"Q2","2012/13","Q4","April",1.29604167849111,22.1581736528652,16.3840522837339,7.83678950663485,0.390138243482261,0.0238077833008271,0,2.65914141124579,29.0174497729464,0,2.71051891562981,0.238384716942151,0,50.9451655792219,0,0,,,,,,0,0,0,133.659663544494,0,0,133.659663544494
2013-05-01,2013,"Q2","2012/13","Q4","May",16.9135339204394,22.3081277164945,5.71890702342656,0.248758926177124,2.05795848668503,1.40206319879846,0.42521079421614,1.56398310293058,1.59804392181126,0,0,0,0,15.6845334595072,0,0,,,,,,0,0,0,67.9211205504862,0,0,67.9211205504862
2013-06-01,2013,"Q2","2012/13","Q4","June",17.3359384952,104.222618599538,38.9317634984317,7.0145262918731,2.9588206045047,0,0,5.6701386755468,2.3736484542992,0,0,0,0,74.4692709757074,0,0,,,,,,0,0,0,252.976725595101,0,0,252.976725595101
2013-07-01,2013,"Q3","2013/14","Q1","July",36.9851881696794,23.1011849155216,7.10196667967569,7.42047619560897,7.45060075079916,2.70381255409212,0,8.63203312578908,6.0649271607798,0,0,0,0,32.6281260647058,0,0,,,,,,0,0,0,132.088315616652,0,0,132.088315616652
2013-08-01,2013,"Q3","2013/14","Q1","August",0.967076815541343,22.2013485827063,11.5214544077799,12.2367975436044,0.324474634383549,8.53042033382722,0,3.35239476655582,12.0078407046189,0,0.386830726216537,0,0,8.67688460494767,0,0,,,,,,0,0,0,80.2055231201816,0,0,80.2055231201816
2013-09-01,2013,"Q3","2013/14","Q1","September",0.367126117605491,11.1891759317687,15.4416380944496,6.32926825968643,2.78984565606182,1.19262542816963,0.149681307174508,5.56616130725148,4.85769463578365,0,0,0,31.3729557832862,11.129826903529,0,0,,,,,,0,0,0,90.3859994247665,0,0,90.3859994247665
2013-10-01,2013,"Q4","2013/14","Q2","October",54.55196162349,4.7174805482422,0,11.5098978820313,1.75061156632591,0,0,1.51868549253947,8.03625336043398,1.1100121322,0,0,0,53.0101009566269,0.14284328918,0,,,,,,0,0,0,136.34784685107,0,0,136.34784685107
2013-11-01,2013,"Q4","2013/14","Q2","November",18.3277730228547,91.5079394470404,7.65778954880542,30.9367476824575,2.33648931864245,42.4260596029936,0,0,24.7320684302145,0,0,0,0,50.2611598746884,0,0,,,,,,0,0,0,268.186026927697,0,0,268.186026927697
2013-12-01,2013,"Q4","2013/14","Q2","December",22.1118752411455,9.01716550878357,0.0577975570032493,7.80204781124134,25.2505723456787,99.3530849426144,0,5.0933089974118,37.4561287155054,3.15309335521268,0,0,0,22.859235485468,0,0,,,,,,0,0,0,232.154309960065,0,0,232.154309960065
2014-01-01,2014,"Q1","2013/14","Q3","January",15.7150908306325,2.92219115585886,0.0835121743601059,2.25259659103697,0,9.03981122040421,0,0,1.11549172972876,0,66.1611295015071,0,0,1.7352679023273,0,0,,,,,,0,0,0,99.0250911058558,0,0,99.0250911058558
2014-02-01,2014,"Q1","2013/14","Q3","February",17.582053369005,47.295078545147,9.87849909870573,28.3264499034462,0.121212386589775,0,0,0.571478341676371,0.528246133422027,0,0,0,0,4.85588539659758,0,0,,,,,,0,0,0,109.15890317459,0,0,109.15890317459
2014-03-01,2014,"Q1","2013/14","Q3","March",7.50242914310173,5.59589368584573,0.236910946064057,18.0379039142537,11.2743291498108,0.10035742122503,0,1.13693245114542,3.18904518049595,0,0,0,0,14.9100506496882,0,0,,,,,,0,0,0,61.9838525416306,0,0,61.9838525416306
2014-04-01,2014,"Q2","2013/14","Q4","April",16.8732424270091,19.8867607090979,1.29649871233321,14.8918677750773,0.43546337052952,0.894177666751294,0,0,3.29793669386276,0.0297126009804069,0,0,0,61.6320408787662,0.0807198463284905,0,,,,,,0,0,0,119.318420680736,0,0,119.318420680736
2014-05-01,2014,"Q2","2013/14","Q4","May",1.12703825869064,49.4829796284964,0,10.4077747088052,0.214888064409578,28.653533812249,0,1.93426763704268,34.2324285777873,0,1.64250332135934,0,0,26.461561776239,0,0,,,,,,0,0,0,154.156975785079,0,0,154.156975785079
2014-06-01,2014,"Q2","2013/14","Q4","June",26.450798532,7.8300660235905,16.2445973756427,29.489621976851,74.6210964701417,0.2485354104159,0,2.5216207640119,17.6452494010776,0,0.0661225,0,0,6.0259937621401,0,0,,,,,,0,0,0,181.143702215871,0,0,181.143702215871
2014-07-01,2014,"Q3","2014/15","Q1","July",3.16021842803935,9.8164477957648,0,10.2221285827174,9.848698606977,13.2084505219425,0.58353225489385,4.37949520290208,50.7356943475513,1.01628531372827,0.727956314898865,0,0,11.4410150073999,0,0,,,,,,0,0,0,115.139922376815,0,0,115.139922376815
2014-08-01,2014,"Q3","2014/15","Q1","August",0,92.2175336494762,12.0120407100326,21.6818590747543,3.71547317606659,12.9464328251777,0.235970376367257,3.9248831473346,10.2646836624447,0,0,0,0,17.0028569472212,0,0,,,,,,0,0,0,174.001733568875,0,0,174.001733568875
2014-09-01,2014,"Q3","2014/15","Q1","September",68.2383614891128,17.8734394289727,1.53493665600497,8.44368710510572,4.00161565591074,15.2743108070071,0.0737838849350555,0.130760281182737,16.3348258522329,0,0,0,0,47.3318863689092,0,0,,,,,,0,0,0,179.237607529374,0,0,179.237607529374
2014-10-01,2014,"Q4","2014/15","Q2","October",27.2980382399237,1.41195577510143,-0.661978259889324,7.05460896886963,11.1854820253592,47.4707120384667,0.17438649209769,0.0821706757074634,11.8814258803208,0,0,0,0,6.3457619486178,0,0,,,,,,0,0,0,112.242563784575,0,0,112.242563784575
2014-11-01,2014,"Q4","2014/15","Q2","November",18.7960444718435,23.6901892365192,0,5.74342239082558,5.66089354513026,0.462144754878177,0,0.32810667,6.90625115599377,0,0,0,0,32.2644989911162,0,0,,,,,,0,0,0,93.8515512163067,0,0,93.8515512163067
2014-12-01,2014,"Q4","2014/15","Q2","December",19.5815234888,108.637975409985,5.9219142570848,8.455759471796,17.9392162126008,73.3282464278312,0.2424067949056,16.0679709179288,34.6671423764432,0,1.3863706688,0,0,24.0409729608984,0,0,,,,,,0,0,0,310.269498987074,0,0,310.269498987074
2015-01-01,2015,"Q1","2014/15","Q3","January",21.5816684853,6.6555635982495,6.6978878873313,18.5143911813465,0.3287130818895,0.2058562885038,10.9338982516137,0.7069087628229,22.0129992609186,0,0,0,0,2.6016578358903,0,0,,,,,,0,0,0,90.2395446338661,0,0,90.2395446338661
2015-02-01,2015,"Q1","2014/15","Q3","February",0,16.8680408516037,0.6655249771797,2.8459969686159,20.7562184363853,2.0309481866916,0,3.3515219872992,23.1916443804309,0,0,0,0,29.5647870653553,0,0,,,,,,0,0,0,99.2746828535616,0,0,99.2746828535616
2015-03-01,2015,"Q1","2014/15","Q3","March",13.4684014413,67.9379207337753,3.5434292600109,7.7733444185865,6.572760472434,12.5872407232338,0,10.8112326876918,24.1978080718218,2.4938587595181,0.2745914457,0,0,11.058166881333,0,0,,,,,,0,0,0,160.718754895405,0,0,160.718754895405
2015-04-01,2015,"Q2","2014/15","Q4","April",17.809321289646,10.710550982789,0,-0.46667946374,61.9731400246973,14.7108494842286,0,3.9027031745479,5.0558813329405,0,60.4699786765597,0,0,6.1989753634355,0,0,,,,,,0,0,0,180.364720865104,0,0,180.364720865104
2015-05-01,2015,"Q2","2014/15","Q4","May",20.452537872,6.933572112504,0,1.569489461945,8.084507209237,17.286822485941,0,0.302777735963,2.507941561547,0,-0.17175954,0,0,4.417303019373,0,0,,,,,,0,0,0,61.38319191851,0,0,61.38319191851
2015-06-01,2015,"Q2","2014/15","Q4","June",4.5090328972,59.0405003443883,0,18.1324509925836,1.5229383837527,24.2550235190965,0,8.7436482373055,5.317705214874,0,0.3781177251,0,0,52.0932685496257,0,0,,,,,,0,0,0,173.992685863926,0,0,173.992685863926
2015-07-01,2015,"Q3","2015/16","Q1","July",0.922417090309224,18.9986283657017,0,13.1008283590117,40.8076558418576,45.3910035943109,0,0.954274759814917,10.0825106118664,0.885875063263348,0,0,0,5.11452087112065,0,0,,,,,,0,0,0,136.257714557256,0,0,136.257714557256
2015-08-01,2015,"Q3","2015/16","Q1","August",65.9543110217271,70.1519881778029,0,1.90889243940665,13.3713531333578,42.0082723454576,0,2.65254752323291,58.5565773424023,0,0,0,0,0.941072637092432,0,0,,,,,,0,0,0,255.54501462048,0,0,255.54501462048
2015-09-01,2015,"Q3","2015/16","Q1","September",8.10457089787537,6.94884142128762,14.3647166356236,21.3781933765237,32.2804226435857,7.77247144591182,0.105386985261313,5.06136842719063,4.74188767328408,0,59.9780666383707,0,12.0977841803822,3.89276075341655,0,0,,,,,,0,0,0,176.726471078713,0,0,176.726471078713
2015-10-01,2015,"Q4","2015/16","Q2","October",13.6528827056813,44.737282983902,0,4.54840494723663,10.6573328314609,25.1288829526205,0,9.66114053110164,12.9006345364527,0,0,0,0,32.8333403735694,0,0,,,,,,0,0,0,154.119901862025,0,0,154.119901862025
2015-11-01,2015,"Q4","2015/16","Q2","November",0,20.9550586150007,-2.11979419671784,13.049410277636,12.4356563550522,62.785770093582,0,45.2549450358936,26.2024572166803,0,0,0,0,10.2985878671295,0,0,,,,,,0,0,0,188.862091264256,0,0,188.862091264256
2015-12-01,2015,"Q4","2015/16","Q2","December",76.682016160152,2.983234788248,0,4.6919057373032,39.130923356148,15.4852416708912,0,0.4128687577456,35.2527321743168,0,0,0,0,8.0875582937344,0,0,,,,,,0,0,0,182.726480938539,0,0,182.726480938539
2016-01-01,2016,"Q1","2015/16","Q3","January",0,2.9938126015347,0,4.3001294485545,5.9896789626366,0,0,0.0575334340383,9.0610249457079,0,0,0,0,9.2629148882655,0,0,,,,,,0,0,0,31.6650942807375,0,0,31.6650942807375
2016-02-01,2016,"Q1","2015/16","Q3","February",0,7.4709509883558,13.72274174964,6.9457636398513,28.602996914778,56.2353131267994,0,2.7855428668749,3.5743804407597,1.06788,0,0,0,9.3925267692927,0,0,,,,,,0,0,0,129.798096496352,0,0,129.798096496352
2016-03-01,2016,"Q1","2015/16","Q3","March",15.412075671681,27.072129199479,5.0224177575,2.3650014234288,14.604391100286,0.713878956102,0,7.8584638537587,5.5979291077515,1.955304340821,0,0,0,5.5761977521497,0,0,,,,,,0,0,0,86.1777891629577,0,0,86.1777891629577
2016-04-01,2016,"Q2","2015/16","Q4","April",0.606981175,11.4721087404926,0,27.7804199229891,4.764646658719,11.7647231253664,0,13.5597304,2.5943437050459,0,29.577293301625,0,0,70.1508582384696,0,0,,,,,,0,0,0,172.271105267708,0,0,172.271105267708
2016-05-01,2016,"Q2","2015/16","Q4","May",3.46855707,3.996506448896,4.365983162,28.32032068451,0.6437638044,45.66000200192,0,14.392497139875,19.12720143189,0,0,0,0,50.584392477843,0,0,,,,,,0,0,0,170.559224221334,0,0,170.559224221334
2016-06-01,2016,"Q2","2015/16","Q4","June",47.828490074749,6.844072912169,0,4.876435600693,6.45343928885,5.80972080523529,0,6.02071391104,19.1502805900768,0,0,0,0,29.923014706314,0,0,,,,,,0,0,0,126.906167889127,0,0,126.906167889127
2022-07-01,2022,"Q3","2022/23","Q1","July",11.1949749685414,0.366105542465526,0,0,0,0.13427607039585,14.4691862849037,4.92471552764748,41.5576626841475,0,0,26.1349739796947,0,0,0,0,1.21810494220379,0,0,0,100,0,0,0,100,0,0,100
2022-08-01,2022,"Q3","2022/23","Q1","August",3.04098951303791,0.618807676901879,0,0,0,0.304995719573342,16.316999519136,12.0090141772096,38.0571978944996,0,0,12.9952027884337,0,0,0,0,1.28564180380919,0,0,0,100,0,0,0,100,0,0,100
2022-09-01,2022,"Q3","2022/23","Q1","September",3.4722174567242,0,0,0,0,0.220970572974926,8.68842626774087,21.302151405338,16.1462257981365,0,0,49.8320514905005,0,0,0,0,0,0,0,0,100,0,0,0,100,0,0,100
2022-10-01,2022,"Q4","2022/23","Q2","October",3.06387254486025,0.351072377958193,0,0,0,1.0402012200364,-0.562718228505324,2.31342195429076,13.3286046185219,0,0,38.2580214316697,2.93996659798482,0,0,11.0362903468156,0.831688985737234,0,0,0,100,0,0,0,100,0,0,100
2022-11-01,2022,"Q4","2022/23","Q2","November",11.2634561866881,0,0,0,0,0,0,5.6757209195103,24.1353255375495,0,0,58.5936029794045,0,0,0,0,0,0,0,0,100,0,0,0,100,0,0,100
2022-12-01,2022,"Q4","2022/23","Q2","December",5.11432532766646,0.907246973561986,0,0,0,2.21383274467513,2.22404796399713,0.433568234667789,56.206702623761,0,0,31.0542284145187,0,0,0,1.84604771715177,0,0,0,0,100,0,0,0,100,0,0,100
2023-01-01,2023,"Q1","2022/23","Q3","January",4.1771327149889,0,0,0,0,6.3798616004261,0,2.50280682203374,83.8691074183,0,0,1.00645591271848,0,0,0,0,0,0,0,0,100,0,0,0,100,0,0,100
2023-02-01,2023,"Q1","2022/23","Q3","February",2.71810812638884,0,0,0,0,0,13.9617303884306,3.64992737997998,76.9438569852204,0,0,1.10556490632009,0,0,0,0,1.6208122136601,0,0,0,100,0,0,0,100,0,0,100
2023-03-01,2023,"Q1","2022/23","Q3","March",41.551357604896,1.1369303590958,0,0,0,9.55915782002317,0,1.77327486516498,31.4310869195541,0,0,1.00711738606654,10.2690733801709,0,0,0,1.47270327165008,0,0,0,100,0,0,0,100,0,0,100
2023-04-01,2023,"Q2","2022/23","Q4","April",3.17942101019101,0,0,0,0,6.71699692157282,0,12.4075630678804,13.5805284779018,0,0,64.115490522454,0,0,0,0,0,0,0,0,100,0,0,0,100,0,0,100
2023-05-01,2023,"Q2","2022/23","Q4","May",22.2180677939087,0.468107747726733,0,0,0,1.2108128856808,0.947826648077729,8.1945330465803,34.0375673752877,0,0,32.923084502738,0,0,0,0,0,0,0,0,100,0,0,0,100,0,0,100
2023-06-01,2023,"Q2","2022/23","Q4","June",9.98932098516245,0,0,0,0,1.09074297761477,14.9273044156981,11.498220514787,28.7978597715631,0,0,20.4081578945078,0,0,0,12.9830279583695,0,0,0,0,100,0,0,0,100,0,0,100
2023-07-01,2023,"Q3","2023/24","Q1","July",18.8694290924541,0.756616968492209,0,0,0,1.81157822283941,0,15.5380618058146,44.151240610919,0,0,3.69021460603518,0,0,0,5.6058103776576,2.17552229136653,0,0,0,100,0,0,0,100,0,0,100
2023-08-01,2023,"Q3","2023/24","Q1","August",6.63626253284076,0,0,0,0,0.379642265027625,0,2.03884246361931,20.6998591136495,58.5623091909507,0,0.998403293990891,1.27511793001039,0,0,0,2.23086887111937,0,0,0,100,0,0,0,100,0,0,100
2023-09-01,2023,"Q3","2023/24","Q1","September",6.1094926324067,0.443833183213497,0,0,0,0.0389900127173337,0,14.8962479753606,18.8813258544179,11.5367445743804,3.67007033889203,29.5542128952271,0,0,0,0,1.13135306771465,0,0,0,100,0,0,0,100,0,0,100
2023-10-01,2023,"Q4","2023/24","Q2","October",4.51966578021344,0,0,0,0,0.834538103741614,0,3.46493338322805,71.5999959689733,0,0,16.326001440853,0,0,0,0,0,0,0,0,100,0,0,0,100,0,0,100
2023-11-01,2023,"Q4","2023/24","Q2","November",2.67198336878011,1.80505958077809,0,0,0,1.02940189331614,7.63007699755525,4.23973721455237,70.932105453127,0,0,9.97785446080504,1.12845848920586,0,0,0,0,0,0,0,100,0,0,0,100,0,0,100
2023-12-01,2023,"Q4","2023/24","Q2","December",5.6696244939282,0,0,0,0,7.6128072574296,0,13.3676508474834,21.6001558528899,2.61341297345312,1.59258250506665,19.5114609076079,5.33986453591978,0,0,11.5648841011727,1.01485787848486,0,0,0,100,0,0,0,100,0,0,100
2024-01-01,2024,"Q1","2023/24","Q3","January",1.90912105984067,0.395270094870221,0,0,0,0.0969011844311263,0,15.1006113211302,70.9824225202589,0,0,10.1454709424508,0,0,0,0,0,0,0,0,100,0,0,0,100,0,0,100
2024-02-01,2024,"Q1","2023/24","Q3","February",2.50422330366774,3.10088678392711,0,0,0,0,25.3260917079789,24.1451163779021,33.1294915517608,0,5.34005901733403,3.1512189462657,0,0,0,0,2.64512434486024,0,0,0,100,0,0,0,100,0,0,100
2024-03-01,2024,"Q1","2023/24","Q3","March",1.58206345387818,0,0,0,0,3.16772048119161,0,1.54528383024849,14.0109776614576,0,5.2886600375963,47.3890708197431,13.1063521998523,0,0,0,0,0,0,0,100,0,0,0,100,0,0,100
2024-04-01,2024,"Q2","2023/24","Q4","April",14.5749711506523,0,0,0,0,6.63302944446108,12.0534475674164,1.17445534439377,31.226575489058,4.69622622606697,11.5934171434173,9.83199672485853,0,0,0,2.76495206265785,1.80887057815991,0,0,0,100,0,0,0,100,0,0,100
2024-05-01,2024,"Q2","2023/24","Q4","May",12.8413736332156,0,0,0,0,0.000165776380260201,0,3.6992024818443,57.1820768235603,0,11.3161611798049,12.8212671686418,0,0,0,0.972115935695031,0,0,0,0,100,0,0,0,100,0,0,100
2024-06-01,2024,"Q2","2023/24","Q4","June",1.73229803854814,0.921549330768662,0,0,0,0.0312699310856477,11.8525358985684,2.87151590525715,59.4956024446713,6.60435204645819,0,16.4908764046425,0,0,0,0,0,0,0,0,100,0,0,0,100,0,0,100
2024-07-01,2024,"Q3","2024/25","Q1","July",0,0,0,0,0,0,0,8.11857429655142,58.623446669089,0,0,18.5130412005714,0,0,0,0,0,0,0,0,100,0,0,0,100,0,0,100
2024-08-01,2024,"Q3","2024/25","Q1","August",0,0,0,0,0,3.18490296492864,0,9.90236279497474,11.3725042539711,0,10.048767827943,3.0239997459886,0,0,0,0,0,0,0,0,100,0,0,0,100,0,0,100
2024-09-01,2024,"Q3","2024/25","Q1","September",0,0,0,0,0,14.6843729834027,0,2.58301152673322,34.4709008661634,0,0,9.28972797195793,0,0,0,0,0,0,0,0,100,0,0,0,100,0,0,100
2024-10-01,2024,"Q4","2024/25","Q2","October",0,0.822955051077642,0,0,0,4.14819739565287,0,5.96964148297547,36.3506537278324,0,0,15.0544362852435,0,0,0,0,0,0,0,0,100,0,0,0,100,0,0,100
2024-11-01,2024,"Q4","2024/25","Q2","November",0,0,0,0,0,20.8220895907776,0,0.265439569743089,35.1235532914687,0,26.3932945391875,14.4111266861903,0,0,0,0,0,0,0,0,100,0,0,0,100,0,0,100
2024-12-01,2024,"Q4","2024/25","Q2","December",0,0,0,0,0,42.6302559653313,0,5.06012791324735,16.3991210777416,0,7.45894993735829,3.44426617270361,0,0,0,0,0,0,0,0,100,0,0,0,100,0,0,100
2025-01-01,2025,"Q1","2024/25","Q3","January",0,0,0,0,0,6.75414762367007,0,7.73727689331177,31.5044540809552,0,0,1.46864492129019,0,0,0,0,0,0,0,0,100,0,0,0,100,0,0,100
2025-02-01,2025,"Q1","2024/25","Q3","February",0,1.97733101400043,0,0,0,6.57022821498904,0,5.48804602052117,31.5942880889219,0,0,21.3951968765432,0,0,0,0,0,0,0,0,100,0,0,0,100,0,0,100
2025-03-01,2025,"Q1","2024/25","Q3","March",0,0.846781605068045,0,0,0,4.1912561407358,0,18.8812455203077,49.9231646096092,0,0,20.8817926033779,0,0,0,0,0,0,0,0,100,0,0,0,100,0,0,100
2025-04-01,2025,"Q2","2024/25","Q4","April",0,0,0,0,0,0.772866494145814,0,25.1746735021468,48.4161351824912,0,0,12.229627299616,0,0,0,0,0,0,0,0,100,0,0,0,100,0,0,100
2025-05-01,2025,"Q2","2024/25","Q4","May",0,0,0,0,0,23.5322835902611,0,5.22808655551339,63.8752141022661,0,0,6.27202397050483,0,0,0,0,0,0,0,0,100,0,0,0,100,0,0,100
2025-06-01,2025,"Q2","2024/25","Q4","June",0,0,0,0,0,0,0,0,0,0,0,0,0,0,0,0,0,0,0,0,100,0,0,0,100,0,0,100
2025-07-01,2025,"Q3","2025/26","Q1","July",1.64643313155251,0.919601541285442,0,0,0,12.2625098922584,51.787037014952,7.46485347150813,13.0021614112476,0,0,9.02518990810163,0,0,0,0,0,0,0,0,100,0,0,0,100,0,0,100
2025-08-01,2025,"Q3","2025/26","Q1","August",1.31127229192668,0,0,0,0,12.7071331597162,0,42.3186954886255,40.4041924478038,0,0,3.25870661192784,0,0,0,0,0,0,0,0,100,0,0,0,100,0,0,100
2025-09-01,2025,"Q3","2025/26","Q1","September",15.1367733927007,0,0,0,0,20.4931225685716,1.57554112020455,13.1846217521163,45.5310123087714,0,0,4.07892885763528,0,0,0,0,0,0,0,0,100,0,0,0,100,0,0,100
2025-10-01,2025,"Q4","2025/26","Q2","October",3.43379515565225,0,0,0,0,26.6861112897829,0,4.00281788235258,18.6444995713343,0,32.7444057728825,9.33769044724434,0,0,0,0,0,0,0,0,100,0,0,0,100,0,0,100
2025-11-01,2025,"Q4","2025/26","Q2","November",11.306874884079,0,0,0,0,5.33281578170799,0,7.82416100464648,32.2048767262231,0,15.8106818599429,27.5205897434005,0,0,0,0,0,0,0,0,100,0,0,0,100,0,0,100
2025-12-01,2025,"Q4","2025/26","Q2","December",5.20107337233744,0,0,0,0,24.7258190108754,10.7215143580801,14.2061020267189,21.2799815885824,0,3.66303871267566,20.20247093073,0,0,0,0,0,0,0,0,100,0,0,0,100,0,0,100
2026-01-01,2026,"Q1","2025/26","Q3","January",2.0997460135222,0,0,0,0,7.58138131694391,0,2.80995077560459,67.5057036005297,0,4.62122403705364,15.3819942563459,0,0,0,0,0,0,0,0,100,0,0,0,100,0,0,100
2026-02-01,2026,"Q1","2025/26","Q3","February",18.4317112980272,0,0,0,0,34.8545536253625,24.0218169223134,7.23737326059971,12.3025791367414,0,0.409878838882365,2.74208691807345,0,0,0,0,0,0,0,0,100,0,0,0,100,0,0,100
