"Date","Year","Quarter","FY","QFY","Month","EXP_W_AGRO","EXP_W_MID","EXP_W_SPD","EXP_W_MAN","EXP_W_TOD","EXP_W_NECLW","EXP_W_PSD","EXP_W_SED","EXP_W_ITIS","EXP_W_SUD","EXP_W_DIT","EXP_W_HCD","EXP_W_TTD","EXP_W_PST","EXP_W_CMC","EXP_W_GOS","EXP_W_DPI","EXP_W_RBD","EXP_W_ADJ","EXP_W_LEG","EXP_W_LGOV","EXP_W_I","EXP_W_I_DOM","EXP_W_I_EXT","EXP_W_CEN_TOT","EXP_W_LGP_TOT","EXP_W_I_TOT","EXP_W"
1997-07-01,1997,"Q3","1997/98","Q1","July",,,,,,,,,,,,,,,,,,,,,,0,0,0,7.50499635833333,9.67576364166667,,17.18076
1997-08-01,1997,"Q3","1997/98","Q1","August",,,,,,,,,,,,,,,,,,,,,,0,0,0,7.44978635833333,9.72074364166667,,17.17053
1997-09-01,1997,"Q3","1997/98","Q1","September",,,,,,,,,,,,,,,,,,,,,,0,0,0,8.64180635833333,9.58411364166667,,18.22592
1997-10-01,1997,"Q4","1997/98","Q2","October",,,,,,,,,,,,,,,,,,,,,,0,0,0,8.96056635833333,9.73202364166667,,18.69259
1997-11-01,1997,"Q4","1997/98","Q2","November",,,,,,,,,,,,,,,,,,,,,,0,0,0,12.1655663583333,8.14952364166667,,20.31509
1997-12-01,1997,"Q4","1997/98","Q2","December",,,,,,,,,,,,,,,,,,,,,,0,0,0,9.25450635833333,13.3397436416667,,22.59425
1998-01-01,1998,"Q1","1997/98","Q3","January",,,,,,,,,,,,,,,,,,,,,,0,0,0,8.25433635833334,10.8392436416667,,19.09358
1998-02-01,1998,"Q1","1997/98","Q3","February",,,,,,,,,,,,,,,,,,,,,,0,0,0,9.65226635833333,12.1500836416667,,21.80235
1998-03-01,1998,"Q1","1997/98","Q3","March",,,,,,,,,,,,,,,,,,,,,,0,0,0,10.3128863583333,12.9356136416667,,23.2485
1998-04-01,1998,"Q2","1997/98","Q4","April",,,,,,,,,,,,,,,,,,,,,,0,0,0,9.93531635833333,12.1446336416667,,22.07995
1998-05-01,1998,"Q2","1997/98","Q4","May",,,,,,,,,,,,,,,,,,,,,,0,0,0,9.98824635833333,17.2646136416667,,27.25286
1998-06-01,1998,"Q2","1997/98","Q4","June",,,,,,,,,,,,,,,,,,,,,,0,0,0,10.3101963583333,17.7866136416667,,28.09681
1998-07-01,1998,"Q3","1998/99","Q1","July",,,,,,,,,,,,,,,,,,,,,,0,0,0,12.33404964025,13.05924747175,,25.393297112
1998-08-01,1998,"Q3","1998/99","Q1","August",,,,,,,,,,,,,,,,,,,,,,0,0,0,13.63605252825,13.63708747175,,27.27314
1998-09-01,1998,"Q3","1998/99","Q1","September",,,,,,,,,,,,,,,,,,,,,,0,0,0,13.30728252825,13.39069747175,,26.69798
1998-10-01,1998,"Q4","1998/99","Q2","October",,,,,,,,,,,,,,,,,,,,,,0,0,0,13.14575752825,14.82856747175,,27.974325
1998-11-01,1998,"Q4","1998/99","Q2","November",,,,,,,,,,,,,,,,,,,,,,0,0,0,13.63047652825,14.58215747175,,28.212634
1998-12-01,1998,"Q4","1998/99","Q2","December",,,,,,,,,,,,,,,,,,,,,,0,0,0,13.33593052825,14.64206747175,,27.977998
1999-01-01,1999,"Q1","1998/99","Q3","January",,,,,,,,,,,,,,,,,,,,,,0,0,0,11.22673852825,14.45499747175,,25.681736
1999-02-01,1999,"Q1","1998/99","Q3","February",,,,,,,,,,,,,,,,,,,,,,0,0,0,14.96195052825,14.70519747175,,29.667148
1999-03-01,1999,"Q1","1998/99","Q3","March",,,,,,,,,,,,,,,,,,,,,,0,0,0,16.41083552825,14.80910747175,,31.219943
1999-04-01,1999,"Q2","1998/99","Q4","April",,,,,,,,,,,,,,,,,,,,,,0,0,0,13.79669952825,14.91044747175,,28.707147
1999-05-01,1999,"Q2","1998/99","Q4","May",,,,,,,,,,,,,,,,,,,,,,0,0,0,15.64427752825,15.12671747175,,30.770995
1999-06-01,1999,"Q2","1998/99","Q4","June",,,,,,,,,,,,,,,,,,,,,,0,0,0,16.59313052825,14.99378747175,,31.586918
1999-07-01,1999,"Q3","1999/00","Q1","July",,,,,,,,,,,,,,,,,,,,,,0,0,0,12.3746583333333,14.6691796666667,,27.043838
1999-08-01,1999,"Q3","1999/00","Q1","August",,,,,,,,,,,,,,,,,,,,,,0,0,0,11.3966933333333,14.6935296666667,,26.090223
1999-09-01,1999,"Q3","1999/00","Q1","September",,,,,,,,,,,,,,,,,,,,,,0,0,0,16.8097243333333,16.1829996666667,,32.992724
1999-10-01,1999,"Q4","1999/00","Q2","October",,,,,,,,,,,,,,,,,,,,,,0,0,0,9.89766433333333,15.2591896666667,,25.156854
1999-11-01,1999,"Q4","1999/00","Q2","November",,,,,,,,,,,,,,,,,,,,,,0,0,0,22.0788843333333,15.2879896666667,,37.366874
1999-12-01,1999,"Q4","1999/00","Q2","December",,,,,,,,,,,,,,,,,,,,,,0,0,0,15.6389773333333,15.4830796666667,,31.122057
2000-01-01,2000,"Q1","1999/00","Q3","January",,,,,,,,,,,,,,,,,,,,,,0,0,0,16.5028583333333,15.3649096666667,,31.867768
2000-02-01,2000,"Q1","1999/00","Q3","February",,,,,,,,,,,,,,,,,,,,,,0,0,0,14.5331073333333,17.9465896666667,,32.479697
2000-03-01,2000,"Q1","1999/00","Q3","March",,,,,,,,,,,,,,,,,,,,,,0,0,0,16.7282190623333,14.7492796666667,,31.477498729
2000-04-01,2000,"Q2","1999/00","Q4","April",,,,,,,,,,,,,,,,,,,,,,0,0,0,11.7872933333333,15.6209596666667,,27.408253
2000-05-01,2000,"Q2","1999/00","Q4","May",,,,,,,,,,,,,,,,,,,,,,0,0,0,19.7969703333333,15.8911896666667,,35.68816
2000-06-01,2000,"Q2","1999/00","Q4","June",,,,,,,,,,,,,,,,,,,,,,0,0,0,18.7791003333333,16.4148296666667,,35.19393
2000-07-01,2000,"Q3","2000/01","Q1","July",,,,,,,,,,,,,,,,,,,,,,0,0,0,14.6226919311667,17.0372430688333,,31.659935
2000-08-01,2000,"Q3","2000/01","Q1","August",,,,,,,,,,,,,,,,,,,,,,0,0,0,19.4097429311667,17.2396330688333,,36.649376
2000-09-01,2000,"Q3","2000/01","Q1","September",,,,,,,,,,,,,,,,,,,,,,0,0,0,17.4770509311667,17.4482330688333,,34.925284
2000-10-01,2000,"Q4","2000/01","Q2","October",,,,,,,,,,,,,,,,,,,,,,0,0,0,17.2006529311667,17.6687430688333,,34.869396
2000-11-01,2000,"Q4","2000/01","Q2","November",,,,,,,,,,,,,,,,,,,,,,0,0,0,16.7555469311667,17.9648930688333,,34.72044
2000-12-01,2000,"Q4","2000/01","Q2","December",,,,,,,,,,,,,,,,,,,,,,0,0,0,17.0149699311667,18.3447330688333,,35.359703
2001-01-01,2001,"Q1","2000/01","Q3","January",,,,,,,,,,,,,,,,,,,,,,0,0,0,17.4162489311667,18.3438630688333,,35.760112
2001-02-01,2001,"Q1","2000/01","Q3","February",,,,,,,,,,,,,,,,,,,,,,0,0,0,17.8007839311667,18.9157130688333,,36.716497
2001-03-01,2001,"Q1","2000/01","Q3","March",,,,,,,,,,,,,,,,,,,,,,0,0,0,18.5082079311667,19.0131130688333,,37.521321
2001-04-01,2001,"Q2","2000/01","Q4","April",,,,,,,,,,,,,,,,,,,,,,0,0,0,18.4517999311667,19.3312230688333,,37.783023
2001-05-01,2001,"Q2","2000/01","Q4","May",,,,,,,,,,,,,,,,,,,,,,0,0,0,16.9618089311667,19.2958930688333,,36.257702
2001-06-01,2001,"Q2","2000/01","Q4","June",,,,,,,,,,,,,,,,,,,,,,0,0,0,21.0981289311667,20.7721330688333,,41.870262
2001-07-01,2001,"Q3","2001/02","Q1","July",,,,,,,,,,,,,,,,,,,,,,0,0,0,19.2804850166667,23.4563079166667,,42.7367929333333
2001-08-01,2001,"Q3","2001/02","Q1","August",,,,,,,,,,,,,,,,,,,,,,0,0,0,20.2208864166667,23.7373179166667,,43.9582043333333
2001-09-01,2001,"Q3","2001/02","Q1","September",,,,,,,,,,,,,,,,,,,,,,0,0,0,19.9484904166667,23.9096379166667,,43.8581283333333
2001-10-01,2001,"Q4","2001/02","Q2","October",,,,,,,,,,,,,,,,,,,,,,0,0,0,19.5975064166667,24.3012379166667,,43.8987443333333
2001-11-01,2001,"Q4","2001/02","Q2","November",,,,,,,,,,,,,,,,,,,,,,0,0,0,21.0077284166667,24.4515279166667,,45.4592563333333
2001-12-01,2001,"Q4","2001/02","Q2","December",,,,,,,,,,,,,,,,,,,,,,0,0,0,20.5480064166667,25.6171079166667,,46.1651143333333
2002-01-01,2002,"Q1","2001/02","Q3","January",,,,,,,,,,,,,,,,,,,,,,0,0,0,19.8200614166667,24.3392879166667,,44.1593493333333
2002-02-01,2002,"Q1","2001/02","Q3","February",,,,,,,,,,,,,,,,,,,,,,0,0,0,6.84428941666667,25.1233279166667,,31.9676173333333
2002-03-01,2002,"Q1","2001/02","Q3","March",,,,,,,,,,,,,,,,,,,,,,0,0,0,31.7751504166667,26.1402479166667,,57.9153983333333
2002-04-01,2002,"Q2","2001/02","Q4","April",,,,,,,,,,,,,,,,,,,,,,0,0,0,24.0146304166667,26.5301779166667,,50.5448083333333
2002-05-01,2002,"Q2","2001/02","Q4","May",,,,,,,,,,,,,,,,,,,,,,0,0,0,21.6724154166667,26.2100179166667,,47.8824333333333
2002-06-01,2002,"Q2","2001/02","Q4","June",,,,,,,,,,,,,,,,,,,,,,0,0,0,14.4690548166668,28.4350979166667,,42.9041527333334
2002-07-01,2002,"Q3","2002/03","Q1","July",,,,,,,,,,,,,,,,,,,,,,0,0,0,19.8048326266667,27.6293773333333,,47.43420996
2002-08-01,2002,"Q3","2002/03","Q1","August",,,,,,,,,,,,,,,,,,,,,,0,0,0,19.4700146666667,27.3584943333333,,46.828509
2002-09-01,2002,"Q3","2002/03","Q1","September",,,,,,,,,,,,,,,,,,,,,,0,0,0,24.1156886666667,28.0291103333333,,52.144799
2002-10-01,2002,"Q4","2002/03","Q2","October",,,,,,,,,,,,,,,,,,,,,,0,0,0,21.7651986666667,28.3925163333333,,50.157715
2002-11-01,2002,"Q4","2002/03","Q2","November",,,,,,,,,,,,,,,,,,,,,,0,0,0,21.3502538666667,28.4242011333333,,49.774455
2002-12-01,2002,"Q4","2002/03","Q2","December",,,,,,,,,,,,,,,,,,,,,,0,0,0,22.6168859666667,29.0301353333333,,51.6470213
2003-01-01,2003,"Q1","2002/03","Q3","January",,,,,,,,,,,,,,,,,,,,,,0,0,0,22.9365281666667,28.8737799333333,,51.8103081
2003-02-01,2003,"Q1","2002/03","Q3","February",,,,,,,,,,,,,,,,,,,,,,0,0,0,18.6537797096667,28.9108095333333,,47.564589243
2003-03-01,2003,"Q1","2002/03","Q3","March",,,,,,,,,,,,,,,,,,,,,,0,0,0,25.5402931666667,28.9529454333333,,54.4932386
2003-04-01,2003,"Q2","2002/03","Q4","April",,,,,,,,,,,,,,,,,,,,,,0,0,0,21.9279045666667,29.2023083333333,,51.1302129
2003-05-01,2003,"Q2","2002/03","Q4","May",,,,,,,,,,,,,,,,,,,,,,0,0,0,23.5324712266667,29.3615513333333,,52.89402256
2003-06-01,2003,"Q2","2002/03","Q4","June",,,,,,,,,,,,,,,,,,,,,,0,0,0,26.9229415666667,29.5184263333333,,56.4413679
2003-07-01,2003,"Q3","2003/04","Q1","July",,,,,,,,,,,,,,,,,,,,,,0,0,0,17.9124356666667,28.9941122333333,,46.9065479
2003-08-01,2003,"Q3","2003/04","Q1","August",,,,,,,,,,,,,,,,,,,,,,0,0,0,28.0540836666667,29.0361923333333,,57.090276
2003-09-01,2003,"Q3","2003/04","Q1","September",,,,,,,,,,,,,,,,,,,,,,0,0,0,18.9595656666667,35.0253743333333,,53.98494
2003-10-01,2003,"Q4","2003/04","Q2","October",,,,,,,,,,,,,,,,,,,,,,0,0,0,28.8651756666667,31.6173513333333,,60.482527
2003-11-01,2003,"Q4","2003/04","Q2","November",,,,,,,,,,,,,,,,,,,,,,0,0,0,20.4309466666667,31.5958973333333,,52.026844
2003-12-01,2003,"Q4","2003/04","Q2","December",,,,,,,,,,,,,,,,,,,,,,0,0,0,30.5199626666667,32.3163093333333,,62.836272
2004-01-01,2004,"Q1","2003/04","Q3","January",,,,,,,,,,,,,,,,,,,,,,0,0,0,21.2214906666667,32.0144843333333,,53.235975
2004-02-01,2004,"Q1","2003/04","Q3","February",,,,,,,,,,,,,,,,,,,,,,0,0,0,15.4757976666667,32.2213493333333,,47.697147
2004-03-01,2004,"Q1","2003/04","Q3","March",,,,,,,,,,,,,,,,,,,,,,0,0,0,28.1240881666667,32.4533103333333,,60.5773985
2004-04-01,2004,"Q2","2003/04","Q4","April",,,,,,,,,,,,,,,,,,,,,,0,0,0,27.7850846666667,35.7967403333333,,63.581825
2004-05-01,2004,"Q2","2003/04","Q4","May",,,,,,,,,,,,,,,,,,,,,,0,0,0,24.0724246666667,34.2564683333333,,58.328893
2004-06-01,2004,"Q2","2003/04","Q4","June",,,,,,,,,,,,,,,,,,,,,,0,0,0,29.3902291296664,36.7196343333333,,66.1098634629998
2004-07-01,2004,"Q3","2004/05","Q1","July",,,,,,,,,,,,,,,,,,,,,,0,0,0,23.192868784,32.7602501056667,,55.9531188896667
2004-08-01,2004,"Q3","2004/05","Q1","August",,,,,,,,,,,,,,,,,,,,,,0,0,0,26.712243933,32.9835573936667,,59.6958013266667
2004-09-01,2004,"Q3","2004/05","Q1","September",,,,,,,,,,,,,,,,,,,,,,0,0,0,24.822992858,33.2240196986667,,58.0470125566667
2004-10-01,2004,"Q4","2004/05","Q2","October",,,,,,,,,,,,,,,,,,,,,,0,0,0,24.425960509,33.6733938756667,,58.0993543846667
2004-11-01,2004,"Q4","2004/05","Q2","November",,,,,,,,,,,,,,,,,,,,,,0,0,0,25.821700163,37.9980450856667,,63.8197452486667
2004-12-01,2004,"Q4","2004/05","Q2","December",,,,,,,,,,,,,,,,,,,,,,0,0,0,27.326480248,35.2272633036667,,62.5537435516667
2005-01-01,2005,"Q1","2004/05","Q3","January",,,,,,,,,,,,,,,,,,,,,,0,0,0,28.627860143,54.9080174146667,,83.5358775576667
2005-02-01,2005,"Q1","2004/05","Q3","February",,,,,,,,,,,,,,,,,,,,,,0,0,0,24.423058103,36.9420104536667,,61.3650685566667
2005-03-01,2005,"Q1","2004/05","Q3","March",,,,,,,,,,,,,,,,,,,,,,0,0,0,28.1210577,38.0711068826667,,66.1921645826667
2005-04-01,2005,"Q2","2004/05","Q4","April",,,,,,,,,,,,,,,,,,,,,,0,0,0,27.862076459,38.4774542926667,,66.3395307516667
2005-05-01,2005,"Q2","2004/05","Q4","May",,,,,,,,,,,,,,,,,,,,,,0,0,0,27.361018586,39.0324874816667,,66.3935060676667
2005-06-01,2005,"Q2","2004/05","Q4","June",,,,,,,,,,,,,,,,,,,,,,0,0,0,30.691320304,41.4837562216667,,72.1750765256666
2005-07-01,2005,"Q3","2005/06","Q1","July",,,,,,,,,,,,,,,,,,,,,,0,0,0,22.3370863151667,40.2579157613333,,62.5950020765
2005-08-01,2005,"Q3","2005/06","Q1","August",,,,,,,,,,,,,,,,,,,,,,0,0,0,29.5263460911667,44.0456581673333,,73.5720042585
2005-09-01,2005,"Q3","2005/06","Q1","September",,,,,,,,,,,,,,,,,,,,,,0,0,0,28.9355846661667,41.8491113833333,,70.7846960495
2005-10-01,2005,"Q4","2005/06","Q2","October",,,,,,,,,,,,,,,,,,,,,,0,0,0,23.9222256561667,44.7109635773333,,68.6331892335
2005-11-01,2005,"Q4","2005/06","Q2","November",,,,,,,,,,,,,,,,,,,,,,0,0,0,29.6155074931667,45.4358575453333,,75.0513650385
2005-12-01,2005,"Q4","2005/06","Q2","December",,,,,,,,,,,,,,,,,,,,,,0,0,0,29.7288061261667,45.1837448733333,,74.9125509995
2006-01-01,2006,"Q1","2005/06","Q3","January",,,,,,,,,,,,,,,,,,,,,,0,0,0,24.7915530271667,45.2956019283333,,70.0871549555
2006-02-01,2006,"Q1","2005/06","Q3","February",,,,,,,,,,,,,,,,,,,,,,0,0,0,23.3616702551667,44.8067869523333,,68.1684572075
2006-03-01,2006,"Q1","2005/06","Q3","March",,,,,,,,,,,,,,,,,,,,,,0,0,0,32.8415314701667,45.0654713003333,,77.9070027705
2006-04-01,2006,"Q2","2005/06","Q4","April",,,,,,,,,,,,,,,,,,,,,,0,0,0,27.1353067971667,45.3889423333333,,72.5242491305
2006-05-01,2006,"Q2","2005/06","Q4","May",,,,,,,,,,,,,,,,,,,,,,0,0,0,27.0872854441667,46.317114735,,73.4044001791667
2006-06-01,2006,"Q2","2005/06","Q4","June",,,,,,,,,,,,,,,,,,,,,,0,0,0,33.5105543351667,45.301581282,,78.8121356171667
2006-07-01,2006,"Q3","2006/07","Q1","July",,,,,,,,,,,,,,,,,,,,,,0,0,0,15.432544186,44.7531093869167,,60.1856535729167
2006-08-01,2006,"Q3","2006/07","Q1","August",,,,,,,,,,,,,,,,,,,,,,0,0,0,40.732823101,45.4612354923333,,86.1940585933333
2006-09-01,2006,"Q3","2006/07","Q1","September",,,,,,,,,,,,,,,,,,,,,,0,0,0,21.878296854,49.9693282373333,,71.8476250913333
2006-10-01,2006,"Q4","2006/07","Q2","October",,,,,,,,,,,,,,,,,,,,,,0,0,0,30.078416821,49.1815290073333,,79.2599458283333
2006-11-01,2006,"Q4","2006/07","Q2","November",,,,,,,,,,,,,,,,,,,,,,0,0,0,31.144504441,50.8901285283333,,82.0346329693333
2006-12-01,2006,"Q4","2006/07","Q2","December",,,,,,,,,,,,,,,,,,,,,,0,0,0,35.31026774695,51.7938679583333,,87.1041357052833
2007-01-01,2007,"Q1","2006/07","Q3","January",,,,,,,,,,,,,,,,,,,,,,0,0,0,32.969281958,47.6464329153333,,80.6157148733333
2007-02-01,2007,"Q1","2006/07","Q3","February",,,,,,,,,,,,,,,,,,,,,,0,0,0,29.599386353,50.6832770403333,,80.2826633933333
2007-03-01,2007,"Q1","2006/07","Q3","March",,,,,,,,,,,,,,,,,,,,,,0,0,0,31.133781689,51.7540091083333,,82.8877907973333
2007-04-01,2007,"Q2","2006/07","Q4","April",,,,,,,,,,,,,,,,,,,,,,0,0,0,31.88322435,51.8442422453333,,83.7274665953333
2007-05-01,2007,"Q2","2006/07","Q4","May",,,,,,,,,,,,,,,,,,,,,,0,0,0,31.140788486,52.0122707003333,,83.1530591863333
2007-06-01,2007,"Q2","2006/07","Q4","June",,,,,,,,,,,,,,,,,,,,,,0,0,0,56.776651729,52.4411311743333,,109.217782903333
2007-07-01,2007,"Q3","2007/08","Q1","July",,,,,,,,,,,,,,,,,,,,,,0,0,0,24.0340997527778,50.6964932503333,,74.7305930031111
2007-08-01,2007,"Q3","2007/08","Q1","August",,,,,,,,,,,,,,,,,,,,,,0,0,0,41.5488708947778,51.1660076263333,,92.7148785211111
2007-09-01,2007,"Q3","2007/08","Q1","September",,,,,,,,,,,,,,,,,,,,,,0,0,0,35.2830984917778,51.4579938223333,,86.7410923141111
2007-10-01,2007,"Q4","2007/08","Q2","October",,,,,,,,,,,,,,,,,,,,,,0,0,0,36.7666081127778,52.6628267693333,,89.4294348821111
2007-11-01,2007,"Q4","2007/08","Q2","November",,,,,,,,,,,,,,,,,,,,,,0,0,0,41.3890702107778,52.0417273723333,,93.4307975831111
2007-12-01,2007,"Q4","2007/08","Q2","December",,,,,,,,,,,,,,,,,,,,,,0,0,0,37.8265701957778,52.7085567283333,,90.5351269241111
2008-01-01,2008,"Q1","2007/08","Q3","January",,,,,,,,,,,,,,,,,,,,,,0,0,0,43.1455250321111,52.9348758793333,,96.0804009114445
2008-02-01,2008,"Q1","2007/08","Q3","February",,,,,,,,,,,,,,,,,,,,,,0,0,0,37.1791481521111,52.6456019553333,,89.8247501074444
2008-03-01,2008,"Q1","2007/08","Q3","March",,,,,,,,,,,,,,,,,,,,,,0,0,0,42.4538739471111,52.8476080853333,,95.3014820324445
2008-04-01,2008,"Q2","2007/08","Q4","April",,,,,,,,,,,,,,,,,,,,,,0,0,0,39.1176693513333,52.5528272503333,,91.6704966016667
2008-05-01,2008,"Q2","2007/08","Q4","May",,,,,,,,,,,,,,,,,,,,,,0,0,0,37.7117534873333,53.4536258963333,,91.1653793836667
2008-06-01,2008,"Q2","2007/08","Q4","June",,,,,,,,,,,,,,,,,,,,,,0,0,0,58.0388434453333,56.4233542213333,,114.462197666667
2008-07-01,2008,"Q3","2008/09","Q1","July",15.513264419,0.285443227,0.313912106,43.275045326,9.27361189641667,0.342337769,8.515577399,0.690579675,0.21958958,0.075025505,0.112981039,0.124027725,0.026371198,7.74968461132836,2.15351653241667,0.688282164,,,,,,0,0,0,35.3815920338333,53.9776581383284,,89.3592501721617
2008-08-01,2008,"Q3","2008/09","Q1","August",15.50117024,1.406827679,0.472485294,43.910236399,10.3122100204166,0.16386,1.898684692,0.696367048,0,0.075617301,0.098045269,0.119854698,0.000152207,7.96720743932836,1.51877098741667,0.932340279,,,,,,0,0,0,29.7837370178333,55.2900925353284,0,85.0738295531617
2008-09-01,2008,"Q3","2008/09","Q1","September",16.273420783,1.125,0.310969108,43.744179402,11.0135666844167,0.16386,8.663740022,0.680239333,0.109552922,0.076430485,0.011266497,0.119193543,0.026709439,7.62636785132836,2.66472429641667,1.470717367,,,,,,0,0,0,39.7299423288333,54.3499954043284,0,94.0799377331617
2008-10-01,2008,"Q4","2008/09","Q2","October",16.893673311,1.640918757,0.622554015,43.755000165,13.4766866444167,0.511456426,15.967832409,1.415102882,0.109326523,0.076446313,0.212392496,0.117243399,0.054958242,7.90581175332836,2.40448701941667,1.104781812,,,,,,0,0,0,51.2270223918333,55.0416497753284,0,106.268672167162
2008-11-01,2008,"Q4","2008/09","Q2","November",18.813559238,1.2993626,0.31254889,42.792994068,10.3675174594167,0.16846,1.474847994,0.335651331,0,0,0.012928354,0,0,7.36427109332836,1.38533156341667,2.195417803,,,,,,0,0,0,31.4733467108333,55.0495436833284,0,86.5228903941617
2008-12-01,2008,"Q4","2008/09","Q2","December",18.098321259,1.755439544,0.617061419,45.213465755,13.9599507594167,0.696308007,19.915945155,2.504127104,0.23650537,0.168365367,0.232179906,0.235950303,0.028352255,8.08241635232836,2.42333962541667,0,,,,,,0,0,0,58.7512037508333,55.4165244303284,0,114.167728181162
2009-01-01,2009,"Q1","2008/09","Q3","January",17.627759343,1.522167748,0.456377498,43.925423185,11.4218296544167,0,3.227804929,1.418869644,0.132478269,0.087278508,0.098721648,0.116529515,0.030397643,7.74252777932836,2.14443532041667,1.101616706,,,,,,0,0,0,35.9289758198333,55.1252415703284,0,91.0542173901617
2009-02-01,2009,"Q1","2008/09","Q3","February",17.58707939,1.5066187,0.304777712,43.551391728,10.4856813434167,0.164435,9.227003502,0.339454055,0,0,0.012267882,0,0.036315152,7.66722017332836,1.38233328041667,1.103447094,,,,,,0,0,0,38.2374003348333,55.1306246773284,0,93.3680250121617
2009-03-01,2009,"Q1","2008/09","Q3","March",16.952429882,1.860976889,0.615747036,44.513312601,11.0524490164167,0.180990283,10.188768753,2.483035803,0.231256402,0.179185096,0.223124095,0.227057061,0.035946213,8.00295425132836,1.94224516041667,2.168125664,,,,,,0,0,0,46.3361536928333,54.5214505133284,0,100.857604206162
2009-04-01,2009,"Q2","2008/09","Q4","April",17.575922712,2.010232067,0.466692452,44.719913701,9.97402834741667,0.313759714,10.661753244,1.427364484,0.113834126,0.082661706,0.110563723,0.131527414,0.031883869,7.68046200432836,1.65831901541667,0.467141785,,,,,,0,0,0,43.4484022258333,53.9776581383284,0,97.4260603641617
2009-05-01,2009,"Q2","2008/09","Q4","May",18.187421731,1.635743521,0.469590164,44.425739842,16.7607133684166,0.490355,10.667891765,1.516894802,0.131525644,0.080825925,0.113272387,0.125439625,0.037938467,8.25491689932836,2.72920852741667,0.857579235,,,,,,0,0,0,44.7966300268333,61.6884268763284,0,106.485056903162
2009-06-01,2009,"Q2","2008/09","Q4","June",20.27779554,0.237064907,0.613867163,45.703412236,14.6232859704166,0.700507351,19.222687475,1.594969431,0.118241365,0.090957679,0.129632449,0.123237844,0.073918591,8.64370353332836,4.83561155341667,1.961382338,,,,,,0,0,0,62.5748997598333,56.3753756663284,0,118.950275426162
2009-07-01,2009,"Q3","2009/10","Q1","July",17.848853259,0,0.255691301,43.823403276,10.767404287,0,0.7183575,0.954386325,0,0,0,0.046342612,0,7.782381747,0.904912960416667,0.853797,,,,,,0,0,0,26.7432453574167,57.21228491,0,83.9555302674167
2009-08-01,2009,"Q3","2009/10","Q1","August",17.59334497,1.659722796,0.780192751,45.077791217,12.516161115,0.377183576,10.050113038,1.109547994,0.126052206,0.790023667,0.102988697,0.165621256,0.036349818,8.329886098,1.88016134941667,0.583315146,,,,,,0,0,0,43.5450372144167,57.63341848,0,101.178455694417
2009-09-01,2009,"Q3","2009/10","Q1","September",17.665283025,3.150238102,0.724757328,46.477099664,11.692178661,0.188752098,2.573978206,3.54094163199999,0.257927273,0.947141896,0.216197507,0.168416894,0,8.277927639,1.60259237141667,1.094082244,,,,,,0,0,0,40.3519086544167,58.225605886,0,98.5775145404167
2009-10-01,2009,"Q4","2009/10","Q2","October",18.231765212,4.817737234,0.487089725,46.033076159,13.893680692,0.188752098,18.376430864,1.774621331,0.12773809,0.565456333,0.124420734,0.169492845,0.071660523,8.434689387,2.96090548741667,1.100570333,,,,,,0,0,0,59.0413091394167,58.316777908,0,117.358087047417
2009-11-01,2009,"Q4","2009/10","Q2","November",17.959751493,0,0.774668283,47.635881231,12.94412937,0.183424736,9.636951356,1.82319841200001,0.005594,0.647713739,0,0.176238952,0,8.073302159,1.39498296141667,0.85421004,,,,,,0,0,0,42.6495591954167,59.460487537,0,102.110046732417
2009-12-01,2009,"Q4","2009/10","Q2","December",18.045017528,0.325762062,0.692225089,47.907532925,13.978427565,0.686619736,12.427898191,2.42250017100001,0.155525687,1.515461901,0.227664097,0.308906356,0.076106385,8.299534973,2.71028413141667,1.418710655,,,,,,0,0,0,52.2728904924167,58.92528696,0,111.198177452417
2010-01-01,2010,"Q1","2009/10","Q3","January",18.665005476,0,0.252442613,47.212749642,12.525482801,0.388466708,9.562637993,1.808955079,0.131045352,0.1647023,0.000218,0.048735096,0.037321113,8.067430348,0.980826158416667,1.116081635,,,,,,0,0,0,41.7456954364167,59.216404878,0,100.962100314417
2010-02-01,2010,"Q1","2009/10","Q3","February",18.476340376,1.421422845,0.799968268,47.837281647,12.338914815,0.168771585,11.781814356,0.799477324999994,0.147825629,1.205572961,0.119548247,0.156653115,0,8.531311335,1.38087116241667,0.8414745,,,,,,0,0,0,46.9009597564167,59.10628841,0,106.007248166417
2010-03-01,2010,"Q1","2009/10","Q3","March",19.332556603,1.670766667,0.817701967,46.740092184,13.171151814,0.701881127,11.508065484,3.601100691,0.268455278,1.217603371,0.209663781,0.157455897,0.043947443,8.581682044,1.97368689141667,1.41660002,,,,,,0,0,0,52.9753578074167,58.437053455,0,111.412411262417
2010-04-01,2010,"Q2","2009/10","Q4","April",18.362712654,2.824638978,0.402515551,47.912069889,11.486775474,0.220572453,14.396576851,1.99165319299999,0.138960283,0.300133328,0.127929651,0.280098956,0.051639678,8.04153494,4.18032412241667,1.209898351,,,,,,0,0,0,52.6272126034167,59.300821749,0,111.928034352417
2010-05-01,2010,"Q2","2009/10","Q4","May",21.050936255,0.209707674,0.817291594,47.925535173,13.787123404,0.562967551,3.48347472,2.420233393,0.142715608,1.539179797,0.014800424,0.06398856,0.038143442,7.955946758,1.64406294441667,1.043561199,,,,,,0,0,0,42.5463643654167,60.153304131,0,102.699668496417
2010-06-01,2010,"Q2","2009/10","Q4","June",26.428561441,3.657204585,0.702686709,47.505229139,18.961625776,0.931547193,36.051132891,4.52107342100002,0.135093688,1.419376676,0.344467505,0.313152779,0.121854589,10.184636436,6.97856928241667,2.716104855,,,,,,0,0,0,99.5272726174167,61.445044348,0,160.972316965417
2010-07-01,2010,"Q3","2010/11","Q1","July",22.352055324,2.248483956,0.327809314,55.736921514,15.239603415,0.420609589,14.19639413,2.104023392,0.157064613,0.104695282,0.150789896,0.133605164,0.047183287,10.481502916,2.41462875691667,0.935810428,,,,,,0,0,0,56.4006580029167,70.650522974,0,127.051180976917
2010-08-01,2010,"Q3","2010/11","Q1","August",21.937462568,1.789772325,1.650262355,56.538761105,15.499995861,0.425051191,14.415582833,2.589366348,0.168575928,1.320583875,0.150252183,0.133517727,0.047202445,10.573609791,2.39611804591667,1.152672278,,,,,,0,0,0,59.1563353809167,71.632451478,0,130.788786858917
2010-09-01,2010,"Q3","2010/11","Q1","September",24.368316157,1.705671457,0.340600948,64.031409881,16.901326231,0.436310491,14.446106919,2.902770195,0.163523799,0.575692111,0.161480778,0.142966871,0.329683673,10.518760569,2.43623951191667,1.150916859,,,,,,0,0,0,60.4439885759167,80.167787875,0,140.611776450917
2010-10-01,2010,"Q4","2010/11","Q2","October",23.204841922,1.635718718,3.79801738,58.52415639,16.309039226,0.438305184,14.981755151,2.542196677,0.169636167,0.748101127,0.160361095,0.127753412,0.170232705,10.620796388,2.52800414291667,2.011293268,,,,,,0,0,0,63.9052836049167,74.064925348,0,137.970208952917
2010-11-01,2010,"Q4","2010/11","Q2","November",23.250650384,1.72109821,3.745349596,58.595594655,16.29043386,0.444715819,14.43862909,3.968675493,0.16331325,1.346112453,0.155574472,0.135475368,0.258641606,10.589991895,2.52198117591667,0.304182028,,,,,,0,0,0,63.9482249739167,73.982194381,0,137.930419354917
2010-12-01,2010,"Q4","2010/11","Q2","December",24.377177409,1.788440257,1.963794836,60.228584758,16.568353065,0.481262168,14.627537952,2.413367327,0.169031149,1.11874663,0.156747689,0.129420146,0.103459247,10.593773131,2.48876039391667,1.153193096,,,,,,0,0,0,62.4026833939167,75.95896586,0,138.361649253917
2011-01-01,2011,"Q1","2010/11","Q3","January",23.747305853,1.741366905,0.413469614,60.237956965,16.378383484,0.439539629,14.944641468,2.133931712,0.164429133,0.188602446,0.154211532,0.121925786,0.072060161,10.613468237,2.43860896591667,1.166535768,,,,,,0,0,0,59.2720642689167,75.68437339,0,134.956437658917
2011-02-01,2011,"Q1","2010/11","Q3","February",24.364540854,1.731250841,2.051663713,60.476384734,16.658806311,0.439595629,14.431942045,2.167176485,0.166671086,1.760071692,0.151193716,0.125258291,0.05591871,10.609542628,2.78594615091667,1.16534905,,,,,,0,0,0,63.1751866869167,75.966125249,0,139.141311935917
2011-03-01,2011,"Q1","2010/11","Q3","March",25.452713133,1.857962648,2.693167952,61.206733357,16.415828868,0.444085382,14.331282827,4.089955477,0.162014675,0.733556716,0.164110093,0.123873627,0.053807862,10.579022807,2.80429980891667,0.961971782,,,,,,0,0,0,65.5258398649167,76.54854715,0,142.074387014917
2011-04-01,2011,"Q2","2010/11","Q4","April",24.981690798,1.805603568,1.361322836,61.23787755,16.435865242,0.45613706,14.660510892,4.050022659,0.198154063,0.82138718,0.165553597,0.12770041,0.056992184,10.648795971,2.76371614091667,0.990147563,,,,,,0,0,0,63.9839898169167,76.777487897,0,140.761477713917
2011-05-01,2011,"Q2","2010/11","Q4","May",25.081499954,1.757915324,1.865416398,62.26567267,16.776006004,0.496274641,14.524116598,1.640845336,0.176218339,1.355057928,0.169181982,0.153013221,0.411675386,10.591931767,2.91991308791667,1.07419638,,,,,,0,0,0,63.4235099189167,77.835425097,0,141.258935015917
2011-06-01,2011,"Q2","2010/11","Q4","June",25.89051501,2.348978413,3.410869735,62.928590264,16.620305241,0.476277006,14.870987677,3.517682507,0.196239012,0.867185615,0.174475936,0.173528441,0.357807877,11.438078222,3.24502158991667,2.046445684,,,,,,0,0,0,69.1590135029167,79.403974727,0,148.562988229917
2011-07-01,2011,"Q3","2011/12","Q1","July",23.975552886,1.641518749,0.388047385,61.662441458,16.436524076,0.477526338,14.605206118,9.22888540241667,0.174727549,0.265718666,0.164762224,0.137677009,0.051945289,9.29219969,2.77464700525,1.31873028,,,,,,0,0,0,70.4710616436667,72.125048481,0,142.596110124667
2011-08-01,2011,"Q3","2011/12","Q1","August",24.233140068,1.934853193,4.132941142,58.720140952,16.823845009,0.482582696,14.374063268,7.26024646541667,0.233812694,1.626313896,0.162876724,0.134968433,0.051879167,9.96157862,2.85536094125,1.315257055,,,,,,0,0,0,70.9411444946667,73.362715829,0,144.303860323667
2011-09-01,2011,"Q3","2011/12","Q1","September",26.491829431,1.812351922,2.277932115,61.417823697,17.528960417,0.479054268,15.242821344,7.49629688941667,0.173931221,0.809165985,0.16167907,0.135020275,0.051746326,10.510871813,2.86575417225,1.343128286,,,,,,0,0,0,73.8546121496667,74.943755082,0,148.798367231667
2011-10-01,2011,"Q4","2011/12","Q2","October",25.13082008,1.647923836,0.675466662,60.910310335,16.938633066,0.448473897,20.765087266,9.03915390441667,0.1605717,0.965465833,0.159797304,0.13126995,0.045990829,10.596668395,2.76666527225,1.347704262,,,,,,0,0,0,76.4211444686667,75.308858123,0,151.730002591667
2011-11-01,2011,"Q4","2011/12","Q2","November",25.235940999,2.026920039,3.94982637,60.007527077,17.881286076,0.470473195,17.831283887,7.57506677641667,0.197952495,0.988089315,0.172425437,0.146108336,0.054541864,10.666365756,3.06838844725,1.344585699,,,,,,0,0,0,77.3141121786667,74.30266959,0,151.616781768667
2011-12-01,2011,"Q4","2011/12","Q2","December",25.790649414,1.846271378,2.430764969,59.592916011,17.538416443,0.505207205,16.557535717,7.43668356641667,0.238025743,1.266508652,0.163832614,0.135150982,0.050803905,10.757486135,2.99453918325,1.357885811,,,,,,0,0,0,74.4858987076667,74.176779021,0,148.662677728667
2012-01-01,2012,"Q1","2011/12","Q3","January",25.692864204,1.862789331,0.612312023,64.677687546,17.288448723,0.475760315,17.077541614,9.24383939441667,0.184255732,0.848584072,0.167587346,0.146569893,0.050803905,10.646085439,3.01324802925,1.348688414,,,,,,0,0,0,74.7217284856667,78.615337495,0,153.337065980667
2012-02-01,2012,"Q1","2011/12","Q3","February",25.444626541,2.113412818,3.848002546,62.7234825646,17.363916246,0.465571286,16.74998228,7.47232036341667,0.236899792,0.985941101,0.176201594,0.156364483,0.052728267,10.648749154,3.21150332525,1.338668215,,,,,,0,0,0,76.2181067846667,76.7702637916,0,152.988370576267
2012-03-01,2012,"Q1","2011/12","Q3","March",25.582287708,1.810520373,2.129194247,63.746785011,16.941751913,0.510528153,16.698793459,7.29338256641667,0.192597329,0.692119612,0.202478686,0.139542442,0.05140111,10.736936412,2.95766488525,1.357462681,,,,,,0,0,0,73.4020260126667,77.641420575,0,151.043446587667
2012-04-01,2012,"Q2","2011/12","Q4","April",25.842423351,1.991905631,2.30949265,65.491622724,17.82455096,0.465267124,17.722699094,9.48443160341667,0.176338957,1.182931388,0.171848827,0.145633988,0.060795722,10.696882444,3.25457570525,1.348088548,,,,,,0,0,0,78.0106089376667,80.158879779,0,158.169488716667
2012-05-01,2012,"Q2","2011/12","Q4","May",28.236274615,2.015949008,2.119920625,65.686310442,18.482103007,1.13484317,16.780852786,7.68482135941667,0.252957969,0.974325845,0.178462006,0.162770253,3.65299749,14.133029697,3.33710002925,1.343383739,,,,,,0,0,0,82.1993169766667,83.976785064,0,166.176102040667
2012-06-01,2012,"Q2","2011/12","Q4","June",31.049671913,2.064754046,3.336521589,61.575789486,16.853226204,5.008341686,14.911367406,7.72138414441667,0.185535256,1.341961408,0.170465965,0.158936916,0.062632858,12.593560541,3.02836661225,2.273926854,,,,,,0,0,0,84.4502059386667,77.886236946,0,162.336442884667
2012-07-01,2012,"Q3","2012/13","Q1","July",28.431357616,1.896547363,0.53761478,64.5513948530232,19.230320878,0.507686263,21.371453863,13.8572343860833,0.212982145,0.798381942,0.186093139,0.152990112,0.055134545,12.872146997,3.08486028525,0.961652738,,,,,,0,0,0,89.5393893463333,79.1684625590233,0,168.707851905357
2012-08-01,2012,"Q3","2012/13","Q1","August",29.439727739,2.079152447,3.181847088,73.3360845383333,18.808832356,0.503447208,18.359671762,12.7400338900833,0.278706609,1.067956012,0.186116486,0.151416085,0.055134545,12.67852753,3.00240443525,1.355695328,,,,,,0,0,0,89.3011817883333,87.9235722703333,0,177.224754058667
2012-09-01,2012,"Q3","2012/13","Q1","September",29.566340918,1.906947588,1.783513897,67.8871713997669,19.382887958,1.325317948,18.615996928,12.0292812330833,0.209281354,0.971638027,0.188603691,0.159860702,0.059580505,12.735675816,3.28367159325,1.354065609,,,,,,0,0,0,87.8101708103333,83.6496643567669,0,171.4598351671
2012-10-01,2012,"Q4","2012/13","Q2","October",28.748776177,1.95992728,0.650462835,3.427038044,3.029445019,0.508369741,19.181994158,11.6772301260833,0.208446948,0.490065329,0.195764484,0.150678539,0.453166414,2.806941277,1.97721162,1.948467181,,,,,,0,0,0,77.4139851720833,0,0,77.4139851720833
2012-11-01,2012,"Q4","2012/13","Q2","November",29.660142337,2.157136232,3.785009436,70.9191117653333,19.3081983,1.518801053,19.172908236,14.0758670670833,0.223308452,1.492357048,0.209518999,0.147528433,0.453335807,13.589377269,3.64046238425,1.414816928,,,,,,0,0,0,95.4756536603333,86.2922260863333,0,181.767879746667
2012-12-01,2012,"Q4","2012/13","Q2","December",29.82971334,1.950342142,2.372784938,145.637421891,36.066096581,0.50519327,18.632250624,12.1673575250833,0.261955322,1.256607599,0.197493223,0.154451104,0.522578089,24.172156481,4.1537908835,1.413344722,,,,,,0,0,0,100.234510806583,179.059026928,0,279.293537734583
2013-01-01,2013,"Q1","2012/13","Q3","January",29.221297002,1.894473221,0.948862144,2.577567198,2.619144834,0.479103162,18.519918352,11.6351674210833,0.187914018,0.444464115,0.188099726,0.152415788,0.44070252,2.800715043,2.144411563,1.409926041,,,,,,0,0,0,75.6641821480833,0,0,75.6641821480833
2013-02-01,2013,"Q1","2012/13","Q3","February",29.582543202,1.6413005,0.995564362,74.0303962273333,19.474199895,1.436245158,18.55460178,14.1652797630833,0.237521204,1.538271709,0.219126198,0.1675129,0.458958592,13.548111259,3.30069684725,1.409293761,,,,,,0,0,0,91.6528500053333,89.1067733523333,0,180.759623357667
2013-03-01,2013,"Q1","2012/13","Q3","March",30.644441664,2.159049274,5.209231158,146.430476371496,37.448071162,0.413371448,20.333618469,21.1450880341667,0.312342156,1.035348253,0.19070242,0.154765,0.447902767,25.602937422,4.2536277875,1.255510535,,,,,,0,0,0,114.361223055667,182.675260865496,0,297.036483921163
2013-04-01,2013,"Q2","2012/13","Q4","April",29.506621175,2.111240054,2.25625549825946,76.6296297053333,22.121504549,1.125319688,19.972508077,13.8019937180833,0.217926572,0.668479025,0.200919765,0.17912305,0.561979276,14.084676031,3.40302039825,1.714790144,,,,,,0,0,0,94.1722520573333,94.3837346685928,0,188.555986725926
2013-05-01,2013,"Q2","2012/13","Q4","May",29.468055553,2.036794555,2.513156809,2.431573124,3.94289361,0.909335346,18.435123502,11.9179567410833,0.208757802,1.35990757,0.1876184,0.16750109,0.511293049,2.899824946,2.314281399,1.480692152,,,,,,0,0,0,80.7847656480833,0,0,80.7847656480833
2013-06-01,2013,"Q2","2012/13","Q4","June",29.472867529,2.299323866,3.032849867,141.97684385394,47.22034511,1.954681159,8.758951033,12.1596858850833,0.256431859,0.999576472,0.207323168,0.175416038,0.358223096,28.1552742786975,3.2748125015,1.526974345,,,,,,0,0,0,91.2043384985833,190.625241562638,0,281.829580061221
2013-07-01,2013,"Q3","2013/14","Q1","July",30.074682948,1.808408318,1.003300501,106.892710910083,22.55157618,0.920610776,20.203713122,11.929886313,0.218674551,0.866415041,0.20867823,0.168760457,0.328758659,14.399905005,3.33676752306125,1.471203013,,,,,,0,0,0,93.1255759930613,123.258475554083,0,216.384051547145
2013-08-01,2013,"Q3","2013/14","Q1","August",31.059882125,2.075930198,4.221233892,76.4762082750833,22.563988955,1.135487701,32.390388026,14.692621961,0.241129305,1.085412613,0.220480678,0.210018888,0.455737022,18.059319774,4.02571989006125,1.468088219,,,,,,0,0,0,116.511457282061,93.8701902400833,0,210.381647522145
2013-09-01,2013,"Q3","2013/14","Q1","September",30.23780745,2.236152198,2.63284139,69.8560820915833,22.904731305,0.997690671,20.499123372,12.121104855,0.232822985,1.131123033,0.267239927,0.235274895,0.267058799,17.55666961,3.41163789006125,1.468367479,,,,,,0,0,0,92.6904264745612,93.3653014760833,0,186.055727950645
2013-10-01,2013,"Q4","2013/14","Q2","October",29.719956655,1.933748264,0.79242202,80.2773676230833,22.372639755,0.950020495,20.060965715,12.524502408,0.223577058,0.695983986,0.247596047,0.166957925,0.386816501,18.42044587,3.36856046106125,1.517786305,,,,,,0,0,0,93.4419283950613,100.217418693083,0,193.659347088145
2013-11-01,2013,"Q4","2013/14","Q2","November",30.305698422,2.38028854,4.298939266,76.2739438380833,21.623522918,1.139126265,20.003908248,14.743758935,0.23741293,1.276062321,0.320414005,0.234482416,0.902021838,18.616627967,3.52119591106125,1.481244355,,,,,,0,0,0,102.050324514061,95.3083236610833,0,197.358648175145
2013-12-01,2013,"Q4","2013/14","Q2","December",30.280628627,2.060862601,2.845106292,82.7394786871667,22.319221229,1.190406337,19.777270801,12.245668831,0.248394278,1.158347652,0.290487142,0.209539808,0.63085539,20.397260103,3.48490228906125,1.509261528,,,,,,0,0,0,102.104907311061,99.2827842841667,0,201.387691595228
2014-01-01,2014,"Q1","2013/14","Q3","January",29.021771374,1.88767338,0.903049933,73.2381546030833,20.920224131,0.92165014,20.084001179,11.78271488,0.126932403,0.765847785,0.170954266,0.141103247,0.374097555,14.771068358,3.06226538506125,1.494054567,,,,,,0,0,0,84.9392722850612,94.7262909010833,0,179.665563186145
2014-02-01,2014,"Q1","2013/14","Q3","February",30.805995765,1.988225553,4.33423196,78.1669052870833,22.129062056,0.917780439,19.414074439,12.931646765,0.23754894,0.809357739,0.280296652,0.22084315,0.333423969,19.959372828,2.27331381806125,1.398764143,,,,,,0,0,0,96.9137744550612,99.2870690480833,0,196.200843503145
2014-03-01,2014,"Q1","2013/14","Q3","March",31.835939646,2.332091047,3.195000209,85.4888520990833,24.69572871,1.115364749,10.357498278,13.837315253,0.172108731,1.345280907,0.269238183,0.166140654,0.87973098,22.932136319,4.51056506606125,1.545408871,,,,,,0,0,0,93.5703858380613,111.108013864083,0,204.678399702145
2014-04-01,2014,"Q2","2013/14","Q4","April",30.674581992,2.790520629,2.743877951,78.2251039234167,24.0036391086667,1.060188589,20.225329546,13.227184958,0.208415514,0.918399561,0.300593143,0.233733913,0.385494692,14.819913675,3.72119812906125,1.520868545,,,,,,0,0,0,95.3456097950613,99.7134340740833,0,195.059043869145
2014-05-01,2014,"Q2","2013/14","Q4","May",30.149493004,2.182775271,2.671071179,76.5349712824167,24.2241811716667,1.040368033,23.598843015,11.957017899,0.195273112,1.169497979,0.293119494,0.338564306,0.633623805,17.41780285,3.65593303606125,1.646060033,,,,,,0,0,0,97.6494288250612,100.059166645083,0,197.708595470145
2014-06-01,2014,"Q2","2013/14","Q4","June",33.655366442,2.627602203,3.155816297,79.2496424764167,26.0586142746667,1.150357856,21.164850587,13.797531707,0.302481373,1.543086759,0.315881124,0.361139804,0.45392175,16.84863695,3.86110249306125,2.225815401,,,,,,0,0,0,104.300683810061,102.471163687083,0,206.771847497145
2014-07-01,2014,"Q3","2014/15","Q1","July",34.585462418,1.749770734,1.42053261238339,92.0043326664429,23.1576903135403,1.035525428,17.788350987,13.8579475567244,0.186699506,0.973541505,0.20735445,0.275697901,0.819429811,21.054571428659,3.11929674766667,1.569145722,,,,,,0,0,0,101.094920765417,112.710429022,0,213.805349787417
2014-08-01,2014,"Q3","2014/15","Q1","August",36.138703841,2.423904947,3.7946271202775,92.0676574037321,24.8441111395654,1.083235504,23.567064658,12.5914931227644,0.250281878,1.057813719,0.216740775,0.252532367,0.383033,24.9070739444106,3.38734758266667,1.501737758,,,,,,0,0,0,116.204287875417,112.263070885,0,228.467358760417
2014-09-01,2014,"Q3","2014/15","Q1","September",33.686269583,2.063728259,2.193016359673,74.7657327459736,23.2510329145711,1.115799199,25.268556694,13.2653645382147,0.250595654,1.125847931,0.330362788,0.361472944,0.327916434,16.6265466963176,3.70697795066667,1.624493124,,,,,,0,0,0,98.8676202414167,101.096093574,0,199.963713815417
2014-10-01,2014,"Q4","2014/15","Q2","October",35.881393191,1.497304455,2.87803866542016,91.3964691715249,23.9969174753107,1.18086723,23.217631818,14.1223884482306,0.255223555,1.100319921,0.233653245,0.581104768,0.709267139,18.8711504802636,3.837056238,12.316241916,,,,,,0,0,0,123.54906322375,108.525964493,0,232.07502771675
2014-11-01,2014,"Q4","2014/15","Q2","November",35.902407997,3.103291143,2.95183819014454,89.012151592032,24.8031837417665,1.062746302,22.34286448,12.336519238967,0.325496955,1.106753366,0.236309541,0.256364201,0.328075282,21.35240884984,4.300658303,5.990592966,,,,,,0,0,0,113.24470053175,112.166961617,0,225.41166214875
2014-12-01,2014,"Q4","2014/15","Q2","December",34.867098326,2.158910189,2.60605432565816,88.55150050747,24.6390217118849,1.287417534,22.930089175,13.3764702201549,0.195404471,1.415478235,0.257655695,0.318404023,0.50522933,21.0035035685821,3.31257769,6.465836971,,,,,,0,0,0,107.35549416175,116.535157811,0,223.89065197275
2015-01-01,2015,"Q1","2014/15","Q3","January",34.442102718,2.61082179,2.70800880312989,89.9972348235704,24.8600564423456,1.065341101,23.457409584,14.3476502188776,0.196820012,1.224075232,0.46281595,0.393717286,0.336138483,18.1047590778266,4.14450504466667,4.653269444,,,,,,0,0,0,108.040528384417,114.964197626,0,223.004726010417
2015-02-01,2015,"Q1","2014/15","Q3","February",38.144754856,2.717905463,3.16943053710022,85.0344539227759,22.9983851253335,1.352554325,23.100450524,14.0518304094598,0.198389958,0.82355255,0.228942466,0.285509787,0.662534963,22.1306165930805,4.94394287166667,4.647521464,,,,,,0,0,0,122.062552899417,102.428222916,0,224.490775815417
2015-03-01,2015,"Q1","2014/15","Q3","March",35.981997989,2.255653353,3.03314113573817,99.5184189354137,27.5949531111587,1.070956155,20.516743935,12.9170880260156,0.195350253,1.470357535,0.385411691,0.385642739,0.50448246,21.7746022884238,3.89228245166667,6.40034155,,,,,,0,0,0,109.399280654417,128.498142954,0,237.897423608417
2015-04-01,2015,"Q2","2014/15","Q4","April",37.880462773,2.274046776,2.4657362361685,94.1322770684617,25.5510127347349,1.19713899,30.220562353,12.6443991501634,0.453096112,1.099508385,0.41090995,0.324142817,0.371771191,19.1388413052214,4.62511620266667,4.718478656,,,,,,0,0,0,118.152928723417,119.354571977,0,237.507500700417
2015-05-01,2015,"Q2","2014/15","Q4","May",34.205994509,2.728432624,3.61980824184324,91.0110624770887,25.7172689478216,1.223034349,25.101696131,13.7229824210104,0.23735697,1.075205877,0.330235206,0.227415787,0.514959295,22.650557534986,4.48987321266667,4.080713651,,,,,,0,0,0,111.405208947417,119.531388287,0,230.936597234417
2015-06-01,2015,"Q2","2014/15","Q4","June",36.734236385,3.428555099,3.32257899248995,115.084566189868,32.6029085353365,1.361299256,26.648785856,14.8371768057178,0.424537483,1.289912366,0.366801558,0.477658077,0.872129034,33.3775719513377,4.68301846766667,6.529832527,,,,,,0,0,0,125.036411700417,157.005156883,0,282.041568583417
2015-07-01,2015,"Q3","2015/16","Q1","July",39.307540674,2.808779078,2.5351394246659,99.4720251209104,24.4391959109141,1.028896231,24.879143927,13.477426080401,0.202983715,1.095832704,0.281929429,0.285234103,0.397908271,23.1081722052046,3.80418979337629,3.457308927,,,,,,0,0,0,127.867877033472,112.713828561,0,240.581705594472
2015-08-01,2015,"Q3","2015/16","Q1","August",37.467195303,2.21558825,2.75162185085604,102.66595262178,26.1230661344253,1.012729606,25.707367789,13.4181394401511,0.385321013,1.052837966,0.377195592,0.329124861,0.498291452,22.3564738188837,3.27781956637629,8.528179332,,,,,,0,0,0,125.348246703472,122.818657893,0,248.166904596472
2015-09-01,2015,"Q3","2015/16","Q1","September",29.141329515,1.66664743,2.18539477214858,91.9092669473203,25.1027424816184,1.32215684,26.161426192,13.1238401547485,0.272457843,1.123567694,0.225034308,0.427483997,0.751336353,18.6190305522602,4.39467192937629,6.479242545,,,,,,0,0,0,108.075195479472,114.830434075,0,222.905629554472
2015-10-01,2015,"Q4","2015/16","Q2","October",46.762481957,2.415840422,3.33148143529696,112.591445839573,27.7317234582729,1.069204132,25.900101662,13.4989492223673,0.311881838,1.238413997,0.474445076,0.279781392,0.627597959,25.4731147215863,3.89506894837629,5.969402093,,,,,,0,0,0,138.855259951472,132.715674202,0,271.570934153472
2015-11-01,2015,"Q4","2015/16","Q2","November",36.667527402,2.301568594,2.84720238016038,109.88141926255,28.7686643153605,1.06593655,24.176782891,14.1325605433484,0.342666566,1.165747327,0.440086875,0.378244742,0.449580225,23.5141852856764,4.30235362337629,10.127704061,,,,,,0,0,0,127.519667705472,133.042562938,0,260.562230643472
2015-12-01,2015,"Q4","2015/16","Q2","December",38.21792316,2.642918405,2.99108967833159,94.2993765110488,26.6276770964779,1.159685816,25.719949268,13.5399999226004,0.697837216,1.120146699,0.41422602,0.42365012,0.475957919,20.1134837476374,4.03921007937629,1.661523719,,,,,,0,0,0,109.136563825472,125.008091552,0,234.144655377472
2016-01-01,2016,"Q1","2015/16","Q3","January",38.849777302,2.85641657,2.79969114925493,106.83277936431,26.1493077789831,1.134539334,25.320264338,13.297558980992,0.316032758,1.164014034,0.332658035,0.296617935,0.663207413,23.7737534995556,4.52394491141296,4.24500024,,,,,,0,0,0,127.092990237509,125.462573406,0,252.555563643509
2016-02-01,2016,"Q1","2015/16","Q3","February",37.074071377,3.257273194,2.982281493338,119.036469014054,30.7256627758638,1.146471232,25.78062366,13.7609519300511,0.232327028,1.434082077,0.342073875,0.459139312,0.575046785,25.3539905347894,5.27504475341296,6.669312865,,,,,,0,0,0,127.999842475509,146.104979431,0,274.104821906509
2016-03-01,2016,"Q1","2015/16","Q3","March",37.050870647,3.899059007,3.11798032162854,98.0054176137051,27.1016295756695,1.192797634,25.823327611,13.4801216410607,0.366444042,0.779260876,0.46026392,0.54406421,0.515231875,20.4291375310323,4.91052802041296,5.038747832,,,,,,0,0,0,114.576217120509,128.138665237,0,242.714882357509
2016-04-01,2016,"Q2","2015/16","Q4","April",39.377175488,3.878468559,2.85168549152063,108.142637443536,27.1187526021717,1.107991205,27.751491452,14.4123273528691,0.3474215,1.373649132,0.403065892,0.259721238,0.486168036,23.1048219669986,5.05701535941296,4.113270475,,,,,,0,0,0,133.960724336509,125.824938857,0,259.785663193509
2016-05-01,2016,"Q2","2015/16","Q4","May",39.197065877,3.99845303,3.12200681410151,105.551511320703,28.594789982025,1.221226554,31.556252516,13.4516343451767,0.222446926,1.306359445,0.43964557,0.466238881,0.395491791,27.6107129970894,5.10004679041296,4.403895548,,,,,,0,0,0,133.320257469509,133.317520918,0,266.637778387509
2016-06-01,2016,"Q2","2015/16","Q4","June",32.607529579,7.281628351,3.20501236658443,123.782238434798,33.7203701510824,1.110105984,32.489804458,14.3077405591156,1.06746351,0.899436924,0.350242317,0.543968498,0.763042028,28.3514232035156,5.97043507441296,14.440316886,,,,,,0,0,0,134.316745754509,166.57401257,0,300.890758324509
2016-07-01,2016,"Q3","2016/17","Q1","July",,,,,,,,,,,,,,,,,,,,,,0,0,0,,,0,
2016-08-01,2016,"Q3","2016/17","Q1","August",,,,,,,,,,,,,,,,,,,,,,0,0,0,,,0,
2016-09-01,2016,"Q3","2016/17","Q1","September",,,,,,,,,,,,,,,,,,,,,,0,0,0,,,0,
2016-10-01,2016,"Q4","2016/17","Q2","October",,,,,,,,,,,,,,,,,,,,,,0,0,0,,,0,
2016-11-01,2016,"Q4","2016/17","Q2","November",,,,,,,,,,,,,,,,,,,,,,0,0,0,,,0,
2016-12-01,2016,"Q4","2016/17","Q2","December",,,,,,,,,,,,,,,,,,,,,,0,0,0,,,0,
2017-01-01,2017,"Q1","2016/17","Q3","January",,,,,,,,,,,,,,,,,,,,,,0,0,0,,,0,
2017-02-01,2017,"Q1","2016/17","Q3","February",,,,,,,,,,,,,,,,,,,,,,0,0,0,,,0,
2017-03-01,2017,"Q1","2016/17","Q3","March",,,,,,,,,,,,,,,,,,,,,,0,0,0,,,0,
2017-04-01,2017,"Q2","2016/17","Q4","April",,,,,,,,,,,,,,,,,,,,,,0,0,0,,,0,
2017-05-01,2017,"Q2","2016/17","Q4","May",,,,,,,,,,,,,,,,,,,,,,0,0,0,,,0,
2017-06-01,2017,"Q2","2016/17","Q4","June",,,,,,,,,,,,,,,,,,,,,,0,0,0,,,0,
2017-07-01,2017,"Q3","2017/18","Q1","July",,,,,,,,,,,,,,,,,,,,,,0,0,0,,,0,
2017-08-01,2017,"Q3","2017/18","Q1","August",,,,,,,,,,,,,,,,,,,,,,0,0,0,,,0,
2017-09-01,2017,"Q3","2017/18","Q1","September",,,,,,,,,,,,,,,,,,,,,,0,0,0,,,0,
2017-10-01,2017,"Q4","2017/18","Q2","October",,,,,,,,,,,,,,,,,,,,,,0,0,0,,,0,
2017-11-01,2017,"Q4","2017/18","Q2","November",,,,,,,,,,,,,,,,,,,,,,0,0,0,,,0,
2017-12-01,2017,"Q4","2017/18","Q2","December",,,,,,,,,,,,,,,,,,,,,,0,0,0,,,0,
2018-01-01,2018,"Q1","2017/18","Q3","January",,,,,,,,,,,,,,,,,,,,,,0,0,0,,,0,
2018-02-01,2018,"Q1","2017/18","Q3","February",,,,,,,,,,,,,,,,,,,,,,0,0,0,,,0,
2018-03-01,2018,"Q1","2017/18","Q3","March",,,,,,,,,,,,,,,,,,,,,,0,0,0,,,0,
2018-04-01,2018,"Q2","2017/18","Q4","April",,,,,,,,,,,,,,,,,,,,,,0,0,0,,,0,
2018-05-01,2018,"Q2","2017/18","Q4","May",,,,,,,,,,,,,,,,,,,,,,0,0,0,,,0,
2018-06-01,2018,"Q2","2017/18","Q4","June",,,,,,,,,,,,,,,,,,,,,,0,0,0,,,0,
2018-07-01,2018,"Q3","2018/19","Q1","July",,,,,,,,,,,,,,,,,,,,,,0,0,0,,,0,
2018-08-01,2018,"Q3","2018/19","Q1","August",,,,,,,,,,,,,,,,,,,,,,0,0,0,,,0,
2018-09-01,2018,"Q3","2018/19","Q1","September",,,,,,,,,,,,,,,,,,,,,,0,0,0,,,0,
2018-10-01,2018,"Q4","2018/19","Q2","October",,,,,,,,,,,,,,,,,,,,,,0,0,0,,,0,
2018-11-01,2018,"Q4","2018/19","Q2","November",,,,,,,,,,,,,,,,,,,,,,0,0,0,,,0,
2018-12-01,2018,"Q4","2018/19","Q2","December",,,,,,,,,,,,,,,,,,,,,,0,0,0,,,0,
2019-01-01,2019,"Q1","2018/19","Q3","January",,,,,,,,,,,,,,,,,,,,,,0,0,0,,,0,
2019-02-01,2019,"Q1","2018/19","Q3","February",,,,,,,,,,,,,,,,,,,,,,0,0,0,,,0,
2019-03-01,2019,"Q1","2018/19","Q3","March",,,,,,,,,,,,,,,,,,,,,,0,0,0,,,0,
2019-04-01,2019,"Q2","2018/19","Q4","April",,,,,,,,,,,,,,,,,,,,,,0,0,0,,,0,
2019-05-01,2019,"Q2","2018/19","Q4","May",,,,,,,,,,,,,,,,,,,,,,0,0,0,,,0,
2019-06-01,2019,"Q2","2018/19","Q4","June",,,,,,,,,,,,,,,,,,,,,,0,0,0,,,0,
2019-07-01,2019,"Q3","2019/20","Q1","July",,,,,,,,,,,,,,,,,,,,,,0,0,0,,,0,
2019-08-01,2019,"Q3","2019/20","Q1","August",,,,,,,,,,,,,,,,,,,,,,0,0,0,,,0,
2019-09-01,2019,"Q3","2019/20","Q1","September",,,,,,,,,,,,,,,,,,,,,,0,0,0,,,0,
2019-10-01,2019,"Q4","2019/20","Q2","October",,,,,,,,,,,,,,,,,,,,,,0,0,0,,,0,
2019-11-01,2019,"Q4","2019/20","Q2","November",,,,,,,,,,,,,,,,,,,,,,0,0,0,,,0,
2019-12-01,2019,"Q4","2019/20","Q2","December",,,,,,,,,,,,,,,,,,,,,,0,0,0,,,0,
2020-01-01,2020,"Q1","2019/20","Q3","January",,,,,,,,,,,,,,,,,,,,,,0,0,0,,,0,
2020-02-01,2020,"Q1","2019/20","Q3","February",,,,,,,,,,,,,,,,,,,,,,0,0,0,,,0,
2020-03-01,2020,"Q1","2019/20","Q3","March",,,,,,,,,,,,,,,,,,,,,,0,0,0,,,0,
2020-04-01,2020,"Q2","2019/20","Q4","April",,,,,,,,,,,,,,,,,,,,,,0,0,0,,,0,
2020-05-01,2020,"Q2","2019/20","Q4","May",,,,,,,,,,,,,,,,,,,,,,0,0,0,,,0,
2020-06-01,2020,"Q2","2019/20","Q4","June",,,,,,,,,,,,,,,,,,,,,,0,0,0,,,0,
2020-07-01,2020,"Q3","2020/21","Q1","July",,,,,,,,,,,,,,,,,,,,,,0,0,0,,,,
2020-08-01,2020,"Q3","2020/21","Q1","August",,,,,,,,,,,,,,,,,,,,,,0,0,0,,,,
2020-09-01,2020,"Q3","2020/21","Q1","September",,,,,,,,,,,,,,,,,,,,,,0,0,0,,,,
2020-10-01,2020,"Q4","2020/21","Q2","October",,,,,,,,,,,,,,,,,,,,,,0,0,0,,,,
2020-11-01,2020,"Q4","2020/21","Q2","November",,,,,,,,,,,,,,,,,,,,,,0,0,0,,,,
2020-12-01,2020,"Q4","2020/21","Q2","December",,,,,,,,,,,,,,,,,,,,,,0,0,0,,,,
2021-01-01,2021,"Q1","2020/21","Q3","January",,,,,,,,,,,,,,,,,,,,,,0,0,0,,,,
2021-02-01,2021,"Q1","2020/21","Q3","February",,,,,,,,,,,,,,,,,,,,,,0,0,0,,,,
2021-03-01,2021,"Q1","2020/21","Q3","March",,,,,,,,,,,,,,,,,,,,,,0,0,0,,,,
2021-04-01,2021,"Q2","2020/21","Q4","April",,,,,,,,,,,,,,,,,,,,,,0,0,0,,,,
2021-05-01,2021,"Q2","2020/21","Q4","May",,,,,,,,,,,,,,,,,,,,,,0,0,0,,,,
2021-06-01,2021,"Q2","2020/21","Q4","June",,,,,,,,,,,,,,,,,,,,,,0,0,0,,,,
2021-07-01,2021,"Q3","2021/22","Q1","July",,,,,,,,,,,,,,,,,,,,,,0,0,0,,,,
2021-08-01,2021,"Q3","2021/22","Q1","August",,,,,,,,,,,,,,,,,,,,,,0,0,0,,,,
2021-09-01,2021,"Q3","2021/22","Q1","September",,,,,,,,,,,,,,,,,,,,,,0,0,0,,,,
2021-10-01,2021,"Q4","2021/22","Q2","October",,,,,,,,,,,,,,,,,,,,,,0,0,0,,,,
2021-11-01,2021,"Q4","2021/22","Q2","November",,,,,,,,,,,,,,,,,,,,,,0,0,0,,,,
2021-12-01,2021,"Q4","2021/22","Q2","December",,,,,,,,,,,,,,,,,,,,,,0,0,0,,,,
2022-01-01,2022,"Q1","2021/22","Q3","January",,,,,,,,,,,,,,,,,,,,,,0,0,0,,,,
2022-02-01,2022,"Q1","2021/22","Q3","February",,,,,,,,,,,,,,,,,,,,,,0,0,0,,,,
2022-03-01,2022,"Q1","2021/22","Q3","March",,,,,,,,,,,,,,,,,,,,,,0,0,0,,,,
2022-04-01,2022,"Q2","2021/22","Q4","April",,,,,,,,,,,,,,,,,,,,,,0,0,0,,,,
2022-05-01,2022,"Q2","2021/22","Q4","May",,,,,,,,,,,,,,,,,,,,,,0,0,0,,,,
2022-06-01,2022,"Q2","2021/22","Q4","June",,,,,,,,,,,,,,,,,,,,,,0,0,0,,,,
2022-07-01,2022,"Q3","2022/23","Q1","July",13.6601731694,0,1.254263022,0,0.13851,1.344412373,2.933035059,0,6.026697518,0,0.137522741,212.791895732333,0.579004493,3.483392556,0.049387458,158.4605855895,17.2987485963333,35.2303467055,1.836549224,8.994451934,0,0,0,0,226.276587270833,237.942388813233,,464.218976084067
2022-08-01,2022,"Q3","2022/23","Q1","August",21.3492964244,0,2.173441635,0.310126995,0.550785922,3.55529652,5.190257074,2.346303633,7.839744649,0.678802517,1.664738285,320.223942404333,1.217352222,13.448881606,0.511014097,149.6541727495,22.4657935973333,35.2790741935,10.93855209,10.985536552,0,0,0,0,372.440724265833,237.942388813233,,610.383113079067
2022-09-01,2022,"Q3","2022/23","Q1","September",18.4272524084,0,2.293316766,0.187218314,0.198407681,4.043892184,4.29499832,1.967575818,8.120992525,0.26259286,1.020620743,270.388930346333,0.767141475,8.201927017,0.319286347,166.9387074285,22.5881424233333,35.2470864005,6.666915865,7.56375646,0,0,0,0,321.556372481833,237.942388813233,,559.498761295067
2022-10-01,2022,"Q4","2022/23","Q2","October",19.8363403524,0.1,2.195126816,0.204194724,0.302702379,3.572291759,4.21920114,1.911426765,7.977302169,0.420439731,1.207692899,302.963374934667,0.928883844,11.479471955,0.476934203,148.0598713005,20.9546776993333,36.5703407575,7.362514037,7.42921749,0,0,0,0,312.594615201833,265.577389666567,,578.1720048684
2022-11-01,2022,"Q4","2022/23","Q2","November",19.6791919834,0,2.287044935,0.218261907,0.621810454,4.786125232,4.60550834,1.413975059,7.354784126,0.452688677,1.482476017,302.273852824667,1.051117667,8.12347875,0.381114622,148.6851228595,21.1689871493333,36.5696010255,6.914491235,9.415454805,0,0,0,0,311.907697914833,265.577389666567,,577.4850875814
2022-12-01,2022,"Q4","2022/23","Q2","December",21.1915257854,0,4.967454233,0.14583255,1.601239045,4.367359232,5.515239538,0.82152379,7.11617838,0.302948852,1.573191891,302.578504560667,3.058484743,8.1245627,0.194461174,157.1007836985,21.4052063283333,36.5713304825,6.530916633,11.068990519,0,0,0,0,328.658344381833,265.577389666567,,594.2357340484
2023-01-01,2023,"Q1","2022/23","Q3","January",23.312932351593,0,2.146441707,0.171581112,0.410776595,3.513494453,4.377914257,1.893271888,7.909852519,0.496805168,0.979821986,313.393059248969,0.89020403,12.21776396,0.27456882,148.970530344333,21.4095054893333,41.032713601501,6.395850711,11.286873252,0,0,0,0,314.946814502056,284.189452911063,,599.136267413119
2023-02-01,2023,"Q1","2022/23","Q3","February",22.857240815593,0,2.405999124,0.124245942,0.556901925,3.980422517,4.062328815,1.278317501,7.897093007,0.203638865,1.148030745,312.577325775969,0.855655054,9.832466161,0.507781048,121.994075403333,21.8461393743333,41.032848993501,6.663215071,8.566806003,0,0,0,0,282.253385149056,284.189452911063,,566.442838060119
2023-03-01,2023,"Q1","2022/23","Q3","March",23.746896521593,0,2.097379223,0.150549432,0.503014403,3.609318735,4.97019481,1.460782945,7.133730673,0.201647065,1.393490845,312.740751016969,1.221991618,6.743501605,0.234222871,77.7696829533333,21.4830308393333,41.031971797501,6.650044598,10.936859541,0,0,0,0,237.941914501056,284.189452911063,,522.131367412119
2023-04-01,2023,"Q2","2022/23","Q4","April",25.9169363812225,0,2.330258892,0.156495528,0.606124536,3.502984632,3.345994608,1.308707839,7.344299728,0.620178663,1.212550922,275.510101517459,0.810474079,6.103940427,0.246254045,69.8544342773333,22.2121865133333,43.9679966196675,6.497985428,9.515810044,0,0,0,0,207.169861230056,271.946159369349,,479.116020599405
2023-05-01,2023,"Q2","2022/23","Q4","May",30.3526229662225,0,2.257220909,0.169895219,0.455995165,3.470418004,5.758449617,1.246436253,7.821526976,0.362780057,1.511385037,307.143475410459,2.492844902,9.752320629,0.415379192,157.797880262333,21.3116208923333,43.9486713396675,7.060107246,9.64175467,0,0,0,0,339.076931297056,271.946159369349,,611.023090666405
2023-06-01,2023,"Q2","2022/23","Q4","June",31.0289620922225,0,6.916307165,0.235135339,1.577299559,7.440150888,11.066342439,1.364079899,9.115911235,2.095336403,1.392359952,328.208793865459,4.167049037,14.110052842,0.655816104,354.013474258333,23.8676302753333,44.0171790996675,7.227542365,36.078344654,0,0,0,0,610.683914022056,271.946159369349,,882.630073391405
2023-07-01,2023,"Q3","2023/24","Q1","July",19.3673597733967,0.081372644,2.161309573,0.110533007,0.535797381,3.106711798,4.138027015,0.1651268,7.382721445,0.16781485,0.823385675,279.495875529907,0.622290865,4.855585012,0.162737728,144.076507386833,25.0423556153333,36.67037485208,6.577458586,8.929726865,0,0,0,0,277.084397046167,267.388675268383,,544.47307231455
2023-08-01,2023,"Q3","2023/24","Q1","August",21.4714443733967,0.472780439,2.557357051,0.121293125,0.536053173,2.587543999,4.438986824,0.819455126,7.276624682,1.057333779,1.495509753,313.214942542907,0.905283073,10.538592474,0.354515212,156.201236268833,26.5211145343333,36.68037882508,6.865698321,10.944369679,0,0,0,0,337.671837899167,267.388675268383,,605.06051316755
2023-09-01,2023,"Q3","2023/24","Q1","September",20.0851201373967,0.637311875,2.617917582,0.220717836,0.457120776,2.499758084,4.471430805,0.603804759,7.165512578,1.137113692,1.590632437,305.152691552907,1.468034736,9.404686298,0.375269818,150.731282519833,25.8953385973333,36.66558124508,7.877922368,12.724559329,0,0,0,0,324.393131670167,267.388675268383,,591.78180693855
2023-10-01,2023,"Q4","2023/24","Q2","October",20.714075997397,0.413236567,2.782412137,0.110915711,0.610009187,4.462154302,5.55277249,0.576806162,7.845558614,0.247924271,1.012903464,311.2685852264,1.223757936,8.886615871,0.198138524,157.782305814833,26.9343990113333,36.66392468908,8.226198238,10.14099585,0,0,0,0,331.950454326167,273.703235649877,,605.653689976044
2023-11-01,2023,"Q4","2023/24","Q2","November",20.596672722397,0.320372258,2.713207664,0.156007822,0.588668089,3.958831568,4.37229376,0.684951806,7.320834718,0.261654086,1.308796663,307.1069010084,0.831547325,7.198078762,0.301741054,170.135135670833,25.6427704313333,36.66435092208,7.555348217,10.576850819,0,0,0,0,334.591779629167,273.703235649877,,608.295015279044
2023-12-01,2023,"Q4","2023/24","Q2","December",21.164465205397,0.592573966,5.080149591,0.20320652,1.18352835,3.626166301,5.387000102,0.197716497,7.481669077,0.18493098,1.657343565,317.9389203404,2.972318092,11.959487205,0.338919084,164.832170946833,25.8532693153333,36.66362781108,8.776266098,11.23532828,0,0,0,0,353.625821590167,273.703235649877,,627.329057240044
2024-01-01,2024,"Q1","2023/24","Q3","January",20.342287030525,0.2277035,2.840404799,0.154240152,0.709374815,4.093115944,4.305973328,0.942128356,7.175282161,0.560955645,0.969788518,331.875759358307,1.01567152,9.603313048,0.218927413,134.3434691095,25.9270780983333,37.0020000282783,8.31834434,8.377337482,0,0,0,0,307.919160753833,291.08399380511,,599.003154558943
2024-02-01,2024,"Q1","2023/24","Q3","February",20.766988029525,0.477069163,2.595592275,0.16000229,0.565395953,3.45520924,4.409177352,0.535650057,6.996435639,1.90179995,1.270005756,301.067295176307,1.035929908,9.542323032,0.232408565,201.8634763165,25.9351764813333,37.0068113082783,7.713624963,11.672476008,0,0,0,0,348.118853570833,291.08399380511,,639.202847375943
2024-03-01,2024,"Q1","2023/24","Q3","March",21.515755372525,0.514310063,2.510668292,0.177265036,0.555905686,3.008209006,4.595776042,0.500133763,6.823899779,1.070778015,1.172834994,355.642449483307,2.105774789,7.408615936,0.504330888,159.1446906785,26.9667149813333,37.0137427372783,8.240178248,10.225062788,0,0,0,0,358.613102685833,291.08399380511,,649.697096490943
2024-04-01,2024,"Q2","2023/24","Q4","April",20.169590670538,0.327595219,2.696742195,0.192014662,0.652403753,3.119713765,4.538450378,0.665356625,8.114126598,1.144368219,1.322459142,310.368780556636,1.517108213,8.198432109,0.413221529,160.3677985235,26.4237264473333,35.0787829967826,7.644135207,10.12877107,0,0,0,0,339.048744047833,264.034833743956,,603.08357779179
2024-05-01,2024,"Q2","2023/24","Q4","May",20.018836333538,0.484541375,3.184864596,0.163169654,0.605753656,4.496363012,6.256050382,0.664279263,7.569685328,1.127413398,1.374820266,311.430404434636,1.561874005,8.017359732,0.348176001,174.1691942295,26.6535185603333,35.0903991397826,7.794322922,9.948280171,0,0,0,0,356.924472627833,264.034833743956,,620.95930637179
2024-06-01,2024,"Q2","2023/24","Q4","June",21.915922737538,0.374552682,6.786158945,0.180409793,1.312155599,9.614661837,10.858364575,0.700121802,7.762821551,0.397494359,1.825627044,331.571673116636,4.339930567,12.287892126,0.535374401,222.6894687655,27.5593492213333,35.1001611487826,12.005442306,35.259224912,0,0,0,0,479.041973657833,264.034833743956,,743.07680740179
2024-07-01,2024,"Q3","2024/25","Q1","July",21.4698343043293,0,1.512921051,0,0.428921219,2.043614266,3.632057239,0,5.811012165,0.074521705,0.636137618,272.78872129654,1.187465225,6.031575435,0.080830378,183.631780583,25.4300210923333,45.3595385067983,7.148625953,9.940242836,0,0,0,0,297.693658489333,289.514162296668,,587.207820786001
2024-08-01,2024,"Q3","2024/25","Q1","August",25.7663593243293,0.680764739,2.956794511,0.160314769,0.802686935,5.897758652,4.887129439,1.248556186,8.266808998,0.37502017,0.906316673,360.58696918854,1.624860954,9.645639869,0.466129166,196.184318204,26.1894775253333,45.4073532927983,8.561537,10.037116517,0,0,0,0,421.137749729333,289.514162296668,,710.651912026001
2024-09-01,2024,"Q3","2024/25","Q1","September",22.9427783633293,0.465565864,4.292436749,0.232322866,0.595357119,2.664183617,5.753385674,0.522910146,7.090960188,0.197230929,1.067026695,312.43419994654,0.917838948,7.957826066,1.187452425,177.930420507,26.7293910293333,45.3839871627983,8.529017278,10.346945388,0,0,0,0,347.727074577333,289.514162296668,,637.241236874001
2024-10-01,2024,"Q4","2024/25","Q2","October",24.0454447043333,0.486742065,2.802163132,0.172154035,0.615439663,5.45484045,5.404912769,0.614425086,8.082267094,0.231827715,0.662018266,330.545598722083,1.466042282,12.776564815,0.837666886,202.35006556,27.8070129963333,35.1725134348333,7.955810043,9.900421289,0,0,0,0,398.066016891333,279.31791402925,,677.383930920583
2024-11-01,2024,"Q4","2024/25","Q2","November",23.7301486623333,0.240663808,2.492425422,0.154854388,0.695265338,2.476476161,3.791743098,0.475777525,7.611841905,0.241862515,1.265062431,315.813995949083,1.155533434,8.010031337,0.884475682,196.759751412,26.2664154183333,35.1742912668333,8.479351221,9.439149823,0,0,0,0,365.841202680333,279.31791402925,,645.159116709583
2024-12-01,2024,"Q4","2024/25","Q2","December",24.2428210233333,0.40680977,4.305974163,0.139023189,1.304734596,5.028008367,4.821102768,0.578917167,7.481889994,0.160686085,1.846512884,325.599386346083,2.375420992,6.302241646,0.834319069,185.100035888,26.9969237063333,35.1678912268333,8.536213385,11.734856207,0,0,0,0,373.645854356333,279.31791402925,,652.963768385583
2025-01-01,2025,"Q1","2024/25","Q3","January",22.4659743148293,0.232507517,2.62032021,0.192331776,0.657133931,3.527357741,4.502187683,0.462810659,0.949578405,0.342750858,1.130076926,330.133543859623,0.760637709,7.89307805,0.793065174,201.837189376,28.7622991173333,36.294442069142,8.562698949,9.972353665,0,0,0,0,374.142569404333,287.949768498595,,662.092337902928
2025-02-01,2025,"Q1","2024/25","Q3","February",22.6763994238293,0.434984073,2.839966873,0.151622991,0.596325905,4.184671487,4.333179207,0.732041007,1.235949281,0.467375602,1.545163338,341.451863024623,0.911864484,11.079586829,0.928156923,205.318275911,25.9600633923333,36.301143698142,7.911117527,9.95507902,0,0,0,0,391.065061411333,287.949768498595,,679.014829909928
2025-03-01,2025,"Q1","2024/25","Q3","March",22.4897386758293,0.378046309,3.983633481,0.128394202,0.687399783,3.258088571,4.687714287,0.608745971,9.039944868,0.87012637,1.237981496,330.667905968623,2.004203389,8.588950665,0.303270693,180.959043714,27.0075936443333,36.298276360142,9.048902984,11.213606945,0,0,0,0,365.511799791333,287.949768498595,,653.461568289928
2025-04-01,2025,"Q2","2024/25","Q4","April",22.734152786158,0.446255384,2.645917665,0.163510955,0.654443969,3.480249408,3.527317806,0.811639868,4.836669957,1.178032377,1.33035989,333.508181892073,1.010328177,7.762745239,0.365900226,201.974425522,27.9215520313333,36.6144010837073,9.473174375,10.020748592,0,0,0,0,382.523255156333,287.936751959939,,670.460007116272
2025-05-01,2025,"Q2","2024/25","Q4","May",23.975719182158,0.355021462,2.680442685,0.201139172,0.584444071,7.113685936,8.024469067,0.660124518,2.560378194,1.218718825,1.627540552,322.607601959073,2.054017158,11.195827119,0.596425442,203.616622083,28.5574913823333,36.6141336057073,8.796272496,9.96729893,0,0,0,0,384.468726158333,287.936751959939,,672.405478118272
2025-06-01,2025,"Q2","2024/25","Q4","June",24.093285629158,0.519880133,4.94503077,0.144661845,1.341905081,8.521920905,6.03786708,0.33265229,6.302026868,1.430991836,4.240895811,375.492390330073,3.760705858,9.974777778,1.144267789,188.245798694,29.7213050443333,36.6144467767073,10.102409842,35.910296273,0,0,0,0,458.379299725333,287.936751959939,,746.316051685272
2025-07-01,2025,"Q3","2025/26","Q1","July",21.1081620756667,0,0,0.07392,0.598811978,1.434706258,3.482993417,0.649421622,1.277016907,0.100413708,0.678256643,298.836770331,0.709721143,7.683544097,0,216.977843198667,37.3248434906667,38.49924767625,11.178828045,9.962569979,0,0,0,0,357.338519637333,296.127788654917,,653.46630829225
2025-08-01,2025,"Q3","2025/26","Q1","August",26.1618260486667,0,0,0.370900868,0.700277799,4.058773291,5.923081264,0.528180007,3.843119479,2.254077648,1.816114872,372.076127039,1.294217572,9.977578537,0,201.140428735667,40.6244323446667,39.56602436325,7.656292287,9.150010034,0,0,0,0,434.188406347333,296.127788654917,,730.31619500225
2025-09-01,2025,"Q3","2025/26","Q1","September",23.8770750366667,0,0,0.149742819,0.552353104,3.169778326,4.815933302,0.587592738,3.929362138,0.366260646,1.659234233,340.986342549,1.121486009,8.010413332,0,203.713567734667,40.4976157946667,39.58454655525,17.132577442,10.123707474,0,0,0,0,408.402921939333,296.127788654917,,704.53071059425
2025-10-01,2025,"Q4","2025/26","Q2","October",22.7786420396667,0,0,0.190132928,0.672177672,3.017093119,4.776673352,0.573420632,3.492940353,2.738756588,1.389160206,340.221606619,1.017593168,7.773241315,0,199.942406897667,41.7325838456667,39.37321755625,13.136184331,10.660934486,0,0,0,0,400.707632809333,296.127788654917,,696.83542146425
2025-11-01,2025,"Q4","2025/26","Q2","November",24.4659574206667,0,0,0.16955311,0.575146458,3.292698149,4.844420169,0.482231158,3.78114251,0.994295243,1.388024598,346.740109858,0.91559376,9.083880675,0,201.550126851667,38.8624022026667,39.55376156925,12.111909432,10.17416079,0,0,0,0,405.723156581333,296.127788654917,,701.85094523625
2025-12-01,2025,"Q4","2025/26","Q2","December",25.3114077996667,0,0,0.373676467,1.387396622,3.406604358,6.157636696,0.622117428,3.404668503,1.381050135,2.160454362,346.159481057,2.235453914,9.301698027,0,203.938617607667,40.0086640806667,40.15264875525,12.8687185,12.658996542,0,0,0,0,420.466652120333,296.127788654917,,716.59444077525
2026-01-01,2026,"Q1","2025/26","Q3","January",23.8335647576667,0,0,0.237592793,0.621040874,2.013933758,6.456683929,0.467274641,4.145279289,1.325403422,1.372233236,344.023349703497,1.115099478,10.186850243,0,214.152380632,40.3581766206667,38.61582527225,11.922470452,8.366154647,0,0,0,0,409.270109090667,302.767603499413,,712.03771259008
2026-02-01,2026,"Q1","2025/26","Q3","February",25.4901403776667,0,0,0.143936153,0.52992661,2.532202547,5.019793555,0.682521885,3.766513035,1.203681682,1.558703556,353.909112861497,1.246457594,7.643786725,0,195.449239556,41.0538689286667,40.07029677025,12.956516587,13.163951589,0,0,0,0,407.288203849667,302.767603499413,,710.05580734908
