"Date","Year","Quarter","FY","QFY","Month","EXP_DDEV_SEC","EXP_DDEV_RAW","EXP_DDEV_AGR","EXP_DDEV_EDU","EXP_DDEV_HEA","EXP_DDEV_WAE","EXP_DDEV_JLO","EXP_DDEV_ACC","EXP_DDEV_EAM","EXP_DDEV_TTI","EXP_DDEV_LHUD","EXP_DDEV_SD","EXP_DDEV_ICT","EXP_DDEV_PSM","EXP_DDEV_PAD","EXP_DDEV_PARL","EXP_DDEV_STD","EXP_DDEV_TOU","EXP_DDEV_LGOV","EXP_DDEV_I","EXP_DDEV_I_DOM","EXP_DDEV_I_EXT","EXP_DDEV_CEN_TOT","EXP_DDEV_LGP_TOT","EXP_DDEV_I_TOT","EXP_DDEV"
1997-07-01,1997,"Q3","1997/98","Q1","July",,,,,,,,,,,,,,,,,,,,0,0,0,1.91433,0,,1.91433
1997-08-01,1997,"Q3","1997/98","Q1","August",,,,,,,,,,,,,,,,,,,,0,0,0,4.79593,0,,4.79593
1997-09-01,1997,"Q3","1997/98","Q1","September",,,,,,,,,,,,,,,,,,,,0,0,0,10.51327,0,,10.51327
1997-10-01,1997,"Q4","1997/98","Q2","October",,,,,,,,,,,,,,,,,,,,0,0,0,5.23378,0,,5.23378
1997-11-01,1997,"Q4","1997/98","Q2","November",,,,,,,,,,,,,,,,,,,,0,0,0,4.12618,0,,4.12618
1997-12-01,1997,"Q4","1997/98","Q2","December",,,,,,,,,,,,,,,,,,,,0,0,0,9.78036,0,,9.78036
1998-01-01,1998,"Q1","1997/98","Q3","January",,,,,,,,,,,,,,,,,,,,0,0,0,4.97574,0,,4.97574
1998-02-01,1998,"Q1","1997/98","Q3","February",,,,,,,,,,,,,,,,,,,,0,0,0,8.41822,0,,8.41822
1998-03-01,1998,"Q1","1997/98","Q3","March",,,,,,,,,,,,,,,,,,,,0,0,0,11.40604,0,,11.40604
1998-04-01,1998,"Q2","1997/98","Q4","April",,,,,,,,,,,,,,,,,,,,0,0,0,8.98147,0,,8.98147
1998-05-01,1998,"Q2","1997/98","Q4","May",,,,,,,,,,,,,,,,,,,,0,0,0,6.59697,0,,6.59697
1998-06-01,1998,"Q2","1997/98","Q4","June",,,,,,,,,,,,,,,,,,,,0,0,0,29.03276,0,,29.03276
1998-07-01,1998,"Q3","1998/99","Q1","July",,,,,,,,,,,,,,,,,,,,0,0,0,1.331952,0,,1.331952
1998-08-01,1998,"Q3","1998/99","Q1","August",,,,,,,,,,,,,,,,,,,,0,0,0,9.536645,0,,9.536645
1998-09-01,1998,"Q3","1998/99","Q1","September",,,,,,,,,,,,,,,,,,,,0,0,0,12.813831,0,,12.813831
1998-10-01,1998,"Q4","1998/99","Q2","October",,,,,,,,,,,,,,,,,,,,0,0,0,8.371502,0,,8.371502
1998-11-01,1998,"Q4","1998/99","Q2","November",,,,,,,,,,,,,,,,,,,,0,0,0,6.080069,0,,6.080069
1998-12-01,1998,"Q4","1998/99","Q2","December",,,,,,,,,,,,,,,,,,,,0,0,0,14.209258,0,,14.209258
1999-01-01,1999,"Q1","1998/99","Q3","January",,,,,,,,,,,,,,,,,,,,0,0,0,8.849517,0,,8.849517
1999-02-01,1999,"Q1","1998/99","Q3","February",,,,,,,,,,,,,,,,,,,,0,0,0,6.340613,0,,6.340613
1999-03-01,1999,"Q1","1998/99","Q3","March",,,,,,,,,,,,,,,,,,,,0,0,0,11.035811,0,,11.035811
1999-04-01,1999,"Q2","1998/99","Q4","April",,,,,,,,,,,,,,,,,,,,0,0,0,4.95625,0,,4.95625
1999-05-01,1999,"Q2","1998/99","Q4","May",,,,,,,,,,,,,,,,,,,,0,0,0,11.101335,0,,11.101335
1999-06-01,1999,"Q2","1998/99","Q4","June",,,,,,,,,,,,,,,,,,,,0,0,0,50.040628,0,,50.040628
1999-07-01,1999,"Q3","1999/00","Q1","July",,,,,,,,,,,,,,,,,,,,0,0,0,0.813633666666666,2.42833333333333,,3.241967
1999-08-01,1999,"Q3","1999/00","Q1","August",,,,,,,,,,,,,,,,,,,,0,0,0,16.3064776666667,2.42833333333333,,18.734811
1999-09-01,1999,"Q3","1999/00","Q1","September",,,,,,,,,,,,,,,,,,,,0,0,0,8.63880366666667,2.42833333333333,,11.067137
1999-10-01,1999,"Q4","1999/00","Q2","October",,,,,,,,,,,,,,,,,,,,0,0,0,4.74906566666667,2.42833333333333,,7.177399
1999-11-01,1999,"Q4","1999/00","Q2","November",,,,,,,,,,,,,,,,,,,,0,0,0,15.9591716666667,2.42833333333333,,18.387505
1999-12-01,1999,"Q4","1999/00","Q2","December",,,,,,,,,,,,,,,,,,,,0,0,0,18.2320006666667,2.42833333333333,,20.660334
2000-01-01,2000,"Q1","1999/00","Q3","January",,,,,,,,,,,,,,,,,,,,0,0,0,9.88671466666667,2.42833333333333,,12.315048
2000-02-01,2000,"Q1","1999/00","Q3","February",,,,,,,,,,,,,,,,,,,,0,0,0,13.2951806666667,2.42833333333333,,15.723514
2000-03-01,2000,"Q1","1999/00","Q3","March",,,,,,,,,,,,,,,,,,,,0,0,0,18.1126646666667,2.42833333333333,,20.540998
2000-04-01,2000,"Q2","1999/00","Q4","April",,,,,,,,,,,,,,,,,,,,0,0,0,11.5994776666667,2.42833333333333,,14.027811
2000-05-01,2000,"Q2","1999/00","Q4","May",,,,,,,,,,,,,,,,,,,,0,0,0,21.5052671666667,2.42833333333333,,23.9336005
2000-06-01,2000,"Q2","1999/00","Q4","June",,,,,,,,,,,,,,,,,,,,0,0,0,94.6787766086667,2.42833333333333,,97.107109942
2000-07-01,2000,"Q3","2000/01","Q1","July",,,,,,,,,,,,,,,,,,,,0,0,0,0,6.409466,,6.409466
2000-08-01,2000,"Q3","2000/01","Q1","August",,,,,,,,,,,,,,,,,,,,0,0,0,12.026088,9.97728,,22.003368
2000-09-01,2000,"Q3","2000/01","Q1","September",,,,,,,,,,,,,,,,,,,,0,0,0,15.763151,5.1886,,20.951751
2000-10-01,2000,"Q4","2000/01","Q2","October",,,,,,,,,,,,,,,,,,,,0,0,0,16.943557,13.91994,,30.863497
2000-11-01,2000,"Q4","2000/01","Q2","November",,,,,,,,,,,,,,,,,,,,0,0,0,15.878694,14.94391,,30.822604
2000-12-01,2000,"Q4","2000/01","Q2","December",,,,,,,,,,,,,,,,,,,,0,0,0,21.400334,0,,21.400334
2001-01-01,2001,"Q1","2000/01","Q3","January",,,,,,,,,,,,,,,,,,,,0,0,0,13.336375,12.2142,,25.550575
2001-02-01,2001,"Q1","2000/01","Q3","February",,,,,,,,,,,,,,,,,,,,0,0,0,8.947317362,15.17721,,24.124527362
2001-03-01,2001,"Q1","2000/01","Q3","March",,,,,,,,,,,,,,,,,,,,0,0,0,21.312221,4.3045,,25.616721
2001-04-01,2001,"Q2","2000/01","Q4","April",,,,,,,,,,,,,,,,,,,,0,0,0,10.513966,5.43,,15.943966
2001-05-01,2001,"Q2","2000/01","Q4","May",,,,,,,,,,,,,,,,,,,,0,0,0,29.265005,7.06,,36.325005
2001-06-01,2001,"Q2","2000/01","Q4","June",,,,,,,,,,,,,,,,,,,,0,0,0,74.108697,0.39,,74.498697
2001-07-01,2001,"Q3","2001/02","Q1","July",,,,,,,,,,,,,,,,,,,,0,0,0,0,7.839885,,7.839885
2001-08-01,2001,"Q3","2001/02","Q1","August",,,,,,,,,,,,,,,,,,,,0,0,0,10.975535,9.02693,,20.002465
2001-09-01,2001,"Q3","2001/02","Q1","September",,,,,,,,,,,,,,,,,,,,0,0,0,23.725222,3.68198,,27.407202
2001-10-01,2001,"Q4","2001/02","Q2","October",,,,,,,,,,,,,,,,,,,,0,0,0,31.00353,12.50714,,43.51067
2001-11-01,2001,"Q4","2001/02","Q2","November",,,,,,,,,,,,,,,,,,,,0,0,0,16.050856,33.02419,,49.075046
2001-12-01,2001,"Q4","2001/02","Q2","December",,,,,,,,,,,,,,,,,,,,0,0,0,24.973167,4.65633,,29.629497
2002-01-01,2002,"Q1","2001/02","Q3","January",,,,,,,,,,,,,,,,,,,,0,0,0,24.368082,7.88129,,32.249372
2002-02-01,2002,"Q1","2001/02","Q3","February",,,,,,,,,,,,,,,,,,,,0,0,0,25.881188,19.31177,,45.192958
2002-03-01,2002,"Q1","2001/02","Q3","March",,,,,,,,,,,,,,,,,,,,0,0,0,26.866491,1.40708,,28.273571
2002-04-01,2002,"Q2","2001/02","Q4","April",,,,,,,,,,,,,,,,,,,,0,0,0,24.634604,17.11018,,41.744784
2002-05-01,2002,"Q2","2001/02","Q4","May",,,,,,,,,,,,,,,,,,,,0,0,0,45.031458,8.09262,,53.124078
2002-06-01,2002,"Q2","2001/02","Q4","June",,,,,,,,,,,,,,,,,,,,0,0,0,75.8812619999999,1.21921,,77.1004719999999
2002-07-01,2002,"Q3","2002/03","Q1","July",,,,,,,,,,,,,,,,,,,,0,0,0,4.071031,4.73409067,,8.80512167
2002-08-01,2002,"Q3","2002/03","Q1","August",,,,,,,,,,,,,,,,,,,,0,0,0,22.189908,10.890358,,33.080266
2002-09-01,2002,"Q3","2002/03","Q1","September",,,,,,,,,,,,,,,,,,,,0,0,0,18.88313284,9.945259,,28.82839184
2002-10-01,2002,"Q4","2002/03","Q2","October",,,,,,,,,,,,,,,,,,,,0,0,0,32.129126377,14.79336946,,46.922495837
2002-11-01,2002,"Q4","2002/03","Q2","November",,,,,,,,,,,,,,,,,,,,0,0,0,14.0646446,17.812934,,31.8775786
2002-12-01,2002,"Q4","2002/03","Q2","December",,,,,,,,,,,,,,,,,,,,0,0,0,27.61419257,2.746184,,30.36037657
2003-01-01,2003,"Q1","2002/03","Q3","January",,,,,,,,,,,,,,,,,,,,0,0,0,3.70478501,19.7703566,,23.47514161
2003-02-01,2003,"Q1","2002/03","Q3","February",,,,,,,,,,,,,,,,,,,,0,0,0,22.666420612,9.127853,,31.794273612
2003-03-01,2003,"Q1","2002/03","Q3","March",,,,,,,,,,,,,,,,,,,,0,0,0,27.593022079,3.089979,,30.683001079
2003-04-01,2003,"Q2","2002/03","Q4","April",,,,,,,,,,,,,,,,,,,,0,0,0,22.415457,12,,34.415457
2003-05-01,2003,"Q2","2002/03","Q4","May",,,,,,,,,,,,,,,,,,,,0,0,0,71.6264953,12,,83.6264953
2003-06-01,2003,"Q2","2002/03","Q4","June",,,,,,,,,,,,,,,,,,,,0,0,0,63.56244087,12.368,,75.93044087
2003-07-01,2003,"Q3","2003/04","Q1","July",,,,,,,,,,,,,,,,,,,,0,0,0,0.505083,5.970541,,6.475624
2003-08-01,2003,"Q3","2003/04","Q1","August",,,,,,,,,,,,,,,,,,,,0,0,0,13.0421746,21.330016,,34.3721906
2003-09-01,2003,"Q3","2003/04","Q1","September",,,,,,,,,,,,,,,,,,,,0,0,0,19.845929,4.15582,,24.001749
2003-10-01,2003,"Q4","2003/04","Q2","October",,,,,,,,,,,,,,,,,,,,0,0,0,16.348031,22.175186,,38.523217
2003-11-01,2003,"Q4","2003/04","Q2","November",,,,,,,,,,,,,,,,,,,,0,0,0,24.769885,12.922053,,37.691938
2003-12-01,2003,"Q4","2003/04","Q2","December",,,,,,,,,,,,,,,,,,,,0,0,0,37.816239,3.100659,,40.916898
2004-01-01,2004,"Q1","2003/04","Q3","January",,,,,,,,,,,,,,,,,,,,0,0,0,24.390098,17.962729,,42.352827
2004-02-01,2004,"Q1","2003/04","Q3","February",,,,,,,,,,,,,,,,,,,,0,0,0,16.745068,0,,16.745068
2004-03-01,2004,"Q1","2003/04","Q3","March",,,,,,,,,,,,,,,,,,,,0,0,0,21.239005,7.313364,,28.552369
2004-04-01,2004,"Q2","2003/04","Q4","April",,,,,,,,,,,,,,,,,,,,0,0,0,17.356348,21.192097,,38.548445
2004-05-01,2004,"Q2","2003/04","Q4","May",,,,,,,,,,,,,,,,,,,,0,0,0,36.402975,37.807522,,74.210497
2004-06-01,2004,"Q2","2003/04","Q4","June",,,,,,,,,,,,,,,,,,,,0,0,0,56.4556477160969,0.190135,,56.6457827160969
2004-07-01,2004,"Q3","2004/05","Q1","July",,,,,,,,,,,,,,,,,,,,0,0,0,7.405918,11.836343,,19.242261
2004-08-01,2004,"Q3","2004/05","Q1","August",,,,,,,,,,,,,,,,,,,,0,0,0,10.094965906,5.233526,,15.328491906
2004-09-01,2004,"Q3","2004/05","Q1","September",,,,,,,,,,,,,,,,,,,,0,0,0,15.18218511,2.18233,,17.36451511
2004-10-01,2004,"Q4","2004/05","Q2","October",,,,,,,,,,,,,,,,,,,,0,0,0,14.977095053,32.95558,,47.932675053
2004-11-01,2004,"Q4","2004/05","Q2","November",,,,,,,,,,,,,,,,,,,,0,0,0,38.171710817,21.281038,,59.452748817
2004-12-01,2004,"Q4","2004/05","Q2","December",,,,,,,,,,,,,,,,,,,,0,0,0,25.942788246,6.918583,,32.861371246
2005-01-01,2005,"Q1","2004/05","Q3","January",,,,,,,,,,,,,,,,,,,,0,0,0,22.80942557,25.113371,,47.92279657
2005-02-01,2005,"Q1","2004/05","Q3","February",,,,,,,,,,,,,,,,,,,,0,0,0,28.784291453,19.95,,48.734291453
2005-03-01,2005,"Q1","2004/05","Q3","March",,,,,,,,,,,,,,,,,,,,0,0,0,25.545425592,4.38,,29.925425592
2005-04-01,2005,"Q2","2004/05","Q4","April",,,,,,,,,,,,,,,,,,,,0,0,0,13.248879818,25.585505,,38.834384818
2005-05-01,2005,"Q2","2004/05","Q4","May",,,,,,,,,,,,,,,,,,,,0,0,0,42.243748693,7.159548,,49.403296693
2005-06-01,2005,"Q2","2004/05","Q4","June",,,,,,,,,,,,,,,,,,,,0,0,0,85.9429837142845,1.25475802771547,,87.197741742
2005-07-01,2005,"Q3","2005/06","Q1","July",,,,,,,,,,,,,,,,,,,,0,0,0,0.367070744999999,18.193772,,18.560842745
2005-08-01,2005,"Q3","2005/06","Q1","August",,,,,,,,,,,,,,,,,,,,0,0,0,26.933316815,8.150626,,35.083942815
2005-09-01,2005,"Q3","2005/06","Q1","September",,,,,,,,,,,,,,,,,,,,0,0,0,16.451490518,13.789332754,,30.240823272
2005-10-01,2005,"Q4","2005/06","Q2","October",,,,,,,,,,,,,,,,,,,,0,0,0,21.003538636,29.262701,,50.266239636
2005-11-01,2005,"Q4","2005/06","Q2","November",,,,,,,,,,,,,,,,,,,,0,0,0,41.705189356,6.367739,,48.072928356
2005-12-01,2005,"Q4","2005/06","Q2","December",,,,,,,,,,,,,,,,,,,,0,0,0,28.808566929,6.522152,,35.330718929
2006-01-01,2006,"Q1","2005/06","Q3","January",,,,,,,,,,,,,,,,,,,,0,0,0,22.319883056,6.266966,,28.586849056
2006-02-01,2006,"Q1","2005/06","Q3","February",,,,,,,,,,,,,,,,,,,,0,0,0,28.464822766,28.519517,,56.984339766
2006-03-01,2006,"Q1","2005/06","Q3","March",,,,,,,,,,,,,,,,,,,,0,0,0,19.626833875,0.909777,,20.536610875
2006-04-01,2006,"Q2","2005/06","Q4","April",,,,,,,,,,,,,,,,,,,,0,0,0,30.020849138,26.360831,,56.381680138
2006-05-01,2006,"Q2","2005/06","Q4","May",,,,,,,,,,,,,,,,,,,,0,0,0,43.714879674,15.991087,,59.705966674
2006-06-01,2006,"Q2","2005/06","Q4","June",,,,,,,,,,,,,,,,,,,,0,0,0,73.9314330171369,4.9791671,,78.9106001171369
2006-07-01,2006,"Q3","2006/07","Q1","July",,,,,,,,,,,,,,,,,,,,0,0,0,6.839604406,13.552929006,,20.392533412
2006-08-01,2006,"Q3","2006/07","Q1","August",,,,,,,,,,,,,,,,,,,,0,0,0,46.425994876,16.029669826,,62.455664702
2006-09-01,2006,"Q3","2006/07","Q1","September",,,,,,,,,,,,,,,,,,,,0,0,0,17.243431092,4.22248967,,21.465920762
2006-10-01,2006,"Q4","2006/07","Q2","October",,,,,,,,,,,,,,,,,,,,0,0,0,46.178017667,29.239904,,75.417921667
2006-11-01,2006,"Q4","2006/07","Q2","November",,,,,,,,,,,,,,,,,,,,0,0,0,75.338359514,13.737975,,89.076334514
2006-12-01,2006,"Q4","2006/07","Q2","December",,,,,,,,,,,,,,,,,,,,0,0,0,22.75584875,0.157398,,22.91324675
2007-01-01,2007,"Q1","2006/07","Q3","January",,,,,,,,,,,,,,,,,,,,0,0,0,32.907401997,15.764672,,48.672073997
2007-02-01,2007,"Q1","2006/07","Q3","February",,,,,,,,,,,,,,,,,,,,0,0,0,20.136791335,16.458112,,36.594903335
2007-03-01,2007,"Q1","2006/07","Q3","March",,,,,,,,,,,,,,,,,,,,0,0,0,62.533495325,5.708503,,68.241998325
2007-04-01,2007,"Q2","2006/07","Q4","April",,,,,,,,,,,,,,,,,,,,0,0,0,85.351735316,30.866094989,,116.217830305
2007-05-01,2007,"Q2","2006/07","Q4","May",,,,,,,,,,,,,,,,,,,,0,0,0,49.599748532,16.57028807,,66.170036602
2007-06-01,2007,"Q2","2006/07","Q4","June",,,,,,,,,,,,,,,,,,,,0,0,0,85.033546477,1.18320675503244,,86.2167532320324
2007-07-01,2007,"Q3","2007/08","Q1","July",,,,,,,,,,,,,,,,,,,,0,0,0,2.184237999,30.850255,,33.034492999
2007-08-01,2007,"Q3","2007/08","Q1","August",,,,,,,,,,,,,,,,,,,,0,0,0,29.363816612,4.83248534,,34.196301952
2007-09-01,2007,"Q3","2007/08","Q1","September",,,,,,,,,,,,,,,,,,,,0,0,0,58.975277014,2.809941,,61.785218014
2007-10-01,2007,"Q4","2007/08","Q2","October",,,,,,,,,,,,,,,,,,,,0,0,0,70.19837528,27.635685573,,97.834060853
2007-11-01,2007,"Q4","2007/08","Q2","November",,,,,,,,,,,,,,,,,,,,0,0,0,32.296752676,7.856172,,40.152924676
2007-12-01,2007,"Q4","2007/08","Q2","December",,,,,,,,,,,,,,,,,,,,0,0,0,15.981423067,0.913345,,16.894768067
2008-01-01,2008,"Q1","2007/08","Q3","January",,,,,,,,,,,,,,,,,,,,0,0,0,56.967517696,22.647477,,79.614994696
2008-02-01,2008,"Q1","2007/08","Q3","February",,,,,,,,,,,,,,,,,,,,0,0,0,26.814185027,4.209714,,31.023899027
2008-03-01,2008,"Q1","2007/08","Q3","March",,,,,,,,,,,,,,,,,,,,0,0,0,69.7249519003333,18.08628,,87.8112319003333
2008-04-01,2008,"Q2","2007/08","Q4","April",,,,,,,,,,,,,,,,,,,,0,0,0,33.082547038,47.03808948,,80.120636518
2008-05-01,2008,"Q2","2007/08","Q4","May",,,,,,,,,,,,,,,,,,,,0,0,0,59.480800788,6.2906877,,65.771488488
2008-06-01,2008,"Q2","2007/08","Q4","June",,,,,,,,,,,,,,,,,,,,0,0,0,118.750585788,0,,118.750585788
2008-07-01,2008,"Q3","2008/09","Q1","July",0.004302,1.35202389,6.663207,2.00718,2.426418,3.79954658,0,1.208369,0.164813307,0,-7e-04,0.0092487,0,5.719158137,0.4159225,0,,,,0,0,0,4.878186114,18.891303,0,23.769489114
2008-08-01,2008,"Q3","2008/09","Q1","August",0.279737584,44.244050634,14.618301228,8.056665752,2.801687417,8.987554004,4.14897506,4.40562827899998,29.446705149,0.873340674,0.001798,0.358274937,0.125637482,2.831507648,20.10830676,0,,,,0,0,0,118.027769608,23.260401,0,141.288170608
2008-09-01,2008,"Q3","2008/09","Q1","September",0.460168198,1.869822554,2.48348354,2.902691108,3.464852686,2.200115191,1.468837358,8.420548067,0.331016329,0.258515919,0.592143552,0.408853052,0.0477995,2.757675125,0.374796351,0,,,,0,0,0,26.43021253,1.611106,0,28.04131853
2008-10-01,2008,"Q4","2008/09","Q2","October",4.57694587,0.258086365,23.651528577,0.991734977,1.829938011,4.24019024,1.079752742,1.358965795,0.268595538,0.325774546,0.156079167,0.232133361,0.120791235,23.628422726,1.651356219,0,,,,0,0,0,18.653212369,45.717083,0,64.370295369
2008-11-01,2008,"Q4","2008/09","Q2","November",2.221903559,5.27098638,2.632299318,14.298818876,6.33511808,13.639687788,4.421891714,4.846819435,14.876782333,0.58872619,0.321163502,0.393575754,0.094419616,2.771200922,28.214971019,0,,,,0,0,0,87.239483486,13.688881,0,100.928364486
2008-12-01,2008,"Q4","2008/09","Q2","December",3.732468402,19.72914689,4.050105222,1.600727439,3.944739966,4.89759004,0.539624146,5.467434477,2.50335152,0.701372483,0.515990432,0.219544874,0.227748473,5.438994616,1.678392131,0,,,,0,0,0,55.247231111,0,0,55.247231111
2009-01-01,2009,"Q1","2008/09","Q3","January",2.894817148,54.629131566,9.721084229,1.377579713,1.342526355,6.280759045,1.821689379,7.78132335399998,20.183665154,0.443911157,0.064960774,0.548706614,0.131537367,13.571037828,0.209621813,0,,,,0,0,0,94.749399496,26.252952,0,121.002351496
2009-02-01,2009,"Q1","2008/09","Q3","February",2.794455062,2.885413353,22.950881072,10.654507876,3.761610938,0.771769951,1.094846135,9.840381507,1.922596935,0.182139122,0.266771151,0.796849269,0.0007163,1.573502985,0.182750578,1.2057992,,,,0,0,0,34.775475434,26.109516,0,60.884991434
2009-03-01,2009,"Q1","2008/09","Q3","March",1.684284654,167.328108323,4.324982772,0.970051816,6.382691016,8.67128565,7.361005837,10.903883606,1.41231556,0.216442237,0.149254782,0.337436136,0.09837892,8.743027213,3.178381546,1.604136265,,,,0,0,0,213.600963333,9.764703,0,223.365666333
2009-04-01,2009,"Q2","2008/09","Q4","April",0.698148774,3.063584214,1.759309958,6.044094117,4.844751175,15.091128125,0.871787094,5.388321083,12.382523302,0.15854746,0.248966532,0.134086534,1.410818115,17.312561602,3.154547142,1.85225997,,,,0,0,0,42.758994177,31.65644102,0,74.415435197
2009-05-01,2009,"Q2","2008/09","Q4","May",5.10768845,8.986329711,17.876185371,6.154098129,7.975265881,4.812583085,3.387684023,25.329265209,5.534287888,2.402894851,0.556501858,1.684068861,0.230470414,6.854803248,10.028465844,0.326799036,,,,0,0,0,86.626428639,20.62096322,0,107.247391859
2009-06-01,2009,"Q2","2008/09","Q4","June",7.560846503,72.48195428,8.460558727,7.03885124,10.213453952,8.893705674,9.434836717,29.700437998,33.469343955,1.61461751,2.142836853,1.140140831,1.521421672,4.654669175,4.775772293,3.35151367,,,,0,0,0,206.45496105,0,0,206.45496105
2009-07-01,2009,"Q3","2009/10","Q1","July",0,56.503243263,39.044625,11.482031,8.412764,11.888309,0,0.416666666666667,0,0.483171,0,0,0,14.466471844,0,0,,,,0,0,0,57.9317387736666,84.765543,0,142.697281773667
2009-08-01,2009,"Q3","2009/10","Q1","August",1.2278038,51.13815035,1.718759012,5.519496006,0,2.907003187,0.00310805,2.13980213166667,3.982236023,0.703036742,0.082168569,0.634465251,0.031647472,3.8076169,0.858319196,0.79,,,,0,0,0,75.2728446896667,0.270768,0,75.5436126896667
2009-09-01,2009,"Q3","2009/10","Q1","September",0.14954382,17.184273991,3.816912802,2.115387725,4.485771807,3.915556444,4.622500815,10.4680313946667,0.369882904,1.568713137,0.277131129,0.33623315,0.138403605,6.152016167,1.000195262,0.422921256,,,,0,0,0,57.0234754086667,0,0,57.0234754086667
2009-10-01,2009,"Q4","2009/10","Q2","October",0.911335474,38.897425568,26.275414663,1.710584613,5.812137324,17.300670049,1.288882293,3.13970431466667,18.6441186,0.083346467,0.105535274,0.360689496,0.126292916,19.16094925,2.99890785,1.2,,,,0,0,0,87.4835936116667,50.53240054,0,138.015994151667
2009-11-01,2009,"Q4","2009/10","Q2","November",8.216998446,6.34983332900001,5.128767878,23.580984756,16.061194632,3.731842644,6.15405242,29.0980953076667,1.305959114,1.396538183,0.474637357,0.423810683,0,6.335107593,1.271737621,0.413775,,,,0,0,0,86.3049669636667,23.638368,0,109.943334963667
2009-12-01,2009,"Q4","2009/10","Q2","December",1.196890368,31.424296674,11.516141271,1.91733724,0.868687183,7.248884448,2.537639471,5.37177523066667,25.64690089,1.141922199,0.967556773,0.471441441,0,1.419789802,0.726584153,0.59937772,,,,0,0,0,93.0552248636667,0,0,93.0552248636667
2010-01-01,2010,"Q1","2009/10","Q3","January",0.327445186,27.905216279,60.251095886,0.981648899,3.785479008,6.061355594,1.678832496,5.36696889266667,0.314007945,0.74241408,0.203802777,0.192620477,0.261076031,14.738036502,0.840812658,0,,,,0,0,0,49.1782087106667,74.472604,0,123.650812710667
2010-02-01,2010,"Q1","2009/10","Q3","February",0.468059294,10.249459254,2.225932806,15.443741879,13.777445922,2.844406667,7.553653934,10.7083030156667,24.855492588,1.130463163,0.598155429,0.593954783,0.083623996,5.445923539,0.976874713,0.21,,,,0,0,0,81.7026269826667,15.462864,0,97.1654909826667
2010-03-01,2010,"Q1","2009/10","Q3","March",1.95112502,49.057798295,16.757660163,7.279680001,1.256978252,16.914864706,15.019080264,7.58477257566667,16.557899233,3.289635404,1.151588814,0.533026379,0.162453297,10.952492253,3.266470333,0.4367492,,,,0,0,0,140.747969823667,11.424304366,0,152.172274189667
2010-04-01,2010,"Q2","2009/10","Q4","April",1.123900829,35.132039476,1.636444793,20.443191645,14.565845059,16.142440149,2.973672047,2.08295871366667,0.40505006,0.402238413,0.540043587,0.416217749,0.386504018,24.31017649,2.127984557,2.292627808,,,,0,0,0,71.1179273936667,53.863408,0,124.981335393667
2010-05-01,2010,"Q2","2009/10","Q4","May",0.907147144,23.821649007,10.796502048,4.350531656,0.855236093,6.379131704,4.935984973,19.7901411816667,38.71899575,3.669166843,1.320144102,1.357742057,0.374940566,18.466622901,1.702758501,0.791024789,,,,0,0,0,137.255487315667,0.982232,0,138.237719315667
2010-06-01,2010,"Q2","2009/10","Q4","June",7.774226346,150.13356856,14.475192646,7.326525833,14.582381163,10.174044358,49.24080914,24.4819235946667,8.799892449,13.83097484,2.606875382,1.141396529,3.131207769,15.481071773,13.201913891,2.519075581,,,,0,0,0,338.496262854667,0.404817,0,338.901079854667
2010-07-01,2010,"Q3","2010/11","Q1","July",0.031014485,85.031972,0.482585,18.613269333,14.625324,13.490964987,0.078499999,1.295380589,18.4,0.10032496,0,0,0,16.940430003,0.207458533,0,,,,0,0,0,108.823063889,60.47416,0,169.297223889
2010-08-01,2010,"Q3","2010/11","Q1","August",2.577198515,16.16129959,2.766240948,4.641504447,1.744592825,5.731770387,3.8323704,9.984819947,4.75878664500003,1.551169311,0.560683089,0.608766426,0.091540387,6.934722211,1.542705753,1.366932159,,,,0,0,0,64.85510304,0,0,64.85510304
2010-09-01,2010,"Q3","2010/11","Q1","September",0.157322638,3.933815977,2.296093903,3.613365889,1.016026996,5.590030466,18.500429369,12.102925666,114.715916105,0.693118517,0.763231194,0.15544908,0.09170404,2.355159153,0.312394605,0.28,,,,0,0,0,166.576983598,0,0,166.576983598
2010-10-01,2010,"Q4","2010/11","Q2","October",2.773558394,43.149518001,55.919989166,20.767218331,13.137533567,9.178270371,1.808608455,3.052860256,0.813382275000027,0.222795379,0.294494469,0.24278526,0.144978436,16.649185668,2.212407114,0,,,,0,0,0,63.801066742,106.5665184,0,170.367585142
2010-11-01,2010,"Q4","2010/11","Q2","November",4.317519528,48.90418862,3.209539625,2.900013456,8.993270459,18.588120362,38.526190752,24.77609071,57.449984557,2.300535487,1.035826344,0.457748545,0.377427157,9.653545223,4.546692712,0.99,,,,0,0,0,218.437099537,8.589594,0,227.026693537
2010-12-01,2010,"Q4","2010/11","Q2","December",1.563884137,27.100626234,6.221366493,8.413843974,1.046506571,6.824005059,6.856530551,5.32438511,1.904577486,0.705396279,0.514527416,0.50589458,0.252739567,10.89033836,5.803999515,0.18,,,,0,0,0,84.108621332,0,0,84.108621332
2011-01-01,2011,"Q1","2010/11","Q3","January",3.385962155,15.083833621,77.166340793,22.197341632,18.979595311,17.550059394,1.794097996,2.873900687,6.13363646899997,0.137902015,0.222339269,0.266143889,0.736671606,18.061809266,0.685644351,0.1,,,,0,0,0,53.095245454,132.280033,0,185.375278454
2011-02-01,2011,"Q1","2010/11","Q3","February",1.105483369,11.341082299,2.445363011,4.096629019,6.455622652,6.22935851,48.014704107,6.145305571,25.388309647,0.38535588,0.124969267,0.164820852,0.232186579,5.354512646,4.941897092,0.01,,,,0,0,0,122.435600501,0,0,122.435600501
2011-03-01,2011,"Q1","2010/11","Q3","March",1.126910692,12.827288899,6.159611158,4.657323164,1.833340586,2.208944226,4.370875209,2.33408051,0.959093883,0.708585089,0.219817063,0.145185983,0.338932359,6.813423986,2.513290537,0.02,,,,0,0,0,47.236703344,0,0,47.236703344
2011-04-01,2011,"Q2","2010/11","Q4","April",2.549859444,70.462008927,3.655155648,20.019555518,8.374448147,15.005611559,12.142688617,3.280570991,25.567630535,1.183955526,0.230167342,0.10429826,1.16289732,13.093053661,7.912557267,6.2130372,,,,0,0,0,147.295573037,43.661922925,0,190.957495962
2011-05-01,2011,"Q2","2010/11","Q4","May",1.77507177,66.787224252,22.508903134,12.425861234,5.384253924,5.344453081,6.674109723,5.101674707,96.002307516,2.057438245,1.618363083,0.234616876,0.43923337,1.271169761,2.646704869,0.04,,,,0,0,0,227.162278545,3.149107,0,230.311385545
2011-06-01,2011,"Q2","2010/11","Q4","June",3.499177136,21.894626938,31.287477207,4.399645482,11.434178693,3.952864526,15.330918382,8.982366383,8.15821377800001,2.645095854,1.359782563,1.711032505,6.422693256,24.15545888,4.853150446,0.261723641,,,,0,0,0,150.34840567,0,0,150.34840567
2011-07-01,2011,"Q3","2011/12","Q1","July",0,45.770892627,43.74899,25.04653925,16.083202006,13.6849904,0.03,21.303139626,0.00055,0.002305,0,0.037441336,0.033211347,16.20970936,12.072791389,0,,,,0,0,0,82.90227404,111.121488301,0,194.023762341
2011-08-01,2011,"Q3","2011/12","Q1","August",0.965471456,64.056475732,2.162109821,12.761011578,6.304155928,15.130068394,33.653198825,8.881733191,2.0706616,1.435119374,1.991575787,1.766600305,0.189133,15.101783962,3.55948998,1.994713774,,,,0,0,0,149.588639786,22.434662921,0,172.023302707
2011-09-01,2011,"Q3","2011/12","Q1","September",0.990454833,25.095093119,5.999762696,4.622257829,0.527115814,4.290610528,3.516762653,6.353751053,12.008456345,0.773873563,1.368508495,0.100035145,1.375718136,0.753658132,0.060037909,0,,,,0,0,0,67.83609625,0,0,67.83609625
2011-10-01,2011,"Q4","2011/12","Q2","October",2.599118387,11.470789129,18.786340374,27.890044762,15.013259779,17.205205021,0.725449508,3.748703206,6.42372900499999,1.777770407,0.142184212,0.690798724,0.059608512,17.836154127,16.197185299,0.603999558,,,,0,0,0,56.666015745,84.504324265,0,141.17034001
2011-11-01,2011,"Q4","2011/12","Q2","November",1.631223273,70.326494358,8.90299723,4.585329838,2.571092757,7.025964278,29.666698829,13.053413301,66.827532729,2.05960327,0.346665164,0.231944727,0.647890809,8.644766792,1.035703387,3.097426625,,,,0,0,0,220.654747367,0,0,220.654747367
2011-12-01,2011,"Q4","2011/12","Q2","December",2.174684786,29.249971323,5.76387473,3.11599992,1.067253655,10.43733016,22.305912809,4.882673518,7.74269079300001,0.50015323,2.062208275,1.008491747,0.0300632,1.057947906,0.340548046,0.00199,,,,0,0,0,91.741794098,0,0,91.741794098
2012-01-01,2012,"Q1","2011/12","Q3","January",2.757955519,61.060377541,76.358642139,7.934373903,11.970775329,8.6936714,10.841073563,14.385186106,123.675266102,1.991652816,0.177146905,0.283304523,0.5045927,13.505745327,0.655844315,1.015411796,,,,0,0,0,232.791966984,103.019053,0,335.811019984
2012-02-01,2012,"Q1","2011/12","Q3","February",0.190499244,82.505800249,8.179677287,7.58601803,1.572151979,5.881417216,31.821631863,7.687955705,12.787657567,2.190679396,0.610171236,0.24668668,0.946749511,6.066925798,0.138464025,0.993501596,,,,0,0,0,169.405987382,0,0,169.405987382
2012-03-01,2012,"Q1","2011/12","Q3","March",2.02574142,29.861973364,1.175787389,2.226752226,1.37606095,1.372436514,2.705444377,9.735842112,19.291875419,1.492218682,0.517605873,0.182446504,0.140591415,0.499650273,0.452036481,0,,,,0,0,0,73.056462999,0,0,73.056462999
2012-04-01,2012,"Q2","2011/12","Q4","April",1.974658877,24.170767766,5.035441794,19.873550499,11.746564511,22.239892101,1.459809239,7.305454775,7.855056709,1.669781517,0.924213922,0.408616271,0.508472821,14.209077125,2.030329159,0.091542011,,,,0,0,0,67.69660987,53.806619227,0,121.503229097
2012-05-01,2012,"Q2","2011/12","Q4","May",4.227045376,10.353622977,6.673308058,6.10829392,4.730980385,5.70546368,6.97536496,4.968063444,26.551536699,2.157227932,7.223692433,0.43444361,0.062404982,0.583397305,2.02418819,0.165488925,,,,0,0,0,87.890165684,1.054357192,0,88.944522876
2012-06-01,2012,"Q2","2011/12","Q4","June",2.161394665,76.746831437,16.314887616,5.042448204,3.627460829,6.182397851,16.675822368,16.176064257,47.280327733,1.747315541,1.242488831,7.063402988,0.243628429,13.015703725,10.796798797,1.001354253,,,,0,0,0,208.924155813,0,0,225.318327524
2012-07-01,2012,"Q3","2012/13","Q1","July",19.705666333,121.41222973,0.664531373,7.521860492,3.519869964,0.812625129,0.3332004,9.725206547,0,0,0,0.08899384,0.114612663,3.08702302,1.952197533,0,,,,0,0,0,168.938017024,0,0,168.938017024
2012-08-01,2012,"Q3","2012/13","Q1","August",4.355599132,54.804509393,36.170126273,22.466238384,11.168063304,26.391569789,14.032305806,8.891178307,2.991760981,4.184916325,3.217412486,0.339063242,1.147392457,25.972862964,0.423622402,0,,,,0,0,0,117.308899245,99.247722,0,216.556621245
2012-09-01,2012,"Q3","2012/13","Q1","September",0.867553092,10.82110212,4.626853626,2.327976448,0.882983056,5.907396272,0.728342531,3.620196182,37.757236255,1.015490817,1.130474467,0.025646892,0.157423708,3.368042923,0.636764563,0,,,,0,0,0,73.873482952,0,0,73.873482952
2012-10-01,2012,"Q4","2012/13","Q2","October",0.999934738,10.040302555,2.490595006,4.451806777,0.263779076,2.187985195,1.003354569,2.189264265,5.263993434,4.785412288,0.052441986,0.018925419,0,1.826733782,0.203319454,0.870158863,,,,0,0,0,36.648007407,0,0,36.648007407
2012-11-01,2012,"Q4","2012/13","Q2","November",23.656717942,244.406138593,31.887586749,23.7716068050417,15.811825476,20.029078048,23.325378655,14.530489468,19.371830624,13.796466193,3.246849493,0.416642994,0.676605169,18.50871243,2.806579473,3.224010192,,,,0,0,0,370.098920702042,89.367597602,0,459.466518304042
2012-12-01,2012,"Q4","2012/13","Q2","December",1.04402359,64.812219458,5.475809235,3.873780263,0.680254356,17.253347351,1.594000831,8.497902884,17.900523623,1.816209171,2.829029107,0.065762249,0.178625153,2.661798637,0.459245066,0,,,,0,0,0,128.975525974,0.167005,0,129.142530974
2013-01-01,2013,"Q1","2012/13","Q3","January",3.389905362,4.635937619,2.750478209,7.192997457,3.066365205,4.177781783,5.242634327,10.180871767,1.119740054,1.024194962,0.093060225,0.469720892,0.01554,4.537754718,0.438441852,0,,,,0,0,0,48.335424432,0,0,48.335424432
2013-02-01,2013,"Q1","2012/13","Q3","February",21.625256385,160.660924941,61.194372958,24.121209531,12.37764429,12.646839368,8.811825306,32.411662168,1.683994989,1.514103449,0.415545861,0.216268694,0.014218,25.022921849,2.958265765,0,,,,0,0,0,256.555896688,109.119156866,0,365.675053554
2013-03-01,2013,"Q1","2012/13","Q3","March",1.289643237,27.770213818,8.822953656,2.702916293,0.437959764,17.153885899,2.946035921,4.056427745,10.763502361,2.061501198,1.226809083,0.292418955,2.266092357,5.150097245,0.444341335,0.749426323,,,,0,0,0,88.13422519,0,0,88.13422519
2013-04-01,2013,"Q2","2012/13","Q4","April",21.924416076,26.485165334,4.354477904,2.320560892,1.66736647,7.159658387,1.612577122,3.248607936,2.96777858,0.860833532,0.375508177,0.172561048,0.661259501,3.002151276,0.94937145,0,,,,0,0,0,77.762293685,0,0,77.762293685
2013-05-01,2013,"Q2","2012/13","Q4","May",2.162755675,11.662481442,7.786887633,3.149239218,1.978396342,5.893198561,17.689872387,8.748572515,3.042879828,0.400207745,0.580700095,0.149616686,0.132434834,3.537456039,1.6468765,0.791920632,,,,0,0,0,69.353496132,0,0,69.353496132
2013-06-01,2013,"Q2","2012/13","Q4","June",3.351028142,175.842310318,21.748174869,4.407936306,10.205346129,22.721058898,27.254967605,29.346674417,7.700702939,0.775006919,3.575702901,2.147391817,0.19892902,21.907249604,7.890728493,0.829601001,,,,0,0,0,339.902809378,0,0,339.902809378
2013-07-01,2013,"Q3","2013/14","Q1","July",19.6382252,240.604331149,0.2007482,0.017965741,3.313899496,-0.0049377,12.579067349,41.216218048,15.7046,0,3.157548833,0,0,0.007505669,5.213733316,0,,,,0,0,0,341.648905301,0,0,341.648905301
2013-08-01,2013,"Q3","2013/14","Q1","August",1.264696444,11.989069933,39.765420649054,31.0655396705,8.78652464781532,20.645661257,1.957285318,13.867997452,1.955474651,3.542663739,0.305475243,0.246416396,0.277561864,19.3934391995,0.37287444,0,,,,0,0,0,58.49386781,96.9422330938693,0,155.436100903869
2013-09-01,2013,"Q3","2013/14","Q1","September",0.397072063,158.716055345,3.938143102,3.490850585,1.608987995,7.096368232,19.917309613,9.56734138,51.11823074,1.047543531,0.757144774,0.657997038,0.315260931,4.092383799,0.111646526,2.239474234,,,,0,0,0,265.071809888,0,0,265.071809888
2013-10-01,2013,"Q4","2013/14","Q2","October",3.245573193,33.76584359,20.278512873527,24.1590985956994,17.586828677908,19.212560038,4.636335429,25.388383492,0.525827687,0.412935753,6.026583038,0.312554047,0.058372249,18.8848378105,4.296965988,0,,,,0,0,0,99.239379936292,79.5518325253423,0,178.791212461634
2013-11-01,2013,"Q4","2013/14","Q2","November",17.0830702,196.488366717,6.696132085,5.017277103,1.957034806,13.544948394,15.325962792,29.976541306,28.45522861,3.898472591,1.205458155,0.512954124,0.504988453,4.768549149,0.793259657,0,,,,0,0,0,326.228244142,0,0,326.228244142
2013-12-01,2013,"Q4","2013/14","Q2","December",3.109342077,169.14229545,15.862701701,5.050698558,5.253662571,6.91844524,7.668617975,11.376397048,9.247727044,0.852177937,0.338823048,0.9078978,0.340912068,10.056846236,1.867077034,0,,,,0,0,0,247.993621787,0,0,247.993621787
2014-01-01,2014,"Q1","2013/14","Q3","January",12.906423063,124.823978356,54.63276717,33.419250251,12.595315263,43.007440093,2.316618626,32.830633578,1.607422554,0.675828259,0.659492839,0.114318669,0.222700727,27.225063628,7.770568658,0,,,,0,0,0,215.610645671,139.197176063,0,354.807821734
2014-02-01,2014,"Q1","2013/14","Q3","February",1.907256104,84.557900185,7.782153853,4.887861435,3.233843359,5.26516428,28.450213322,9.016969736,23.205264881,4.618098832,1.118515241,0.228728976,0.62547154,7.635793131,0.808349601,0,,,,0,0,0,183.341584476,0,0,183.341584476
2014-03-01,2014,"Q1","2013/14","Q3","March",18.381477999,16.075853114,7.704562557,6.167870208,2.903732811,15.906171423,18.562160237,9.770753109,7.095732481,1.359977236,0.44955272,0.593860403,0.537775106,7.531786602,0.335711838,0.591675424,,,,0,0,0,113.968653268,0,0,113.968653268
2014-04-01,2014,"Q2","2013/14","Q4","April",0.049633429,211.971774595,14.169033229,17.495810705,6.844222096,17.225269213,23.207551128,25.295157012,6.006667462,1.106745329,0.893045299,9.953396318,0.346100984,13.847081784,2.00973208,0,,,,0,0,0,313.17166434,37.249556323,0,350.421220663
2014-05-01,2014,"Q2","2013/14","Q4","May",24.217076379,59.986440773,9.214634214,5.110708721,1.668004068,15.9759315,65.813693066,20.77012898,7.923124809,1.912081621,1.432917812,0.331758948,0.246425871,11.115606945,0.663845052,1.361251757,,,,0,0,0,228.043630516,0,0,228.043630516
2014-06-01,2014,"Q2","2013/14","Q4","June",2.229013346,60.637061335,39.258224309,4.849014451,4.318516053,29.393435792,81.264275711,29.308513952,17.428670812,1.785626099,1.410186267,2.066027555,0.571146304,33.647852973,6.931216904,4.773714461,,,,0,0,0,319.872496324,0,0,319.872496324
2014-07-01,2014,"Q3","2014/15","Q1","July",0.2473563,186.296594301,1.580299818,26.421739633,12.45411613,23.455316895,9.777580141,67.997163996,31.145729323,1.318354691,3.686896421,0.25729866,0.114936223,18.381574643,5.799265641,10,,,,0,0,0,335.737374816,63.196848,0,398.934222816
2014-08-01,2014,"Q3","2014/15","Q1","August",11.010487098,118.650855176,7.779101751,4.826661584,0.929111125,16.358686173,19.559197318,53.925571648,20.14229309,1.46044935,1.060146576,0.351761446,0.236116135,4.239718063,0.514198103,0.249296836,,,,0,0,0,261.294797472,0,0,261.294797472
2014-09-01,2014,"Q3","2014/15","Q1","September",14.033383085,9.76542439,26.248666829,1.436186874,1.52813306,8.163135145,16.141065665,8.557683246,33.969302198,0.615171896,0.269589223,8.476436207,0.091466247,7.468035852,0.8701165,0.153904475,,,,0,0,0,114.904053755,22.957501137,0,137.861554892
2014-10-01,2014,"Q4","2014/15","Q2","October",0.671044879,23.001347693,7.574287,28.849032273,15.568489456,25.14055501,4.908597355,35.468927703,33.402140017,1.167752199,3.169376698,0.388794491,0.174882231,20.321742973,12.631188093,0,,,,0,0,0,149.241299791,63.19685828,0,212.438158071
2014-11-01,2014,"Q4","2014/15","Q2","November",20.781780838,183.303801118,7.471168406,3.759298384,0.94270544,17.412275046,23.00894667,13.215114272,8.915619904,3.223127002,3.765784451,8.800109313,0.182415023,13.130105316,1.784566194,0.242528391,,,,0,0,0,309.939345768,0,0,309.939345768
2014-12-01,2014,"Q4","2014/15","Q2","December",4.637891008,114.096821802,18.936401515,2.730367196,2.796422887,18.586900694,13.682617686,13.823306224,5.204769643,2.162132073,0.968046397,0.526259847,0.097136777,5.09057117,0.487940974,0.001970001,,,,0,0,0,203.829555894,0,0,203.829555894
2015-01-01,2015,"Q1","2014/15","Q3","January",20.692996205,44.746045889,9.576395534,31.297794225,16.102711664,35.788413062,14.393732047,27.794609261,24.152737908,1.135543598,0.299186761,0.204306929,0.407578756,31.234531747,2.126283714,1.554144438,,,,0,0,0,172.113295009,89.393716729,0,261.507011738
2015-02-01,2015,"Q1","2014/15","Q3","February",0.965063725,152.529289956,54.174923428,3.185365083,2.689928718,10.220726952,38.669680918,13.504871407,4.146631989,2.453213484,0.662032085,0.656440004,0.159424025,9.245199457,0.718794953,7.876741083,,,,0,0,0,301.858327267,0,0,301.858327267
2015-03-01,2015,"Q1","2014/15","Q3","March",4.300315372,39.291813195,12.540151197,3.883870901,2.251829387,9.835053638,15.75042328,10.881839795,4.332149694,0.649450241,0.39644892,6.574380984,0.111276611,10.087312094,1.914230915,0.651689671,,,,0,0,0,123.452235895,0,0,123.452235895
2015-04-01,2015,"Q2","2014/15","Q4","April",24.649185189,120.490157219,9.839914401,20.832539871,8.52487693,17.868580676,18.038962209,16.791552833,10.133568465,2.510333133,2.224418906,0.33024758,0.152954608,21.928194138,1.54159869,0.365225354,,,,0,0,0,239.048744167,37.173566035,0,276.222310202
2015-05-01,2015,"Q2","2014/15","Q4","May",1.353815128,113.861765049,17.201238492,5.400613742,5.443718384,17.7555502,39.835442282,18.421495778,28.613769815,2.053319115,0.421965767,14.070878049,0.166864933,14.302925692,4.401649658,5.414842859,,,,0,0,0,288.719854943,0,0,288.719854943
2015-06-01,2015,"Q2","2014/15","Q4","June",1.018594511,254.960877964,81.587116904,16.085372205,8.506881582,13.356368926,37.613728157,31.051770257,12.481868803,1.928278942,21.079610833,4.483158044,0.319271617,20.406503412,5.632313216,9.666979818,,,,0,0,0,520.403695191,0,0,520.403695191
2015-07-01,2015,"Q3","2015/16","Q1","July",4.18092175,145.558705628,0.102777443,8.81008702,4.662383176,12.372029898,0.312127958,19.5386075425833,8.007787072,0.756302126,6.7076648,8.533567901,0.018480765,55.341251897,4.200869826,0,,,,0,0,0,226.811586802583,52.291978,0,279.103564802583
2015-08-01,2015,"Q3","2015/16","Q1","August",21.940449931,80.318639212,11.128227852,1.13455618,2.407927004,14.859138835,10.872685551,9.57880160258333,47.26456531,7.929467202,2.155741415,1.705569178,0.06046985,8.169064818,2.778162043,0,,,,0,0,0,222.267135983583,0,0,222.267135983583
2015-09-01,2015,"Q3","2015/16","Q1","September",1.415871113,66.154667803,3.792630946,6.108023032,3.823944647,8.176272341,12.704391291,9.92867398158333,4.175583242,1.326294613,10.178624704,0.850360568,0.095909802,10.090359251,5.636318304,0,,,,0,0,0,144.457925638583,0,0,144.457925638583
2015-10-01,2015,"Q4","2015/16","Q2","October",31.062193888,140.601661305,8.244780736,4.662241143,2.037369571,5.141292387,10.570511975,17.3342047985833,7.205718615,1.281161239,0.695515703,1.259432363,0.074315445,75.822768411,12.474900341,1.230918577,,,,0,0,0,252.407459497583,67.291527,0,319.698986497583
2015-11-01,2015,"Q4","2015/16","Q2","November",1.747423174,80.943249442,37.404729623,3.95027017,3.001390268,13.09748572,66.560460116,9.35980278658333,8.151336834,2.214211533,5.280050224,2.442419854,0.102562549,15.130658168,6.104526239,0.030041729,,,,0,0,0,255.520618429583,0,0,255.520618429583
2015-12-01,2015,"Q4","2015/16","Q2","December",48.743326498,63.83657806,25.007875773,3.460264629,8.638932781,3.408445459,6.531405665,14.0184799825833,2.759486621,0.721640366,0.300469119,0.569465606,0.082835552,7.755569904,22.984111248,0.118503393,,,,0,0,0,208.934006656583,0,0,208.934006656583
2016-01-01,2016,"Q1","2015/16","Q3","January",9.230164359,99.924031453,9.942859704,12.382880154,3.246912289,11.11864368,34.466322269,10.3229899505833,3.492895214,0.206389364,0.089212946,2.368633196,0.052136032,145.41919050976,0.637480862,0.004366,,,,0,0,0,201.028732397583,141.87637558476,0,342.905107982344
2016-02-01,2016,"Q1","2015/16","Q3","February",7.716680336,103.957382134,12.433435782,3.185196602,4.651024805,44.280722187,18.527740084,10.4660610145833,34.169982698,1.036390609,0.437303753,0.05451413,0.09827155,6.570761143,45.658647144,1.220176424,,,,0,0,0,294.464290395583,0,0,294.464290395583
2016-03-01,2016,"Q1","2015/16","Q3","March",0.954258214,74.232976852,7.584885882,5.081301308,2.533036682,15.614962887,13.123672759,7.60295079758333,27.501455835,0.832741766,0.149987155,0.314054269,0.021468485,5.948840876,1.214597148,0.497963799,,,,0,0,0,163.209154714583,0,0,163.209154714583
2016-04-01,2016,"Q2","2015/16","Q4","April",12.060334133,129.177653907,2.600425756,24.83907313,3.233673205,8.620468208,26.375104482,31.2134371715833,16.787867616,5.838313804,0.30551367,0.401857824,0.10309762,4.671954403,6.139282788,0.704895294,,,,0,0,0,273.072103011583,0,0,273.072103011583
2016-05-01,2016,"Q2","2015/16","Q4","May",0.452731821,122.256545478,59.936794525,15.582733757,4.486402089,18.955578891,33.792798355,14.0100383245833,78.56155258,4.226077139,1.007561311,14.496815246,0.172604329,18.354007012,0.643488757,0.128484486,,,,0,0,0,387.064214100583,0,0,387.064214100583
2016-06-01,2016,"Q2","2015/16","Q4","June",0.534555786,273.361026177,53.854533766,22.15059781,17.059655199,24.846253794,114.471841289,41.6513873425833,18.149753181,4.748613627,15.363168844,3.546103515,0.354963256,16.842583682,19.767247822,5.428564263,,,,0,0,0,632.130849353583,0,0,632.130849353583
2016-07-01,2016,"Q3","2016/17","Q1","July",22.935082731,325.76548694,25.921186339,0.363193646,1.503868175,25.063500383,16.157140272,14.3920936049167,132.96977489,4.43446438,6.022765918,8.041076754,0.123126233,0.906932204,0.17290775,0,,,,0,0,0,584.772600219917,0,0,584.772600219917
2016-08-01,2016,"Q3","2016/17","Q1","August",10.460903108,192.924656866,13.6252620185,20.8613398242502,4.668107018,70.5954746402147,53.529788593,16.7708140959167,9.3066946,1.400996751,1.328703831,2.574444869,0.102443852,49.8414487997504,7.330581329,0.1264488,,,,0,0,0,382.625647069917,72.8224619257152,0,455.448108995632
2016-09-01,2016,"Q3","2016/17","Q1","September",1.255454786,35.834696471,6.755664026,3.121002014,7.394478013,9.791490793,22.839580215,14.4447340569167,8.152869861,0.863024614,0.569549035,6.302612611,0.030288036,4.029689677,0.180650784,0.355993988,,,,0,0,0,121.921778980917,0,0,121.921778980917
2016-10-01,2016,"Q4","2016/17","Q2","October",2.890372816,19.8531162399998,8.09672986016666,32.7615187350836,8.98500964033334,27.4061934700246,21.914062198,24.6261813839167,47.526001658,4.92592485,7.467272374,2.19981604433333,0.242881498,68.1353253522507,11.271333175,0.116402482,,,,0,0,0,167.047371900917,121.370769876192,0,288.418141777109
2016-11-01,2016,"Q4","2016/17","Q2","November",1.142134188,172.709471572,54.261328098,9.833967538,4.831779507,12.253030709,15.493982647,8.77501877491667,15.863865721,2.605450924,1.276840001,4.13093887,0.116470703,2.67712248,1.143377053,0.040437179,,,,0,0,0,307.155215964917,0,0,307.155215964917
2016-12-01,2016,"Q4","2016/17","Q2","December",0,77.197143394,65.198590389,6.2806824,11.477625064,4.264017815,2.699660951,86.9169951919167,12.598720253,0.593655792,0.491396571,3.179278626,0.153029916,2.571578166,2.291121675,0.103512519,,,,0,0,0,276.017008722917,0,0,276.017008722917
2017-01-01,2017,"Q1","2016/17","Q3","January",20.982157649,159.918609168,19.8281283653333,23.6211586306669,5.54222922666667,28.3364238446197,19.478748907,32.2517708619167,46.357888341,2.766511211,4.182379252,10.6367105806667,0.113282531,52.4255671970006,5.426122764,1.796831599,,,,0,0,0,336.567904227917,97.0966159009537,0,433.66452012887
2017-02-01,2017,"Q1","2016/17","Q3","February",13.282776277,84.870261355,27.981045664,5.632904273,4.211782556,7.610294723,9.191203859,12.0045081929167,10.264114655,1.040448687,0.589765707,6.837635531,0.23401203,2.152678978,1.199920949,0.032086,,,,0,0,0,187.135439436917,0,0,187.135439436917
2017-03-01,2017,"Q1","2016/17","Q3","March",0.12291295,61.929148678,25.124588971,2.931533642,2.447614401,5.628253191,10.709980448,23.8373932249167,28.900886394,1.448864768,0.442650576,1.220850899,0.076398517,5.727800473,0.926433193,0.300527575,,,,0,0,0,171.775837900917,0,0,171.775837900917
2017-04-01,2017,"Q2","2016/17","Q4","April",60.882267529,17.865915938,15.841830824,12.0517371422236,6.07517143299999,27.329038918,3.158321193064,31.3679942109167,15.501585411,1.127900435,12.54276938,29.539959877,0.072084098,4.001890359,0.656818362,0.104678914,,,,0,0,0,237.072579714204,1.04738430999999,0,238.119964024204
2017-05-01,2017,"Q2","2016/17","Q4","May",4.666862884,229.647575987,24.986911564,10.40315199,9.860614177,12.793161842,65.245342582,20.0496001309167,27.890898241,12.299200201,0.870581649,7.404286311,0.072593863,5.511383513,2.073752915,0.564371398,,,,0,0,0,434.340289247917,0,0,434.340289247917
2017-06-01,2017,"Q2","2016/17","Q4","June",7.902640381,377.063944933,102.540153678,10.313559584,48.932477641,23.228109127,33.46161455,62.0108380329167,34.809482033,2.575468881,13.085928697,6.064904459,0.42133898,7.29253952,2.090333693,10.465105348,,,,0,0,0,742.258439537917,0,0,742.258439537917
2017-07-01,2017,"Q3","2017/18","Q1","July",22.191409316,62.6898272406667,18.1324863081111,5.79331186699995,1.06911111111118,45.5085834412222,0.819886426,26.1973119556667,8.589527061,1.788380707,0.7846451,1.23284225,0,17.189714541111,4.04196395833333,17.652698874,0.311519112,,,0,0,0,201.78212508,32.2110941892222,0,233.993219269222
2017-08-01,2017,"Q3","2017/18","Q1","August",7.602672989,243.007800618667,30.4158322261111,9.63248130199995,4.02460226911118,50.0488379282222,59.529710634,8.96462868166667,60.873836425,0.867074297,10.1292781,8.628194554,0.266132471,18.457013986111,4.70921287933333,0.081939212,1.241664,,,0,0,0,486.269818384,32.2110941892222,0,518.480912573222
2017-09-01,2017,"Q3","2017/18","Q1","September",2.244852327,30.8265821096667,21.8924104711111,5.94405338399995,2.93449450011118,20.9073855352222,4.251251883,11.0096167566667,2.706938329,0.268586055,0.370461737,0.312231106,0.021661,18.365103338111,4.93480408333333,9.686836428,0.032821151,,,0,0,0,104.498996005,32.2110941892222,0,136.710090194222
2017-10-01,2017,"Q4","2017/18","Q2","October",36.466022909,260.842268045,10.9463224888333,7.34442848149996,15.6333397243334,25.5578244526666,24.145917157,31.7528566016667,38.313366558,6.602849563,5.710167915,13.499443879,0.223239256,15.9133106395833,1.135991034,1.986219663,1.974987323,,,0,0,0,473.890235048667,24.1583206419166,0,498.048555690583
2017-11-01,2017,"Q4","2017/18","Q2","November",10.886288112,73.3760950290001,44.1384723198333,17.1999151985,8.05426346533339,30.4439760296666,11.996494571,9.54122841466667,16.954499177,0.3365087,0.895024264,3.696558225,4.834593723,19.6613962535833,1.781309871,1.308809064,3.633589333,,,0,0,0,234.580701108667,24.1583206419166,0,258.739021750583
2017-12-01,2017,"Q4","2017/18","Q2","December",8.355199,41.1089557910001,42.1736256158333,11.4162706285,18.2130326603334,14.3532556176666,14.120843671,8.83289997766667,8.865650318,0.567250824,0.846446114,0.627446005,0.352713384,17.0235164585833,5.346364321,1.861718771,3.075751653,,,0,0,0,172.982620168667,24.1583206419166,0,197.140940810583
2018-01-01,2018,"Q1","2017/18","Q3","January",32.566433009,127.070107156333,25.1100617923889,8.56063999749994,0.263040574888978,10.1592348497777,3.559630154,8.08091983066667,3.548847781,3.603078671,5.547914775,4.055428691,0.066788147,23.1184850346388,0.718688987666667,0.0131931,5.20023772,,,0,0,0,220.978862535333,40.2638677365277,0,261.242730271861
2018-02-01,2018,"Q1","2017/18","Q3","February",1.764234772,167.656653823333,6.76066580038888,9.55352140549994,9.95993039388898,11.7209133047777,19.814678948,5.78774937966667,6.471507026,5.031013211,2.297670872,0.516634996,0.033245164,24.4873024106388,1.05449531966667,0.041768772,0.077763611,,,0,0,0,232.765881473333,40.2638677365277,0,273.029749209861
2018-03-01,2018,"Q1","2017/18","Q3","March",5.389723627,55.4583984263334,19.3316264073889,8.67446110749994,5.44618193788898,8.07592990877772,12.141705614,10.1947355056667,14.175976761,0.229141137,1.107791081,0.583985058,0.071373338,24.5994271826388,1.00472535166667,0.419242749,0.591352974,,,0,0,0,127.231910430333,40.2638677365277,0,167.495778166861
2018-04-01,2018,"Q2","2017/18","Q4","April",29.476954039,302.640851898,14.848760792,6.232117466,0.962390121,42.007986429,12.959863635,34.1195550706667,56.407519403,14.286829505,0.260249905,46.245563348,0.049594072,2.482132602,1.273608024,3.451914294,0.068319979,,,0,0,0,567.774210582667,0,0,567.774210582667
2018-05-01,2018,"Q2","2017/18","Q4","May",4.250441046,371.257996789,27.445125679,13.933079705,14.026346509,21.004045911,29.866111116,26.6489057296667,21.337542206,26.523707052,1.038497489,3.74927025,0.687731041,14.017309585,8.16566866,1.195175126,18.27675415,,,0,0,0,603.423708043667,0,0,603.423708043667
2018-06-01,2018,"Q2","2017/18","Q4","June",9.131416433,37.496908942,121.196039035,38.637819117,28.491743501,69.656913124,100.572336975,37.4832113206667,52.976511354,3.462245296,8.601750259,9.023945404,7.302658444,26.403020596,4.562204349,19.646025663,7.197426297,,,0,0,0,581.842176109667,0,0,581.842176109667
2018-07-01,2018,"Q3","2018/19","Q1","July",107.221036875,155.197269027333,3.39537531677778,21.1764782136826,10.2726711264452,84.568170388889,3.266987915,6.18816909991667,111.340318575,3.414379303,0.082,17.033317108,0.103898003,17.7709521707776,2.25385970733333,0,0.005911778,,,0,0,0,493.77747951825,49.7133150899056,0,543.490794608156
2018-08-01,2018,"Q3","2018/19","Q1","August",10.895797497,356.840272879333,30.3549821317778,20.5638362046826,14.3467698174452,30.373896187889,26.600190286,10.3478862969167,8.597062555,1.671867668,0.13880695,1.12382686,0.28727324,23.0879845637776,1.72321899533333,2.533553524,8.805105528,,,0,0,0,499.17055633125,49.7133150899056,0,548.883871421156
2018-09-01,2018,"Q3","2018/19","Q1","September",1.472577229,42.2355244463334,40.0961834107778,20.5373625896826,19.0172898584452,31.033337209889,20.213979808,4.69751935791667,8.145389223,0.10728182,5.748703714,1.901382967,0.195588817,21.2026998917776,3.45438613633333,0.168594049,0.797697879,,,0,0,0,171.41930346825,49.7133150899056,0,221.132618558156
2018-10-01,2018,"Q4","2018/19","Q2","October",84.484293164,397.644288146333,18.8298700357778,23.7477595226826,12.6405304584452,61.571066776889,54.930111603,10.1721954649167,46.455546259,5.844672352,8.313016442,33.129893534,0.952611752,22.5942546037776,2.41691571133333,0.413569938,6.389092026,,,0,0,0,741.13612680425,49.7133150899056,0,790.849441894156
2018-11-01,2018,"Q4","2018/19","Q2","November",27.871508179,245.699588029333,16.8606013507778,18.9700547836826,21.4681576494452,34.252425796889,23.231706468,18.2211893929167,10.795365911,2.134815324,5.570360968,0.911835499,0.52057105,22.1884647257776,2.65938626533333,1.428994504,0.293003465,,,0,0,0,404.03303379225,49.7133150899056,0,453.746348882156
2018-12-01,2018,"Q4","2018/19","Q2","December",0.422846703,25.4899320713334,37.2047702297778,31.3109658676826,17.1055491564452,14.395520836889,12.430103882,10.0391357829167,16.092183655,4.130769536,2.871450906,1.757462939,0.335777824,22.4816154737776,9.23661415833333,0.18655972,0.433746447,,,0,0,0,156.36707954225,49.7133150899056,0,206.080394632156
2019-01-01,2019,"Q1","2018/19","Q3","January",65.9670477,138.990020846333,23.7785107677778,24.1256256996826,13.8789853164452,25.561164007889,58.987373817,11.1362199149167,75.906207789,0.93389908,3.7609079,25.060991348,2.224053565,20.8824240877776,1.86814339733333,0.134163407,7.768537437,,,0,0,0,451.49064200625,49.7133150899056,0,501.203957096156
2019-02-01,2019,"Q1","2018/19","Q3","February",4.654742533,92.4977723393334,27.3861913527778,20.3162885956826,16.9402881384452,13.929219194889,49.359198429,8.35018654091667,8.740964461,5.375898038,1.82006684,1.517317432,0.223789019,28.4358716897776,3.66698164333333,0.451571386,0.219780164,,,0,0,0,234.83670715225,49.7133150899056,0,284.550022242156
2019-03-01,2019,"Q1","2018/19","Q3","March",51.599392145,66.4126342203334,20.3282679607778,18.4146966996826,15.6630027094452,12.579025823889,36.822027624,10.4601713909167,10.528111841,1.291496619,8.013998125,0.448395738,0.322406131,21.3496943847776,1.81676970533333,0.134154774,0.37779394,,,0,0,0,227.52869863525,49.7133150899056,0,277.242013725156
2019-04-01,2019,"Q2","2018/19","Q4","April",108.794169407,515.559888024,20.047648083,4.759490816,6.859282491,10.923197535,16.045073124,12.5926416759167,5.978784037,0.311711165,19.484319667,9.46418213,1.179402698,3.853365578,3.27640600133333,3.287130157,1.953477324,,,0,0,0,744.90786067425,0,0,744.90786067425
2019-05-01,2019,"Q2","2018/19","Q4","May",388.878385508,185.980127018,21.941421736,12.09463687,10.278349236,19.916513376,41.161218838,21.6161002729167,17.77628217,4.118765326,3.223772899,2.364014315,1.869030862,7.551183397,5.20060850033333,20.619432313,0.529918236,,,0,0,0,765.56938111025,0,0,765.56938111025
2019-06-01,2019,"Q2","2018/19","Q4","June",2.002799831,147.209624814,89.544419918,25.242612415,40.879509942,18.577250307,44.5102026,33.4209728549167,76.308164949,1.203919016,8.611148053,6.219864118,5.17991441,25.623008751,18.2891258803333,14.624253255,2.088552595,,,0,0,0,560.94588476325,0,0,560.94588476325
2019-07-01,2019,"Q3","2019/20","Q1","July",322.306064385,169.517804075,3.51023683733333,19.2678067593333,6.25700000433333,50.746746476,17.217442359,3.63665131891667,0,4.412886373,0.070845,8.978672156,0.10288,17.7293628763333,2.31605761666667,0,16.259884233,0,,0,0,0,591.409824074583,50.9205163953333,0,642.330340469917
2019-08-01,2019,"Q3","2019/20","Q1","August",3.427008969,705.217495061,19.7256161793333,22.3552946133333,14.3673808413333,17.229598875,12.751579847,10.4552889139167,51.125014661,7.825888495,0.437876,0.39181605,0.531173331,21.7744274393333,7.53574694966667,0.729844534,0,0.947536345,,0,0,0,845.908070709583,50.9205163953333,0,896.828587104917
2019-09-01,2019,"Q3","2019/20","Q1","September",167.443752639,219.76848612,17.1350493003333,20.9610878263333,15.2582091993333,32.206023195,101.583160805,10.7015298359167,16.107734412,1.291372986,8.969105871,0.730712149,7.580507524,20.1131273443333,1.58301527766667,0.405583564,57.679214307,0.374082507,,0,0,0,648.971238467583,50.9205163953333,0,699.891754862917
2019-10-01,2019,"Q4","2019/20","Q2","October",307.169278303,408.340808547,16.6518783613333,33.0108388788517,27.2106924023331,10.825672167,24.159073554,8.30316506291667,91.373885516,4.124609816,23.880215037,6.778963468,5.536037127,20.5430289963333,2.94173020266667,2.219022731,42.590991221,0.165245743,,0,0,0,972.070423766583,63.7547133678515,0,1035.82513713443
2019-11-01,2019,"Q4","2019/20","Q2","November",27.800641185,131.829568196,35.0480902873333,28.6149171658517,18.3446125653331,120.20257642,15.08407997,15.1331413859167,14.886766183,10.209508069,1.898068113,0.417042958,2.630427102,24.5451041743333,2.28165316866667,0.268281138,0.030831,4.066725083,,0,0,0,389.537320796583,63.7547133678515,0,453.292034164435
2019-12-01,2019,"Q4","2019/20","Q2","December",2.112018442,52.040335837,53.2974855553333,27.7260070968517,21.1362358473331,33.178387295,9.428127992,13.7607535599167,19.969141614,0.304600265,0.693880687,1.127565214,2.557520103,24.8153759533333,12.0336772716667,0.05213938,0.223282021,1.018680912,,0,0,0,211.720501678583,63.7547133678515,0,275.475215046435
2020-01-01,2020,"Q1","2019/20","Q3","January",887.450980171,287.340426847,20.6265193493333,28.2458508025184,9.10451429666667,24.701114044,8.810630996,9.64919748391667,17.320624632,4.101448653,0.914702281,3.069761857,1.121351239,30.4054191173333,9.018516723,0.08946387,0.202781506,0.072122874,,0,0,0,1287.38873498092,54.8566917618517,0,1342.24542674277
2020-02-01,2020,"Q1","2019/20","Q3","February",409.846815066,103.259584115,13.7582167113333,26.0196754065184,13.2548756816667,14.777569118,64.725339795,14.7276949639167,22.319826336,0.23908287,0.766355514,0.472884743,1.879627935,23.6344281443333,17.361403482,3.191853487,1.8942548,0.001355,,0,0,0,677.274151406917,54.8566917618517,0,732.130843168768
2020-03-01,2020,"Q1","2019/20","Q3","March",1.023294773,77.935733122,24.5347319833333,30.7118202075184,18.5779917986667,13.535757437,21.87036707,8.38479232891667,9.172275281,0.821443261,1.232683948,0.246899973,1.213390645,21.6788332783333,2.78535493,0.700257571,7.6059357,0.149194465,,0,0,0,187.324066010917,54.8566917618517,0,242.180757772768
2020-04-01,2020,"Q2","2019/20","Q4","April",651.152274376,27.884449527,9.361486935,3.83591944633333,6.58788477533333,0.695841723,11.929406779,8.59064652491667,4.500268683,0.063734421,0.143383499,1.693745164,4.859911684,2.055419336,13.870001015,0.699877077,5.986535513,0.005907732,,0,0,0,750.680605101917,3.23608910866666,0,753.916694210583
2020-05-01,2020,"Q2","2019/20","Q4","May",0.332177458,41.590288455,16.849606038,4.61155584133333,30.6212715223333,6.474070264,51.621280346,7.82954984091667,8.687867455,0.150920217,0.205240872,0.323842183,4.485819279,4.820416875,3.77624939,8.863184229,5.905073021,0.146408185,,0,0,0,194.058732362917,3.23608910866666,0,197.294821471583
2020-06-01,2020,"Q2","2019/20","Q4","June",14.186569291,357.545085348,110.77731116,23.6372529943333,83.6151532283333,48.214003535,69.20315839,23.3598256799167,16.474101168,7.044459623,1.247479998,1.605430257,5.46382759,28.238809061,14.219611795,8.997495834,10.661725079,1.029109804,,0,0,0,822.284320726917,3.23608910866666,0,825.520409835583
2020-07-01,2020,"Q3","2020/21","Q1","July",486.188929424,273.568610144667,1.85498680433333,20.9779879316667,9.81184748066667,83.3586731923333,4.672879394,4.81781698491667,4.217063276,0.017046,0.193156,0,0.129979197,16.9514230316667,1.50575877466667,0,23.414949646,-3e-04,0.075091336,0,0,0,871.198575265583,60.5573233523333,0,931.755898617917
2020-08-01,2020,"Q3","2020/21","Q1","August",125.90477676,161.780746475667,9.95733556733333,37.7326415016667,19.7832015686667,21.8041644203333,22.504790694,10.0615881939167,37.189301474,2.447166647,6.797059238,0.997500052,1.450473626,18.5489154976667,2.05284376566667,0.004137826,0.549516849,1.174737665,0.318262529,0,0,0,420.501836998583,60.5573233523333,0,481.059160350917
2020-09-01,2020,"Q3","2020/21","Q1","September",41.828660689,134.304049962667,20.3746052603333,24.8436461516667,18.3399946306667,37.7556379663333,21.718272812,9.34208059691667,18.312262175,1.037895668,1.198261544,0.299719729,0.963885687,18.6080251526667,1.99374569566667,3.583566096,0.0224,0.10850441,0.308441179,0,0,0,294.386332053583,60.5573233523333,0,354.943655405917
2020-10-01,2020,"Q4","2020/21","Q2","October",644.584757807,506.422047418667,19.9160144913333,27.6083345706667,19.7331243086667,83.1543897613333,19.071294259,8.33532652391667,74.180192791,0.246862595,0.394531287,1.094020213,0.504524499,17.7309514403333,2.13701397966667,0.120933709,32.0259757,0.612779911,4.380819268,0,0,0,1401.62990450958,60.623990024,0,1462.25389453358
2020-11-01,2020,"Q4","2020/21","Q2","November",450.646155165,109.239550444667,23.2050154843333,27.2359617676667,13.0489438746667,26.6391685963333,37.827911048,12.9498848079167,22.145930799,0.136015997,15.048689112,0.33515038,0.597414719,17.9320633613333,17.1776664716667,0.015535,1.114256816,0.605852842,0.379270699,0,0,0,715.656447361583,60.623990024,0,776.280437385583
2020-12-01,2020,"Q4","2020/21","Q2","December",33.166667773,111.258854380667,43.8903899393333,33.6887582886667,22.3190776596667,42.7792232053333,34.708771308,10.6152191889167,14.140730321,0.171686969,1.886290497,0.117549331,2.679272638,19.2444296783333,12.2262521846667,1.041415046,3.837432006,0.864099332,1.460373598,0,0,0,329.472503320583,60.623990024,0,390.096493344583
2021-01-01,2021,"Q1","2020/21","Q3","January",978.02761316,427.091788257667,12.1724091043333,41.8349977814538,14.9108505872893,71.4610167613333,24.545640937,7.08736287691667,12.207450963,0.096031709,0.784041693,0.889140455,0.680400362,17.7148614143333,17.6213362433333,0.003279349,16.234283858,0.362678132,1.705369256,0,0,0,1582.62279786225,62.8077550384097,0,1645.43055290066
2021-02-01,2021,"Q1","2020/21","Q3","February",0.981886039,226.552182442667,32.6981161143333,31.1020979424538,18.9461357822893,28.5261616923333,26.761420343,13.3633553519167,13.38595365,1.922168306,0.36968138,0.175635219,0.629436104,20.2963737833333,4.19499397233333,31.414864792,1.129594369,0.513881666,7.725677517,0,0,0,397.88186142825,62.8077550384097,0,460.68961646666
2021-03-01,2021,"Q1","2020/21","Q3","March",0.4757097,104.785707387667,28.3203746723333,27.7381951894538,15.3369630692893,20.2182829583333,48.061478932,12.1070935189167,25.210622175,1.05807983,3.471639286,0.331727007,2.67736024,18.6525110553333,4.10247018533333,2.824010102,0.230340317,0.715904919,5.455201932,0,0,0,258.96591743825,62.8077550384097,0,321.77367247666
2021-04-01,2021,"Q2","2020/21","Q4","April",943.990537478,76.358994909,14.686748864,9.068561053,12.283035049,40.785291249,22.581017668,18.8561802999167,65.292901165,0.537569216,1.59051916,1.302144176,1.548524261,1.786028469,3.13230113533333,0.18182905,3.77170193,1.834157857,17.376756574,0,0,0,1236.96479956325,0,0,1236.96479956325
2021-05-01,2021,"Q2","2020/21","Q4","May",11.260102061,327.061113671,51.636207975,12.925254301,16.073766531,31.931168097,95.373680484,27.8518048839167,15.338146908,3.726104355,4.110563786,0.177170393,3.678819768,4.216378077,6.14328637433333,0.707153157,2.663663866,1.097960232,6.837701331,0,0,0,622.81004625125,0,0,622.81004625125
2021-06-01,2021,"Q2","2020/21","Q4","June",7.532101192,327.896143952,195.368527304,-0.54569375,73.213934861,23.405398846,60.407709099,40.8449722489167,41.262270807,3.184490528,17.606526907,2.228512142,6.557369804,15.210931541,23.6655059673333,13.455669173,13.685638607,2.567363779,54.81165168,0,0,0,922.35902468825,0,0,922.35902468825
2021-07-01,2021,"Q3","2021/22","Q1","July",489.06464,16.0375747623327,14.000146201126,19.8635767594605,22.4407758757736,46.1156066771228,4.672450986,4.67250881425,13.023251305,0,0.01,0.4785,0.035087,19.5383689776655,4.78627941666667,120.04070223,0,0,0,0,0,0,698.754866946917,75.9771292714812,0,774.731996218398
2021-08-01,2021,"Q3","2021/22","Q1","August",9.79957934,280.543638902333,16.024196634126,21.6350688944605,21.2700529787736,39.3663940581228,16.399609295,34.99797915925,6.401235654,0.41019207,15.203929,0.1552,0.737949711,19.9903934306655,5.92424624366667,3.180005275,1.033035376,0.680492937,0.089025068,0,0,0,417.865094755917,75.9771292714812,0,493.842224027398
2021-09-01,2021,"Q3","2021/22","Q1","September",13.923165694,66.3568612163327,18.793479237126,34.1174003214605,24.0417346817736,22.1724252051228,23.70147248,12.27782404325,1.782051722,0.005060354,0.170590177,0.15779001,1.794198032,20.1983586046655,4.69192941666667,2.324224075,0.188939798,0.027123632,0.267743123,0,0,0,171.015242551917,75.9771292714812,0,246.992371823398
2021-10-01,2021,"Q4","2021/22","Q2","October",516.638249482,59.7395364713333,24.2863386491333,22.4193062397667,102.252554254777,24.9102516501223,20.195499088,8.51968233925,5.233651317,0.458116765,0.136692048,0.927024288,0.467092363,20.5008593106663,4.69192941666667,0.21406876,0.612282001,2.952612847,0.177136,0,0,0,738.552420685917,76.7804626047987,0,815.332883290715
2021-11-01,2021,"Q4","2021/22","Q2","November",2.291668342,269.708751198333,25.0902857411333,45.8039088377667,31.1756846227767,122.105319725122,36.551783274,12.21619481525,16.221130402,4.492482381,2.254277323,0.44295928,0.782534233,20.6032102786663,4.82509519766667,1.762816689,0.507021689,0.585470203,0.269488314,0,0,0,520.909619941917,76.7804626047987,0,597.690082546715
2021-12-01,2021,"Q4","2021/22","Q2","December",0.898819605,83.5319714803333,35.8514628651333,29.4689546577667,22.3070154107767,30.5449218421223,45.493534928,17.08970061325,49.9544099,1.347400701,1.040272041,0.152421562,4.464906388,21.2483541536663,105.840179947667,1.451052545,0.014724,0.45553563,1.302440374,0,0,0,375.677616039917,76.7804626047987,0,452.458078644715
2022-01-01,2022,"Q1","2021/22","Q3","January",523.030559296,265.173487124667,30.0329227324393,44.9099295178236,41.79197192391,35.953284223125,25.16486455,11.10682394225,32.849740524,3.29085,0.350131108,0.633078289,0.289025336,22.9370109186867,0.537102066166667,3.057279094,0.23113189,1.307024222,0.806964233,0,0,0,895.986347511417,147.466833479651,0,1043.45318099107
2022-02-01,2022,"Q1","2021/22","Q3","February",0.885948425,138.693257666667,24.9701778994393,58.8013778898236,54.03570192391,38.588122466125,20.629118541,16.20618740525,14.579767484,0.764078353,21.791199121,0.342085064,1.098093137,21.9535059046867,1.66130214916667,2.205558635,0.326358685,0.278744558,1.142827256,0,0,0,271.486579084417,147.466833479651,0,418.953412564068
2022-03-01,2022,"Q1","2021/22","Q3","March",0.542083601,100.612850925667,27.9531425564393,48.4868681308236,60.53487199691,17.246823723125,19.881437341,15.61318629925,53.280484352,0.224105515,6.456014881,0.735072881,1.580471884,22.3164209516867,13.4902257901667,0.209246779,0.08837492,1.383883239,1.203043159,0,0,0,244.371775446417,147.466833479651,0,391.838608926068
2022-04-01,2022,"Q2","2021/22","Q4","April",515.581594151,250.845362577,22.262117385,6.290771052,28.314735082,5.479633335,47.174597141,14.82017619525,34.077312665,0.758171408,13.923430623,0.078246813,0.802713756,2.675845017,27.8992848241667,0.248444207,0.286356162,0.125729408,7.636318156,0,0,0,979.280839957417,0,0,979.280839957417
2022-05-01,2022,"Q2","2021/22","Q4","May",12.302299558,108.68652818,58.798826254,12.144872649,106.429312771,7.712721903,39.47832616,35.30233267825,52.499816384,7.301749322,2.629055608,0.919643786,1.419186809,1.906413739,13.8479645431667,35.348173729,0.586540566,5.446092769,14.6012768,0,0,0,517.361134208417,0,0,517.361134208417
2022-06-01,2022,"Q2","2021/22","Q4","June",81.008985961,567.898982491,119.949560409,151.727119043,56.262276148,121.709777979,79.521762026,72.11029313325,59.822984568,4.850001689,12.422788734,1.735136326,18.703893431,19.104428897,18.2565390951667,5.332567016,1.609408884,3.012560755,13.601451741,0,0,0,1408.64051832642,0,0,1408.64051832642
