"Date","Year","Quarter","FY","QFY","Month","EXP_NDPD_SEC","EXP_NDPD_RAW","EXP_NDPD_AGR","EXP_NDPD_EDU","EXP_NDPD_HEA","EXP_NDPD_WAE","EXP_NDPD_JLO","EXP_NDPD_ACC","EXP_NDPD_EAM","EXP_NDPD_TTI","EXP_NDPD_LHUD","EXP_NDPD_SD","EXP_NDPD_ICT","EXP_NDPD_PSM","EXP_NDPD_PAD","EXP_NDPD_PARL","EXP_NDPD_STD","EXP_NDPD_TOU","EXP_NDPD_LGOV","EXP_NDPD_I","EXP_NDPD_I_DOM","EXP_NDPD_I_EXT","EXP_NDPD_CEN_TOT","EXP_NDPD_LGP_TOT","EXP_NDPD_I_TOT","EXP_NDPD"
1997-07-01,1997,"Q3","1997/98","Q1","July",,,,,,,,,,,,,,,,,,,,3.99932,1.36078,2.63854,23.1166039418333,16.4191860581667,3.99932,43.53511
1997-08-01,1997,"Q3","1997/98","Q1","August",,,,,,,,,,,,,,,,,,,,7.43515,1.12247,6.31268,42.6309539418333,13.7114660581667,7.43515,63.77757
1997-09-01,1997,"Q3","1997/98","Q1","September",,,,,,,,,,,,,,,,,,,,8.66558,2.92953,5.73605,44.0485139418333,16.7237260581667,8.66558,69.43782
1997-10-01,1997,"Q4","1997/98","Q2","October",,,,,,,,,,,,,,,,,,,,8.39196,5.82332,2.56864,40.8214439418333,13.6466560581667,8.39196,62.86006
1997-11-01,1997,"Q4","1997/98","Q2","November",,,,,,,,,,,,,,,,,,,,2.96428,0.86976,2.09452,45.6422039418333,17.2159760581667,2.96428,65.82246
1997-12-01,1997,"Q4","1997/98","Q2","December",,,,,,,,,,,,,,,,,,,,5.69968,2.99241,2.70727,46.3725139418333,17.4741960581667,5.69968,69.54639
1998-01-01,1998,"Q1","1997/98","Q3","January",,,,,,,,,,,,,,,,,,,,3.43143,0.93851,2.49292,31.6711939418333,18.8991660581667,3.43143,54.00179
1998-02-01,1998,"Q1","1997/98","Q3","February",,,,,,,,,,,,,,,,,,,,4.95927,1.01952,3.93975,41.9963539418333,16.2879760581667,4.95927,63.2436
1998-03-01,1998,"Q1","1997/98","Q3","March",,,,,,,,,,,,,,,,,,,,7.756,2.71541,5.04059,48.6720939418333,15.1263360581667,7.756,71.55443
1998-04-01,1998,"Q2","1997/98","Q4","April",,,,,,,,,,,,,,,,,,,,8.47066,5.85426,2.6164,50.9857339418333,19.8738160581667,8.47066,79.33021
1998-05-01,1998,"Q2","1997/98","Q4","May",,,,,,,,,,,,,,,,,,,,3.55925,1.35872,2.20053,42.8369739418333,24.5588160581667,3.55925,70.95504
1998-06-01,1998,"Q2","1997/98","Q4","June",,,,,,,,,,,,,,,,,,,,5.00996,2.76866,2.2413,82.7050939418333,27.5853960581667,5.00996,115.30045
1998-07-01,1998,"Q3","1998/99","Q1","July",,,,,,,,,,,,,,,,,,,,4.983868708,1.64191,3.341958708,24.71410464025,18.21324747175,4.983868708,47.91122082
1998-08-01,1998,"Q3","1998/99","Q1","August",,,,,,,,,,,,,,,,,,,,6.328263916,1.557334,4.770929916,53.15339352825,22.02861747175,6.328263916,81.510274916
1998-09-01,1998,"Q3","1998/99","Q1","September",,,,,,,,,,,,,,,,,,,,8.09266716,2.697624,5.39504316,52.45144752825,22.47369747175,8.09266716,83.01781216
1998-10-01,1998,"Q4","1998/99","Q2","October",,,,,,,,,,,,,,,,,,,,5.21546968,1.178278,4.03719168,44.3482141949167,22.47656747175,5.21546968,72.0402513466667
1998-11-01,1998,"Q4","1998/99","Q2","November",,,,,,,,,,,,,,,,,,,,3.3123894,1.119201,2.1931884,63.7557701949167,23.49815747175,3.3123894,90.5663170666667
1998-12-01,1998,"Q4","1998/99","Q2","December",,,,,,,,,,,,,,,,,,,,5.9004748,2.702524,3.1979508,60.3869101949167,25.77306747175,5.9004748,92.0604524666667
1999-01-01,1999,"Q1","1998/99","Q3","January",,,,,,,,,,,,,,,,,,,,3.84756044,1.218683,2.62887744,44.24397852825,21.53599747175,3.84756044,69.62753644
1999-02-01,1999,"Q1","1998/99","Q3","February",,,,,,,,,,,,,,,,,,,,8.019734,1.133004,6.88673,46.11357452825,26.03019747175,8.019734,80.163506
1999-03-01,1999,"Q1","1998/99","Q3","March",,,,,,,,,,,,,,,,,,,,8.73460514,2.574636,6.15996914,52.05342852825,28.75910747175,8.73460514,89.54714114
1999-04-01,1999,"Q2","1998/99","Q4","April",,,,,,,,,,,,,,,,,,,,4.6258096,1.697355,2.9284546,53.35925452825,20.53144747175,4.6258096,78.5165116
1999-05-01,1999,"Q2","1998/99","Q4","May",,,,,,,,,,,,,,,,,,,,3.6694187,0.920083,2.7493357,61.53639452825,20.58171747175,3.6694187,85.7875307
1999-06-01,1999,"Q2","1998/99","Q4","June",,,,,,,,,,,,,,,,,,,,6.110302,2.98408,3.126222,106.37425652825,25.22078747175,6.110302,137.705346
1999-07-01,1999,"Q3","1999/00","Q1","July",,,,,,,,,,,,,,,,,,,,5.4053873,0.852771,4.5526163,28.324272,27.159553,5.4053873,60.8892123
1999-08-01,1999,"Q3","1999/00","Q1","August",,,,,,,,,,,,,,,,,,,,11.575802,1.171028,10.404774,54.767413,27.183903,11.575802,93.527118
1999-09-01,1999,"Q3","1999/00","Q1","September",,,,,,,,,,,,,,,,,,,,11.8938783,4.897946,6.9959323,47.855479,24.129633,11.8938783,83.8789903
1999-10-01,1999,"Q4","1999/00","Q2","October",,,,,,,,,,,,,,,,,,,,6.867931,2.510389,4.357542,38.508036,27.507063,6.867931,72.88303
1999-11-01,1999,"Q4","1999/00","Q2","November",,,,,,,,,,,,,,,,,,,,5.317786,1.258228,4.059558,75.835541,28.253263,5.317786,109.40659
1999-12-01,1999,"Q4","1999/00","Q2","December",,,,,,,,,,,,,,,,,,,,7.9204665,1.685216,6.2352505,68.547641,30.473643,7.9204665,106.9417505
2000-01-01,2000,"Q1","1999/00","Q3","January",,,,,,,,,,,,,,,,,,,,6.5108435,1.613186,4.8976575,48.341517,24.054163,6.5108435,78.9065235
2000-02-01,2000,"Q1","1999/00","Q3","February",,,,,,,,,,,,,,,,,,,,8.4422299,1.711155,6.7310749,60.076139,26.767453,8.4422299,95.2858219
2000-03-01,2000,"Q1","1999/00","Q3","March",,,,,,,,,,,,,,,,,,,,8.634933,2.14116,6.493773,65.544765166,28.355593,8.634933,102.535291166
2000-04-01,2000,"Q2","1999/00","Q4","April",,,,,,,,,,,,,,,,,,,,10.846153,7.107796,3.738357,59.337055,27.198233,10.846153,97.381441
2000-05-01,2000,"Q2","1999/00","Q4","May",,,,,,,,,,,,,,,,,,,,6.681397,2.24244,4.438957,83.9449295,27.924753,6.681397,118.5510795
2000-06-01,2000,"Q2","1999/00","Q4","June",,,,,,,,,,,,,,,,,,,,5.2544948,2.373846,2.8806488,184.614422942,30.051353,5.2544948,219.920270742
2000-07-01,2000,"Q3","2000/01","Q1","July",,,,,,,,,,,,,,,,,,,,4.4348618,2.295659,2.1392028,29.5236393982778,33.3445022683889,4.4348618,67.3030034666667
2000-08-01,2000,"Q3","2000/01","Q1","August",,,,,,,,,,,,,,,,,,,,10.572477,3.230283,7.342194,66.2763630982746,41.829579568392,10.572477,118.678419666667
2000-09-01,2000,"Q3","2000/01","Q1","September",,,,,,,,,,,,,,,,,,,,20.02133,13.25798,6.76335,59.0116750982746,29.045979568392,20.02133,108.078984666667
2000-10-01,2000,"Q4","2000/01","Q2","October",,,,,,,,,,,,,,,,,,,,8.3085788,3.340254,4.9683248,65.9691093023675,43.4903983642992,8.3085788,117.768086466667
2000-11-01,2000,"Q4","2000/01","Q2","November",,,,,,,,,,,,,,,,,,,,5.8182712,2.265772,3.5524992,64.1613015578609,46.8560188088058,5.8182712,116.835591566667
2000-12-01,2000,"Q4","2000/01","Q2","December",,,,,,,,,,,,,,,,,,,,4.292412,1.973641,2.318771,84.0204215068659,24.8001631598007,4.292412,113.112996666667
2001-01-01,2001,"Q1","2000/01","Q3","January",,,,,,,,,,,,,,,,,,,,4.859662,2.02248,2.837182,59.2098949515282,38.8698477151385,4.859662,102.939404666667
2001-02-01,2001,"Q1","2000/01","Q3","February",,,,,,,,,,,,,,,,,,,,12.7382988,3.082245,9.6560538,70.4939364455282,51.9707077151385,12.7382988,135.202942960667
2001-03-01,2001,"Q1","2000/01","Q3","March",,,,,,,,,,,,,,,,,,,,18.72193,11.21567,7.50626,76.8014997640379,38.9823249026287,18.72193,134.505754666667
2001-04-01,2001,"Q2","2000/01","Q4","April",,,,,,,,,,,,,,,,,,,,6.72199124,2.695438,4.02655324,65.7352312015671,32.0207164650995,6.72199124,104.477938906667
2001-05-01,2001,"Q2","2000/01","Q4","May",,,,,,,,,,,,,,,,,,,,10.87155108,7.092261,3.77929008,90.5403147409794,37.8391865090206,10.87155108,139.25105233
2001-06-01,2001,"Q2","2000/01","Q4","June",,,,,,,,,,,,,,,,,,,,8.8328812,6.358188,2.4746932,169.148724469104,27.6002357808955,8.8328812,205.58184145
2001-07-01,2001,"Q3","2001/02","Q1","July",,,,,,,,,,,,,,,,,,,,11.00441,8.295,2.70941,36.232759805815,35.7731643275183,11.00441,83.0103341333333
2001-08-01,2001,"Q3","2001/02","Q1","August",,,,,,,,,,,,,,,,,,,,16.13954,10.275,5.86454,69.8614321186796,53.9215502146538,16.13954,139.922522333333
2001-09-01,2001,"Q3","2001/02","Q1","September",,,,,,,,,,,,,,,,,,,,14.948491,8.305,6.643491,80.9070241723762,36.0940431609572,14.948491,131.949558333333
2001-10-01,2001,"Q4","2001/02","Q2","October",,,,,,,,,,,,,,,,,,,,11.8405791,7.6875,4.1530791,84.1208451460366,52.6921051872968,11.8405791,148.653529433333
2001-11-01,2001,"Q4","2001/02","Q2","November",,,,,,,,,,,,,,,,,,,,14.8073816,9.2675,5.5398816,81.8306026771466,78.7971396561867,14.8073816,175.435123933333
2001-12-01,2001,"Q4","2001/02","Q2","December",,,,,,,,,,,,,,,,,,,,8.95231,7.1875,1.76481,103.719236529826,39.8792556035075,8.95231,152.550802133333
2002-01-01,2002,"Q1","2001/02","Q3","January",,,,,,,,,,,,,,,,,,,,12.34724,8.8175,3.52974,87.6800069821056,41.7298476845611,12.34724,141.757094666667
2002-02-01,2002,"Q1","2001/02","Q3","February",,,,,,,,,,,,,,,,,,,,13.47687,6.7375,6.73937,74.8556851442128,58.0714635224539,13.47687,146.404018666667
2002-03-01,2002,"Q1","2001/02","Q3","March",,,,,,,,,,,,,,,,,,,,12.21961,6.3575,5.86211,109.970351765285,49.6476519013822,12.21961,171.837613666667
2002-04-01,2002,"Q2","2001/02","Q4","April",,,,,,,,,,,,,,,,,,,,9.1733,5.9892,3.1841,88.4586514355987,63.7124052310679,9.1733,161.344356666667
2002-05-01,2002,"Q2","2001/02","Q4","May",,,,,,,,,,,,,,,,,,,,11.04178,6.9792,4.06258,130.765693991919,55.264146674748,11.04178,197.071620666667
2002-06-01,2002,"Q2","2001/02","Q4","June",,,,,,,,,,,,,,,,,,,,7.48363,5.3192,2.16443,187.920605816667,29.6543079166667,7.48363,225.058543733333
2002-07-01,2002,"Q3","2002/03","Q1","July",,,,,,,,,,,,,,,,,,,,11.0886127,6.239,4.8496127,57.6674460818997,42.5026935481003,11.0886127,111.25875233
2002-08-01,2002,"Q3","2002/03","Q1","August",,,,,,,,,,,,,,,,,,,,14.993464,8.059,6.934464,86.2000611218997,59.4373398781003,14.993464,160.630865
2002-09-01,2002,"Q3","2002/03","Q1","September",,,,,,,,,,,,,,,,,,,,11.4164368,6.739,4.6774368,83.3712709618997,46.3248568781003,11.4164368,141.11256464
2002-10-01,2002,"Q4","2002/03","Q2","October",,,,,,,,,,,,,,,,,,,,13.6401653333333,9.41933333333333,4.220832,102.80447430486,58.8202459321396,13.6401653333333,175.264885570333
2002-11-01,2002,"Q4","2002/03","Q2","November",,,,,,,,,,,,,,,,,,,,12.4037909333333,8.40933333333333,3.9944576,81.5945114278604,69.2824952721396,12.4037909333333,163.280797633333
2002-12-01,2002,"Q4","2002/03","Q2","December",,,,,,,,,,,,,,,,,,,,12.6272515333333,9.26933333333333,3.3579182,104.552239007079,35.8203106729208,12.6272515333333,152.999801213333
2003-01-01,2003,"Q1","2002/03","Q3","January",,,,,,,,,,,,,,,,,,,,13.4984195666667,12.7326666666667,0.7657529,72.9659875018591,60.6697814381409,13.4984195666667,147.134188506667
2003-02-01,2003,"Q1","2002/03","Q3","February",,,,,,,,,,,,,,,,,,,,14.8530362666667,10.4826666666667,4.3703696,97.287901725615,64.794734789385,14.8530362666667,176.935672781667
2003-03-01,2003,"Q1","2002/03","Q3","March",,,,,,,,,,,,,,,,,,,,19.6910261666667,10.5326666666667,9.1583595,97.1336179662573,36.1467043337427,19.6910261666667,152.971348466667
2003-04-01,2003,"Q2","2002/03","Q4","April",,,,,,,,,,,,,,,,,,,,16.4562329,10.665,5.7912329,109.585488212256,55.7192780777435,16.4562329,181.76099919
2003-05-01,2003,"Q2","2002/03","Q4","May",,,,,,,,,,,,,,,,,,,,18.150356,13.835,4.315356,149.549784382256,55.8785210777435,18.150356,223.57866146
2003-06-01,2003,"Q2","2002/03","Q4","June",,,,,,,,,,,,,,,,,,,,15.5017432,11.825,3.6767432,187.606607392256,56.4033960777435,15.5017432,259.51174667
2003-07-01,2003,"Q3","2003/04","Q1","July",,,,,,,,,,,,,,,,,,,,19.3498212,16.177326,3.1724952,37.165538868357,46.5072193649763,19.3498212,103.022579433333
2003-08-01,2003,"Q3","2003/04","Q1","August",,,,,,,,,,,,,,,,,,,,19.9862027,13.730929,6.2552737,87.5584645452968,67.3662823880365,19.9862027,174.910949633333
2003-09-01,2003,"Q3","2003/04","Q1","September",,,,,,,,,,,,,,,,,,,,22.587802,14.374376,8.213426,89.0788863877241,45.1502109456092,22.587802,156.816899333333
2003-10-01,2003,"Q4","2003/04","Q2","October",,,,,,,,,,,,,,,,,,,,21.2378063,15.1071895,6.1306168,104.546016706337,75.0987296269963,21.2378063,200.882552633333
2003-11-01,2003,"Q4","2003/04","Q2","November",,,,,,,,,,,,,,,,,,,,23.7573665,19.709662,4.0477045,108.872944240881,62.3731770924526,23.7573665,195.003487833333
2003-12-01,2003,"Q4","2003/04","Q2","December",,,,,,,,,,,,,,,,,,,,21.0048864,16.57626,4.4286264,136.398874921483,41.6732755118509,21.0048864,199.077036833333
2004-01-01,2004,"Q1","2003/04","Q3","January",,,,,,,,,,,,,,,,,,,,27.6884302,20.672291,7.0161392,89.0422518790552,63.5055779542782,27.6884302,180.236260033333
2004-02-01,2004,"Q1","2003/04","Q3","February",,,,,,,,,,,,,,,,,,,,20.5556433,16.8441739,3.7114694,102.018552821483,51.8326565118509,20.5556433,174.406852633333
2004-03-01,2004,"Q1","2003/04","Q3","March",,,,,,,,,,,,,,,,,,,,26.332388,16.390874,9.941514,101.573805321482,47.4709815118509,26.332388,175.377174833333
2004-04-01,2004,"Q2","2003/04","Q4","April",,,,,,,,,,,,,,,,,,,,26.5550706,18.265941,8.2891296,119.784383903492,77.0636701298419,26.5550706,223.403124633333
2004-05-01,2004,"Q2","2003/04","Q4","May",,,,,,,,,,,,,,,,,,,,17.3537659,13.772593,3.5811729,126.126903592467,81.9909394408665,17.3537659,225.471608933333
2004-06-01,2004,"Q2","2003/04","Q4","June",,,,,,,,,,,,,,,,,,,,16.0108169,11.9683846,4.04243230000001,250.359990561441,62.92730485539,16.0108169,329.298112316831
2004-07-01,2004,"Q3","2004/05","Q1","July",,,,,,,,,,,,,,,,,,,,18.8079466719969,16.8019761898749,2.005970482122,57.26592429075,52.7854788565833,18.8079466719969,128.85934981933
2004-08-01,2004,"Q3","2004/05","Q1","August",,,,,,,,,,,,,,,,,,,,21.5373901176916,14.2897667324852,7.2476233852064,95.45262568175,57.2454984035833,21.5373901176916,174.235514203025
2004-09-01,2004,"Q3","2004/05","Q1","September",,,,,,,,,,,,,,,,,,,,22.2139148049891,14.9366150329853,7.2772997720038,89.16753265175,43.0764306655833,22.2139148049891,154.457878122322
2004-10-01,2004,"Q4","2004/05","Q2","October",,,,,,,,,,,,,,,,,,,,20.4958760063111,12.5740483411079,7.9218276652032,89.00611515275,84.18911037425,20.4958760063111,193.691101533311
2004-11-01,2004,"Q4","2004/05","Q2","November",,,,,,,,,,,,,,,,,,,,15.470512260898,12.2389178350767,3.2315944258213,143.60162244475,82.3301276595834,15.470512260898,241.402262365231
2004-12-01,2004,"Q4","2004/05","Q2","December",,,,,,,,,,,,,,,,,,,,19.6235486556327,15.2276343706197,4.395914285013,115.81928869675,49.1185267565833,19.6235486556327,184.561364108966
2005-01-01,2005,"Q1","2004/05","Q3","January",,,,,,,,,,,,,,,,,,,,15.2180992250187,12.9035841250447,2.314515099974,111.26910025075,95.6880172465833,15.2180992250187,222.175216722352
2005-02-01,2005,"Q1","2004/05","Q3","February",,,,,,,,,,,,,,,,,,,,19.8352824061209,13.0994927481388,6.7357896579821,123.68929072075,81.6694952855833,19.8352824061209,225.194068412454
2005-03-01,2005,"Q1","2004/05","Q3","March",,,,,,,,,,,,,,,,,,,,23.7492503802149,16.6358236595246,7.1134267206903,109.58596769475,51.7688567145833,23.7492503802149,185.104074789548
2005-04-01,2005,"Q2","2004/05","Q4","April",,,,,,,,,,,,,,,,,,,,22.593046809666,14.4882201729828,8.1048266366832,111.53767050975,83.2462671245833,22.593046809666,217.376984443999
2005-05-01,2005,"Q2","2004/05","Q4","May",,,,,,,,,,,,,,,,,,,,17.7109602376526,14.3743754543824,3.3365847832702,159.40021189075,58.7908773135833,17.7109602376526,235.902049441986
2005-06-01,2005,"Q2","2004/05","Q4","June",,,,,,,,,,,,,,,,,,,,20.5899393463692,16.8761119769347,3.71382736943455,244.035029626034,53.5019767479655,20.5899393463692,318.126945720369
2005-07-01,2005,"Q3","2005/06","Q1","July",,,,,,,,,,,,,,,,,,,,16.6407801241671,14.5916456795153,2.04913444465188,51.3394564883333,71.2841526525,16.6407801241671,139.264389265
2005-08-01,2005,"Q3","2005/06","Q1","August",,,,,,,,,,,,,,,,,,,,23.7794498966308,14.397250471943,9.38219942468774,141.990361989333,69.2431937884999,23.7794498966308,235.013005674464
2005-09-01,2005,"Q3","2005/06","Q1","September",,,,,,,,,,,,,,,,,,,,23.1935783173327,16.3085519958805,6.8850263214522,99.6900552403333,61.9542230675,23.1935783173327,184.837856625166
2005-10-01,2005,"Q4","2005/06","Q2","October",,,,,,,,,,,,,,,,,,,,21.9942799619611,14.1983926104811,7.79588735148,113.140221800333,92.5902630125,21.9942799619611,227.724764774794
2005-11-01,2005,"Q4","2005/06","Q2","November",,,,,,,,,,,,,,,,,,,,18.0906105824107,14.7866784330077,3.303932149403,169.549812853333,73.6814969805,18.0906105824107,261.321920416244
2005-12-01,2005,"Q4","2005/06","Q2","December",,,,,,,,,,,,,,,,,,,,19.0547250572623,16.3620306868219,2.6926943704404,124.614199052333,57.8063073085,19.0547250572623,201.475231418096
2006-01-01,2006,"Q1","2005/06","Q3","January",,,,,,,,,,,,,,,,,,,,18.5537314040951,14.9162141040887,3.6375173000064,157.441975733333,62.4868453635,18.5537314040951,238.482552500928
2006-02-01,2006,"Q1","2005/06","Q3","February",,,,,,,,,,,,,,,,,,,,21.6681705274597,14.7190152916213,6.9491552358384,138.847428804333,104.7164094035,21.6681705274597,265.232008735293
2006-03-01,2006,"Q1","2005/06","Q3","March",,,,,,,,,,,,,,,,,,,,24.5138428293134,16.9490078635916,7.5648349657218,120.583187305333,58.9749367355,24.5138428293134,204.071966870147
2006-04-01,2006,"Q2","2005/06","Q4","April",,,,,,,,,,,,,,,,,,,,21.4155488415741,15.1641030463233,6.2514457952508,114.709208592333,88.1050808728333,21.4155488415741,224.229838306741
2006-05-01,2006,"Q2","2005/06","Q4","May",,,,,,,,,,,,,,,,,,,,18.6727608763187,15.5035331912469,3.1692276850718,175.084257032333,83.3369530658333,18.6727608763187,277.093970974485
2006-06-01,2006,"Q2","2005/06","Q4","June",,,,,,,,,,,,,,,,,,,,20.529611814612,16.4609544312132,4.06865738339883,217.92964381547,53.2396981505,20.529611814612,291.698953780582
2006-07-01,2006,"Q3","2006/07","Q1","July",,,,,,,,,,,,,,,,,,,,17.1264326513958,14.9136916029756,2.21274104842017,70.3145482753333,74.7844733929167,17.1264326513958,162.225454319646
2006-08-01,2006,"Q3","2006/07","Q1","August",,,,,,,,,,,,,,,,,,,,18.1619332357764,15.0032680956613,3.1586651401151,167.952584237333,73.2751273183333,18.1619332357764,259.389644791443
2006-09-01,2006,"Q3","2006/07","Q1","September",,,,,,,,,,,,,,,,,,,,20.7077777454206,16.8660068834622,3.8417708619584,97.8794821813333,67.3814149073333,20.7077777454206,185.968674834087
2006-10-01,2006,"Q4","2006/07","Q2","October",,,,,,,,,,,,,,,,,,,,21.584757192373,15.3323036714963,6.25245352087678,154.100439813333,91.5929530073333,21.584757192373,267.27815001304
2006-11-01,2006,"Q4","2006/07","Q2","November",,,,,,,,,,,,,,,,,,,,19.6754427681924,17.1728247915678,2.50261797662463,213.089969597333,89.7545905283333,19.6754427681924,322.520002893859
2006-12-01,2006,"Q4","2006/07","Q2","December",,,,,,,,,,,,,,,,,,,,19.2171664519921,16.1419411126564,3.07522533933564,133.936150380283,58.4597072683333,19.2171664519921,211.613024100609
2007-01-01,2007,"Q1","2006/07","Q3","January",,,,,,,,,,,,,,,,,,,,18.3366038720422,16.6963400253354,1.6402638467068,170.915173763333,79.0398609153333,18.3366038720422,268.291638550709
2007-02-01,2007,"Q1","2006/07","Q3","February",,,,,,,,,,,,,,,,,,,,18.8610975705287,15.6878139899847,3.173283580544,129.988259263333,85.3207580403333,18.8610975705287,234.170114874195
2007-03-01,2007,"Q1","2006/07","Q3","March",,,,,,,,,,,,,,,,,,,,20.9481326325965,16.9087485079973,4.0393841245992,151.676051520333,67.1786011083333,20.9481326325965,239.802785261263
2007-04-01,2007,"Q2","2006/07","Q4","April",,,,,,,,,,,,,,,,,,,,21.3605035283949,15.7543294002131,5.6061741281818,215.252923200333,105.225798403333,21.3605035283949,341.839225132062
2007-05-01,2007,"Q2","2006/07","Q4","May",,,,,,,,,,,,,,,,,,,,18.6339396150051,16.6896767013691,1.944262913636,182.159103051333,109.438256770333,18.6339396150051,310.231299436672
2007-06-01,2007,"Q2","2006/07","Q4","June",,,,,,,,,,,,,,,,,,,,19.3682936939794,18.2737803636886,1.09451333029074,277.605182239333,53.6243379293658,19.3682936939794,350.597813862679
2007-07-01,2007,"Q3","2007/08","Q1","July",,,,,,,,,,,,,,,,,,,,19.8288139146208,18.5675980982188,1.261215816402,61.2059086028528,99.8117859520834,19.8288139146208,180.846508469557
2007-08-01,2007,"Q3","2007/08","Q1","August",,,,,,,,,,,,,,,,,,,,24.8094551870693,21.5846403779793,3.22481480909,194.161372985853,70.3474642140833,24.8094551870693,289.318292387005
2007-09-01,2007,"Q3","2007/08","Q1","September",,,,,,,,,,,,,,,,,,,,24.796042222579,19.8392578442872,4.9567843782918,241.692054304853,70.1021536600833,24.796042222579,336.590250187515
2007-10-01,2007,"Q4","2007/08","Q2","October",,,,,,,,,,,,,,,,,,,,25.888176465893,20.6342609648552,5.2539155010378,249.839738989853,98.5058298400833,25.888176465893,374.233745295829
2007-11-01,2007,"Q4","2007/08","Q2","November",,,,,,,,,,,,,,,,,,,,24.5756770786997,22.9825036392984,1.5931734394013,190.553233160519,90.5750558700833,24.5756770786997,305.703966109303
2007-12-01,2007,"Q4","2007/08","Q2","December",,,,,,,,,,,,,,,,,,,,24.2166316974927,21.1688642368323,3.0477674606604,112.692899234519,59.6744782260833,24.2166316974927,196.584009158096
2008-01-01,2008,"Q1","2007/08","Q3","January",,,,,,,,,,,,,,,,,,,,25.9225403158249,24.5270972722359,1.395443043589,213.882153532186,94.9953943793333,25.9225403158249,334.800088227344
2008-02-01,2008,"Q1","2007/08","Q3","February",,,,,,,,,,,,,,,,,,,,25.233867897818,21.7849321282188,3.4489357695992,139.676775047186,79.9189814553333,25.233867897818,244.829624400337
2008-03-01,2008,"Q1","2007/08","Q3","March",,,,,,,,,,,,,,,,,,,,27.8928695691022,22.7339650202062,5.158904548896,173.06118148652,78.2209162343333,27.8928695691022,279.174967289955
2008-04-01,2008,"Q2","2007/08","Q4","April",,,,,,,,,,,,,,,,,,,,28.3257927745783,23.8094483209996,4.5163444535788,189.360969157408,151.391155230333,28.3257927745783,369.07791716232
2008-05-01,2008,"Q2","2007/08","Q4","May",,,,,,,,,,,,,,,,,,,,29.541964703759,27.7610170829526,1.7809476208064,216.017575325075,71.9330525963333,29.541964703759,317.492592625167
2008-06-01,2008,"Q2","2007/08","Q4","June",,,,,,,,,,,,,,,,,,,,28.3737010738415,25.9743936511481,2.3993074226934,312.787008473075,58.4246132213333,28.3737010738415,399.58532276825
2008-07-01,2008,"Q3","2008/09","Q1","July",43.49737012,23.714261356,7.794822096,54.366489313,17.67953181725,4.381358064,15.176541743,13.3972061693333,0.434410487,1.072232944,0.112281039,0.491788357,0.049830698,26.340747509995,12.1850144334167,0.688282164,,,,29.8845736960134,29.1334742859204,0.751099410092935,128.553876793995,92.828291517,29.8845736960134,251.266742007008
2008-08-01,2008,"Q3","2008/09","Q1","August",28.936427112,65.305063605,19.040458198,64.544516838,33.46852304125,9.987931155,12.256414689,16.8235585043333,29.760389441,1.76138343,0.256305158,1.687887104,0.281741089,21.603156128995,30.3380831314167,11.432724052,,,,27.6932648831496,24.992515680639,2.7007492025106,246.578463630995,100.906099046,27.6932648831496,375.177827560145
2008-09-01,2008,"Q3","2008/09","Q1","September",24.43762126,16.415113146,4.03316788,64.010046779,21.62229941025,2.823130978,15.287599137,19.9517596183333,0.631602527,1.413876533,0.814768146,2.011276562,0.170548728,24.993203258995,10.7676181424167,8.23428014,,,,29.6804634923506,24.8830102517784,4.7974532405722,152.804557309995,64.813354936,29.6804634923506,247.298375738346
2008-10-01,2008,"Q4","2008/09","Q2","October",66.528643142,15.992018466,31.101721597,56.968631754,25.43572041525,5.135979398,30.39686635,17.7998241013333,0.564370904,1.382019564,0.58177711,1.293837887,0.248401805,61.428680397995,16.7595803244167,9.505424451,,,,35.3641174661405,27.8146592429202,7.54945822322032,194.733444533995,146.390053133,35.3641174661405,376.487615133135
2008-11-01,2008,"Q4","2008/09","Q2","November",31.183198664,44.951352612,6.426190676,79.821110122,37.26049567225,14.754047432,16.217859725,17.1114468553333,15.170061845,2.384144449,0.67711207,1.784257846,0.172618133,31.347651289995,37.7247802544167,14.911764979,,,,27.1427772063934,25.2872792048789,1.85549800151446,254.945770718995,96.952321906,27.1427772063934,379.040869831388
2008-12-01,2008,"Q4","2008/09","Q2","December",35.036619052,33.240557452,6.054981056,52.978603069,26.25691659525,6.062747026,30.021407385,21.2814342273333,2.986957461,1.987617924,1.067382266,1.054692273,0.372497702,26.815920795995,13.2043089844167,6.405229525,,,,28.5808705009382,25.2924756897896,3.28839481114858,203.870150494995,60.957722299,28.5808705009382,293.408743294933
2009-01-01,2009,"Q1","2008/09","Q3","January",34.749271592,61.709501245,26.191686115,57.828673836,22.75470839725,6.63973195,18.995302325,24.9033005663333,20.377171826,1.778213775,0.312770101,2.258124054,0.196356059,36.647152635995,12.0269566884167,14.163024068,,,,28.9516934663307,27.9321444298564,1.01954903647425,233.399648508995,108.132296725,28.9516934663307,370.483638700326
2009-02-01,2009,"Q1","2008/09","Q3","February",59.187547331,23.14842294,26.979867474,71.594830503,28.48615876825,2.000963714,16.78569872,26.2166868923333,2.102892274,1.41461453,0.50583806,1.268627267,0.10709238,26.141589494995,10.9149948694167,13.919030614,,,,28.1439936224969,25.0582929083269,3.08570071417005,206.579098579995,104.195757252,28.1439936224969,338.918849454492
2009-03-01,2009,"Q1","2008/09","Q3","March",28.160645467,205.650816698,6.146081376,55.696509192,49.76890051325,9.163388763,24.43681699,27.1759033103334,2.085088936,1.310535111,0.520802506,1.136878699,0.212794093,36.141316704995,15.4967725504167,10.850849701,,,,31.5409589382943,24.2737625721991,7.26719636609527,393.674956657995,80.279143953,31.5409589382943,505.495059549289
2009-04-01,2009,"Q2","2008/09","Q4","April",38.617203299,31.846078091,4.850144494,66.010733507,31.59990572725,15.695347285,24.526370268,25.4525978883333,12.608904831,0.991686494,0.517546688,0.917079475,1.576025449,39.948782670995,17.6810782354167,10.308086973,,,,35.2346025294562,25.9534535068351,9.28114902262113,185.872643705995,137.27492767,35.2346025294562,358.382173905451
2009-05-01,2009,"Q2","2008/09","Q4","May",70.577064542,19.232401819,21.781515614,72.220253843,51.13581309525,6.509076539,24.311308357,42.2703959953333,6.037182671,4.496307612,1.139091995,3.765134889,0.35135807,28.6778395066618,28.7865728324167,7.382571582,,,,27.8507950436663,24.8114421260145,3.0393529176518,276.768828032662,111.90506093,27.8507950436663,416.524684006328
2009-06-01,2009,"Q2","2008/09","Q4","June",117.432733734,73.708171568,14.258878976,74.219593527,35.59676608525,10.758361004,47.837583289,49.7566380633333,34.200435839,3.296379143,5.510513147,3.458644793,2.061536833,43.8498808003283,30.2350714184167,12.428248145,,,,27.7995550265292,24.8478961053497,2.9516589211795,500.827082215,57.7823541503284,27.7995550265292,586.408991391858
2009-07-01,2009,"Q3","2009/10","Q1","July",51.012489613,71.897381263,40.665088301,73.30143093,34.792222287,12.581282,5.415761431,13.2407520503333,0,0.6737496,0,2.451443385,0,56.024005406,10.2234451764167,11.025068704,,,,31.2757620426989,29.8668108674483,1.4089511752506,173.82646723675,209.47765291,31.2757620426989,414.579882189449
2009-08-01,2009,"Q3","2009/10","Q1","August",27.865098848,54.794945839,7.169965417,82.947332785,27.375534372,4.16553427,22.463794262,19.6720896803333,4.336321735,2.766911442,0.414845708,1.461141429,0.16674143,30.89289716,12.6945569254167,8.197368318,,,,31.3518547377561,28.2251830819668,3.1266716557893,249.46568114075,57.91939848,31.3518547377561,338.736934358506
2009-09-01,2009,"Q3","2009/10","Q1","September",28.737323959,38.26963168,5.085665365,52.315603356,19.641649208,4.365320571,14.810602756,26.0601773943333,0.843967672,3.011847117,0.995882536,0.764510655,0.200796175,24.964211657,10.4785544784167,8.593656151,,,,35.1772019611009,27.7902533148219,7.386948646279,180.89858284475,58.240817886,35.1772019611009,274.316602691851
2009-10-01,2009,"Q4","2009/10","Q2","October",54.889961668,89.593216354,28.135612743,60.480188061,34.723878514,18.5292019,29.738689017,17.7438582603333,18.851412715,1.058225314,0.499777738,2.686256069,0.218852439,93.526972931,22.5909820104167,10.696164359,,,,38.4184197651762,29.7925652289817,8.62585453619444,281.93154964475,202.031700448,38.4184197651762,522.381669857926
2009-11-01,2009,"Q4","2009/10","Q2","November",40.831816572,24.158398274,10.234534404,97.358293497,34.19504164,4.900372928,63.984355491,48.7794839283333,1.567585591,4.064495831,2.387611548,1.697748388,0.168325801,64.163665227,15.9360616294167,8.681545735,,,,28.8403737455731,26.967763964952,1.87260978062108,340.01048094775,83.098855537,28.8403737455731,451.949710230323
2009-12-01,2009,"Q4","2009/10","Q2","December",28.092247958,57.953685827,13.726081034,56.747472236,24.656538195,8.190148638,30.553713862,21.7166576613333,26.001928837,3.230599981,1.997590007,1.181812851,0.138563145,14.418341263,14.9206101214167,9.933209482,,,,33.2299453892221,28.8161882056921,4.41375718353,254.53391413875,58.92528696,33.2299453892221,346.689146487972
2010-01-01,2010,"Q1","2009/10","Q3","January",73.564940313,32.094999316,61.219643857,80.963461429,31.865712043,6.738725785,17.890527837,19.6487950303333,0.482134386,1.276971672,0.539260202,1.27168528,0.320707751,66.212175639,21.1982960104167,8.517764267,,,,25.7286195437232,25.0701303154107,0.6584892283125,260.66685193975,163.138948878,25.7286195437232,449.534420361473
2010-02-01,2010,"Q1","2009/10","Q3","February",35.904350472,32.910604898,8.836597151,78.306737831,36.714086662,3.909092237,35.369817648,33.8430775173333,25.274483495,3.920776286,1.458957531,3.857587948,0.230504246,34.876725682,17.6434050134167,9.069719276,,,,28.6505524270849,25.3131778907709,3.337374536314,283.69877748375,78.42774641,28.6505524270849,390.777076320835
2010-03-01,2010,"Q1","2009/10","Q3","March",139.960991902,90.440999546,20.690409391,64.883438109,38.494537727,18.054976205,44.069868082,25.5872991993333,17.047159524,5.708554892,2.048074475,1.281461597,0.340568064,40.075052084,16.6858767184167,8.651067655,,,,34.1024691367587,25.5892797894103,8.5131893473484,442.71117134975,91.309163821,34.1024691367587,568.122804307509
2010-04-01,2010,"Q2","2009/10","Q4","April",177.908846331,52.384385542,3.470500596,95.799409363,39.630450226,17.524703012,36.640718363,21.3574529563333,0.606729938,0.944066882,1.404228022,3.521218181,0.484537967,60.175609481,36.1200247304167,11.825732226,,,,36.9973490916352,26.9459806721052,10.05136841953,387.05954506775,172.739068749,36.9973490916352,596.795962908385
2010-05-01,2010,"Q2","2009/10","Q4","May",183.623364288,66.19302247,16.148614697,85.553928489,26.310524187,7.822131881,32.573348962,38.6417922973333,39.315659441,7.739211362,2.467984296,3.610054678,0.567242598,57.342477518,21.0722537924167,10.009720376,,,,28.1517787362054,24.1935009495164,3.958277786689,537.85579520175,61.135536131,28.1517787362054,627.143110068955
2010-06-01,2010,"Q2","2009/10","Q4","June",154.391043081,165.013801863,18.292452398,71.434323091,67.257805748,11.786976786,109.777062965,49.0935294743334,9.358638,16.133254024,5.306473313,2.978628634,3.627964396,76.136162046,109.742200690417,13.928028368,,,,33.1990555160101,28.6224350286469,4.5766204873632,821.09225260775,63.16609227,33.1990555160101,917.45740039376
2010-07-01,2010,"Q3","2010/11","Q1","July",56.143543533,87.562412506,3.345256954,93.119115295,41.259389153,14.796172419,18.354112337,19.6697413796667,18.557064613,0.926286574,0.150789896,2.710165995,0.047183287,57.298047786,23.6996369319167,8.316512018,,,,25.9052171203296,24.9084662608276,0.996750859502,259.453456392583,186.501974285,25.9052171203296,471.860647797913
2010-08-01,2010,"Q3","2010/11","Q1","August",52.547430197,63.4132611,9.344968567,95.550104973,28.735605882,6.809936192,30.293665595,28.0278186926667,5.98944039500003,3.958568213,1.736058061,2.003024462,0.231043032,39.619359849,13.6212944299167,16.104444001,,,,27.8200415380222,23.8975201852092,3.922521352813,326.353572163583,71.632451478,27.8200415380222,425.806065179606
2010-09-01,2010,"Q3","2010/11","Q1","September",228.0958649437,19.306889591,4.792870904,74.033014174,26.097333128,6.469120679,64.263271311,26.6050674636667,115.155898993,2.145807841,1.437533257,0.676634025,0.858047313,43.260381234,12.2916477939167,9.93679816,,,,32.6387794347407,25.9974659796817,6.641313455059,555.258392936283,80.167787875,32.6387794347407,668.064960246024
2010-10-01,2010,"Q4","2010/11","Q2","October",224.1910043213,50.300477778,63.121980353,103.021734665,46.116998682,10.35482341,35.314416627,21.7907977826667,1.05267450200003,1.371162845,0.730284677,2.676484052,0.491428652,150.215544596,22.9914541459167,13.200440627,,,,37.525006884787,25.4652299564752,12.0597769283118,513.673517824883,233.268189891,37.525006884787,784.46671460067
2010-11-01,2010,"Q4","2010/11","Q2","November",114.97955835792,123.535399235,13.743155108,105.43764518,45.889873499,20.274764198,127.310625585,53.7745311476667,58.098208633,6.269660948,2.23172974,2.697373659,1.020568642,90.722278745,55.4660060489167,11.366193154,,,,31.642017168579,27.1227862248444,4.5192309437346,739.185382909503,93.632188971,31.642017168579,864.459589049082
2010-12-01,2010,"Q4","2010/11","Q2","December",32.815656891,29.327479095,9.212360949,73.056508075,32.588903982,7.95395785,35.076774794,23.3780592726667,2.182389714,2.511996941,1.143099995,1.259088672,0.482338961,34.11832987,39.9434008469167,11.004446752,,,,34.7622724829808,29.1284550445151,5.63381743846567,254.356394603583,81.698398057,34.7622724829808,370.817065143564
2011-01-01,2011,"Q1","2010/11","Q3","January",131.37260846,20.503075799,78.081129318,93.031433389,66.075452468,18.069943763,43.129943446,22.2755814266667,6.36917905099997,0.596297764,0.527322128,0.592100171,0.868764491,64.689444051,66.4460820199167,17.59829121,,,,33.8783663856613,28.4151670791523,5.46319930650898,394.538324793583,235.688324162,33.8783663856613,664.105015341245
2011-02-01,2011,"Q1","2010/11","Q3","February",183.191627659107,98.034085473,10.943953936,110.750689345,45.475861926,7.294998195,89.046831406,33.9165126546667,25.572362687,2.99711366,0.412358618,3.640419724,0.391434289,25.322878844,110.233319169917,9.796133077,,,,37.7105744482781,29.7108040452603,7.99977040301777,655.10950013469,101.911080529,37.7105744482781,794.731155111968
2011-03-01,2011,"Q1","2010/11","Q3","March",205.000348490897,16.975548653,11.787669276,77.35615033,50.845580763,2.88009695,154.768959649,20.4142212126667,1.133531445,2.004350721,0.563892702,1.072344481,0.476294811,48.012191036,33.6965949169167,8.624209697,,,,45.3444101708991,32.5021491950829,12.8422609758162,558.281272216481,77.330712918,45.3444101708991,680.95639530538
2011-04-01,2011,"Q2","2010/11","Q4","April",209.500437105142,73.11924395,10.189179216,102.694433865,43.404262207,16.391486662,53.71148582,24.7061173416667,25.774928838,2.384249993,0.92492325,3.015241554,1.361630035,64.967916483,53.3250407979167,15.818176003,,,,38.4893887950648,32.186865343091,6.30252345197374,531.691723760726,169.59702936,38.4893887950648,739.778141915791
2011-05-01,2011,"Q2","2010/11","Q4","May",131.3962691628,125.325466024,24.977327365,82.91959794,41.768032916,5.985824203,48.903936044,24.3284344216667,96.20675789,4.992768888,2.307245757,1.276570839,1.432041364,41.735840166,38.8746737119167,11.161213243,,,,36.2706660258204,32.0334116381385,4.23725438768195,599.428901545383,84.16309839,36.2706660258204,719.862665961204
2011-06-01,2011,"Q2","2010/11","Q4","June",57.83998653344,34.314368935,37.320740238,82.204808099,95.888314568,4.774171108,71.148691513,31.9924908136667,8.65254955500001,4.648205143,1.870174045,2.542559619,7.939417084,48.884330178,25.1697438409167,25.268352985,,,,41.5583660937115,36.7517946391705,4.80657145454106,456.029404221023,84.429500037,41.5583660937115,582.017270351735
2011-07-01,2011,"Q3","2011/12","Q1","July",29.005925224,47.808001576,46.676191685,131.74066702,44.938177849,15.345943462,21.804772113,42.8638391476667,0.175277549,0.347639666,0.164762224,3.405520371,0.817926184,62.386573176,36.41557923945,9.666398235,,,,33.1895987100156,31.8639903074175,1.3256084025981,234.216600197117,259.346594524,33.1895987100156,526.752793431132
2011-08-01,2011,"Q3","2011/12","Q1","August",157.639459455719,127.391711155,11.30439888,99.86541829,39.622910798,16.406310223,73.834482192,29.1613760336667,3.016563136,4.692995968,2.982859421,2.85804696,0.342843045,47.35870877,19.42782135225,16.878366395,,,,39.7294270187931,33.3303100469612,6.39911697183192,556.986893324636,95.79737875,39.7294270187931,692.513699093429
2011-09-01,2011,"Q3","2011/12","Q1","September",88.85277169284,35.445920096,11.403259326,70.785559138,56.689549872,5.325916687,30.313514832,24.0831993166667,12.526464251,2.340826008,2.188749251,0.711644506,1.526709927,34.010610877,8.33816383725,13.841832495,,,,48.1162359497484,37.8292277634995,10.2870081862489,323.440937030757,74.943755082,48.1162359497484,446.500928062505
2011-10-01,2011,"Q4","2011/12","Q2","October",95.8693995817036,14.678448338,23.442557211,168.585490991,55.033103467,19.559769505,37.512729325,28.3512592826667,6.67543395899999,3.562053734,0.637364533,4.250085297,0.747228584,93.019581565,46.16638336325,20.03113608,,,,51.6979303519467,35.7382244857087,15.959705866238,371.07933728762,247.042687529,51.6979303519467,669.819955168567
2011-11-01,2011,"Q4","2011/12","Q2","November",49.766742636,145.888216787,16.498278881,80.596338675,51.324356014,8.562851773,75.826221098,36.9824938926667,67.322477403,4.238757833,1.320789285,1.329212722,0.902235785,43.15921139,46.00009094425,22.754685109,,,,43.0247132710537,37.3957700546415,5.62894321641216,578.170290637917,74.30266959,43.0247132710537,695.49767349897
2011-12-01,2011,"Q4","2011/12","Q2","December",93.4630714356752,35.499189838,9.402633126,68.305362876,52.974724657,11.394007481,52.017126623,20.8567264906667,8.56228380200001,7.262728058,2.950885061,1.766546857,1.539430316,30.377348824,24.13849152425,23.893523665,,,,49.2039210852524,42.9922128192049,6.21170826604754,370.227301613592,74.176779021,49.2039210852524,493.608001719844
2012-01-01,2012,"Q1","2011/12","Q3","January",105.125047182215,64.478099603,81.698873469,120.114861634,82.605343681,10.63593774,44.869316177,40.6930865836667,124.098686566,3.649429607,0.666730322,3.372699595,0.704031258,87.447312208,34.13330486325,15.143151922,,,,42.98430035247,41.3725137797225,1.61178657274749,563.345957045131,256.089955366,42.98430035247,862.420212763601
2012-02-01,2012,"Q1","2011/12","Q3","February",88.2108871736314,152.554330247,14.291178771,84.4581646796,31.249520287,6.846140896,76.504433539,29.4615889946667,13.378966251,4.16369537,1.368047797,1.3891416,1.088548354,44.787105694,18.06219158825,43.132129008,,,,51.6235983311582,46.7810008417073,4.84259748945086,534.175806458548,76.7702637916,51.6235983311582,662.569668581306
2012-03-01,2012,"Q1","2011/12","Q3","March",53.058864058,32.072696689,4.101075392,67.082203405,20.546126807,2.013596684,27.872285489,24.4999146456667,19.669035658,3.942971074,0.95892709,0.813797732,0.224933448,44.444565777,17.61779854025,21.766024158,,,,61.0702648555056,53.2257413931287,7.84452346237697,263.043396071917,77.641420575,61.0702648555056,401.755081502422
2012-04-01,2012,"Q2","2011/12","Q4","April",67.265830528,27.55895958,10.694102285,110.736468461,72.176724796,24.095984954,64.391049794,36.2858016786667,8.227998211,4.726600697,1.442102984,4.360569937,0.659503244,87.785821228,42.94863062025,33.691313834,,,,66.2808044877823,49.3013758243202,16.9794286634621,409.603368039917,187.444094792,66.2808044877823,663.328267319699
2012-05-01,2012,"Q2","2011/12","Q4","May",120.760200611,66.984914209,11.26884413,96.987019614,39.692787202,7.38348179,41.6959915,25.4290426936667,26.910058463,4.224985622,7.888707253,1.783671116,3.748995665,47.209996303,21.98624457725,10.631369653,,,,59.9569017743301,54.8470600257766,5.10984174855345,449.555168145917,85.031142256,59.9569017743301,594.543212176247
2012-06-01,2012,"Q2","2011/12","Q4","June",54.098194038,82.033000874,25.466815928,70.937371245,44.116547045,12.204310935,50.10985598,38.7679732206667,47.74483952,3.420313747,2.298462948,7.947948073,0.531739831,48.710255034,44.81800463725,23.49637214,,,,56.4245349112377,50.0129703180269,6.41156459321074,478.815768249917,77.886236946,56.4245349112377,613.126540107154
2012-07-01,2012,"Q3","2012/13","Q1","July",54.218414626,124.585064534,6.507185253,81.9716974910232,60.607257495,3.314952492,38.428316016,43.437350937,0.405382499,1.088692429,0.551451739,3.53835538,0.977824092,71.845214387,29.51100988725,18.646858896,,,,65.1716546368023,63.7255923559004,1.44606228090192,418.65273028825,120.982297865023,65.1716546368023,604.806682790076
2012-08-01,2012,"Q3","2012/13","Q1","August",77.808273249,121.821736728,43.536169446,181.845716017333,43.505560817,27.641141494,54.489448998,36.291130624,3.668609889,7.437053411,4.030941405,2.101249795,1.271767002,93.102625583,26.99000861225,17.085650407,,,,78.7590261636486,73.2750970993761,5.48392906427257,490.03719449325,252.589888984333,78.7590261636486,821.386109641232
2012-09-01,2012,"Q3","2012/13","Q1","September",37.284488263,14.533582195,7.091310335,74.8265819807669,52.599202465,7.621156011,24.719576215,25.859201608,38.132466851,2.461281268,1.516236615,0.347996996,0.251615181,20.065615923,24.92634865225,16.856249038,,,,77.5383221839625,65.287977240735,12.2503449432274,263.93381266225,85.1590969347669,77.5383221839625,426.631231780979
2012-10-01,2012,"Q4","2012/13","Q2","October",33.310305112,12.852052881,3.719712495,13.741409295,6.401267032,2.743235401,30.643105776,25.880338031,5.621817011,5.500064604,0.366620349,0.385294982,0.453166414,20.953519526,16.593001695,18.172049344,,,,79.454211825525,64.3273262563195,15.1268855692054,197.336959948,0,79.454211825525,276.791171773525
2012-11-01,2012,"Q4","2012/13","Q2","November",106.608293995,300.960760009,42.429034692,201.735763882218,108.165344572,23.693178473,74.07138465,50.696123809,19.622365603,19.599524537,4.065468075,4.596704071,1.878171419,65.23298218466,31.98524872185,22.579138279,,,,76.8118026596488,71.0370412474184,5.77476141223033,803.458536643735,274.460950328993,76.8118026596488,1154.73128963238
2012-12-01,2012,"Q4","2012/13","Q2","December",39.449543426,78.554605044,9.770880944,153.77001783,44.433665555,18.060662682,31.037515405,31.163042447,18.403730896,4.017591462,3.60309388,0.698320034,0.763039089,61.756643909,26.3437369855,17.903045103,,,,70.0131412674495,62.6259576401414,7.38718362730811,358.9028130315,180.82632166,70.0131412674495,609.74227595895
2013-01-01,2013,"Q1","2012/13","Q3","January",37.476001289,12.038263799,4.450154849,11.028568629,6.67164519,4.833821946,35.856030339,34.957674799,1.630559653,1.717130942,0.540807726,1.362782117,0.49656895,22.226438602,31.45271377,17.618057025,,,,75.2350156465602,69.5365441318827,5.69847151467749,224.357219625,0,75.2350156465602,299.59223527156
2013-02-01,2013,"Q1","2012/13","Q3","February",103.548743558,240.621566432,68.479661528,187.653053540333,100.133793061,16.653091055,56.765477163,71.676617649,2.230336744,4.267377209,1.116567955,4.321273588,0.564632654,83.83326604,34.74356207425,18.333451401,,,,69.6747934550601,63.4334791117928,6.24131434326727,689.48325981225,305.459211839333,69.6747934550601,1064.61726510664
2013-03-01,2013,"Q1","2012/13","Q3","March",37.908764742,31.917306547,18.74948291,153.017961279496,41.678813004,17.978081704,41.90073702,37.3288211040833,11.609086543,4.179221664,1.79974519,0.901574225,4.34122242,55.814894469,21.8736055575,18.346811843,,,,76.6742392604088,63.2830887570097,13.3911505033991,316.670869356583,182.675260865496,76.6742392604088,576.020369482488
2013-04-01,2013,"Q2","2012/13","Q4","April",91.589157005,29.761066753,7.68345500125946,94.3539519306285,28.851734024,8.425613978,42.905552263,35.843709201,3.35711195,1.798773603,1.159245371,2.73887178,1.315058212,35.827568657,42.2050394115054,18.541872243,,,,78.6092636634018,62.4692369957411,16.1400266676607,351.974046714801,94.3837346685928,78.6092636634018,524.967045046795
2013-05-01,2013,"Q2","2012/13","Q4","May",45.142987306,39.508322498,20.4130850858254,25.151611127678,50.6685736690883,9.97076368078736,56.712753552,39.969352737723,3.471818922,3.319115075,1.405043136,3.80678203502562,0.806494374,86.6992027543021,31.367766728,20.590715676,,,,73.5755980892959,67.0213820651997,6.55421602409616,371.347725916,67.6566624414299,73.5755980892959,512.579986446726
2013-06-01,2013,"Q2","2012/13","Q4","June",84.699104211,183.868778704,30.807965182,158.99130437194,72.323636563,25.548003968,86.16698168,66.196370528,8.536067819,9.147278293,4.28760202,3.601153057,0.680145463,136.403605788698,47.3801461925,27.407647356,,,,68.1839813951066,62.4878577432608,5.69612365184578,755.4205496345,190.625241562638,68.1839813951066,1014.22977259224
2013-07-01,2013,"Q3","2013/14","Q1","July",109.110170972,245.376940075,1.864013419,131.276782407083,28.512510421,0.915673076,42.698104908,67.4353492189167,15.923274551,1.424926763,3.38495523,0.778851531,0.328758659,29.936531456,32.8986934820613,20.060130871,,,,68.8633380849949,62.4545865699078,6.4087515150871,608.667191485978,123.258475554083,68.8633380849949,800.789005125056
2013-08-01,2013,"Q3","2013/14","Q1","August",45.12096337,61.460013225,53.054411280054,181.632066881583,102.525956337815,24.57811695,55.195584545,46.8137349649167,2.57230615,6.471347407,1.53225479,4.090152042,0.870166708,101.5471477455,30.8012314410613,18.291485858,,,,74.1214618229785,67.2216410844857,6.89982073849284,440.942401672978,295.614538022953,74.1214618229785,810.678401518909
2013-09-01,2013,"Q3","2013/14","Q1","September",37.104509352,186.060991415,10.460527145,78.8712551345834,38.085906453,8.781109015,58.430767619,40.0545135639167,51.827564316,3.500634264,1.610431734,1.483396034,0.725894685,43.807022801,26.5510389810613,20.072585248,,,,77.3468293486268,64.3899843473716,12.9568450012552,514.062846284478,93.3653014760833,77.3468293486268,684.774977109188
2013-10-01,2013,"Q4","2013/14","Q2","October",70.981055799,36.654859813,32.752375978527,183.442836189783,53.978921595908,22.708516785,41.321929394,60.6546425979167,0.793569617,2.67350792,6.615717889,2.442804015,0.560693468,84.6216789285,45.2242652500613,18.315793394,,,,85.7994221289842,69.9945270446568,15.8048950843274,372.56438066627,291.178787968426,85.7994221289842,749.54259076368
2013-11-01,2013,"Q4","2013/14","Q2","November",83.683549623,319.693208646,15.756899487,108.249885291083,88.182900954,15.819347615,74.216108854,61.9143879299167,29.059366063,8.241501696,3.108377552,3.229657447,1.80402008,59.190832112,37.1066322790613,19.782986901,,,,72.1806348438978,66.5081120528087,5.67252279108915,833.731338868978,95.3083236610833,72.1806348438978,1001.22029737396
2013-12-01,2013,"Q4","2013/14","Q2","December",51.108322897,175.442071639,23.343318852,94.0340298771667,39.269347098,9.441157994,66.108113676,41.6507714069167,9.871582954,2.875720779,1.083533314,2.121141858,1.79556981,51.543019222,27.4469259780613,21.903342627,,,,76.2821688895092,68.4974884777621,7.78468041174717,519.755185697978,99.2827842841667,76.2821688895092,695.320138871654
2014-01-01,2014,"Q1","2013/14","Q3","January",49.335865134,204.027191436,66.885639422,185.575963565083,48.038328764,46.870315698,32.561660922,66.2562109969167,1.907091224,1.952234792,0.970253843,2.30755095,0.620764362,89.162734143,57.7283715770613,17.382382402,,,,80.8861123998752,73.6031881814982,7.28292421837695,526.043039894978,345.539519336083,80.8861123998752,952.468671630937
2014-02-01,2014,"Q1","2013/14","Q3","February",111.823509916,89.944618295,19.341171708,97.8742157890833,85.094220255,6.953402558,97.243389559,38.5015154039167,23.982254438,8.260368669,2.203029523,2.995130133,2.46415223,54.78899011,27.5918638490613,17.83712449,,,,76.7330721010722,70.4394313966133,6.29364070445891,587.611887877978,99.2870690480833,76.7330721010722,763.632029027134
2014-03-01,2014,"Q1","2013/14","Q3","March",86.15060116,20.865697065,13.888131592,98.9035198410833,46.28397899,17.497447822,53.927588177,37.6867289349167,7.556997479,6.427118583,0.943001112,1.776843906,1.830047352,51.345719819,24.5478349600613,17.358635277,,,,83.7461726756374,72.9817971233061,10.7643755523313,375.881878205978,111.108013864083,83.7461726756374,570.736064745699
2014-04-01,2014,"Q2","2013/14","Q4","April",70.841496401,303.642995216,33.14075803,115.886275579417,50.8098439946667,20.728469386,55.335786653,62.0766254619167,6.379782795,3.068159905,1.977158844,14.974637917,0.82240625,86.028031438,39.4029270420613,15.979952135,,,,97.8159601527487,75.3018509039076,22.5141092488411,687.010845243978,194.084461804083,97.8159601527487,978.91126720081
2014-05-01,2014,"Q2","2013/14","Q4","May",139.553935076,66.439394406,16.955690824,95.2327797094167,48.7877927996667,17.938775239,134.519644222,48.7633269639167,8.636943372,4.68306373,2.097609533,1.981979079,1.463289201,52.257396395,24.6077324470613,20.603326772,,,,89.8666151037293,83.7743062244287,6.09230887930052,584.763513123978,100.059166645083,89.8666151037293,774.689294872791
2014-06-01,2014,"Q2","2013/14","Q4","June",122.497530288,74.893357824,48.257830137,91.9886828324167,41.1934584426667,35.581973438,204.65799271,65.8496901759167,18.039457002,4.793048616,2.072988664,3.594152891,1.341713348,125.198353394,33.9360860800613,28.785029224,,,,86.4957214293503,78.2093575021278,8.28636392722253,800.210181379978,102.471163687083,86.4957214293503,989.177066496412
2014-07-01,2014,"Q3","2014/15","Q1","July",42.682999803,287.342766349,9.60679910738339,215.461516806443,68.8986883875403,26.706664074,50.814705903,103.380852598599,31.576659124,3.483123022,5.226164859,4.33696421,1.626866576,86.334082740659,48.9895436776667,24.567052343,,,,93.3443372779464,85.4370301195926,7.90730715835381,729.131851433292,281.903598148,93.3443372779464,1104.39885885924
2014-08-01,2014,"Q3","2014/15","Q1","August",96.440453551,124.063317414,17.0432307202775,103.161239119732,44.8584994305654,18.152375326,73.885834452,81.3075303476394,20.803194222,5.109784007,2.588313583,1.915897598,1.289330608,48.8215976724106,36.9089055546667,16.749593821,,,,86.4399422432675,79.6761422700973,6.7637999731702,580.837172542292,112.263070885,86.4399422432675,779.540185670559
2014-09-01,2014,"Q3","2014/15","Q1","September",65.840330573,17.405759064,51.349008284673,77.8529464129736,52.2903146605711,9.77204041,54.128966956,37.4480011290897,34.422538063,2.893858871,1.143743925,9.693080731,0.600607141,51.0949579003176,18.0919829776667,19.597731419,,,,99.1624152565966,85.2489062263025,13.9135090302941,358.854582807292,144.845139711,99.1624152565966,602.862137774888
2014-10-01,2014,"Q4","2014/15","Q2","October",56.045180098,135.385653438,15.6448147364202,224.861265619525,65.0032640873107,28.419515907,47.282026209,75.5939559381056,33.838011711,4.228898687,4.929013499,4.986737187,1.488199215,96.0375010822636,70.758621223,33.313284303,,,,111.594203492382,90.2078917653962,21.3863117269856,620.915226167625,276.900716773,111.594203492382,1009.41014643301
2014-11-01,2014,"Q4","2014/15","Q2","November",106.652621564,191.476535726,17.5516092661445,104.055751588032,79.0148614827665,19.220450986,76.609024077,43.805875758842,9.697516206,6.787037665,5.359120818,10.362573251,1.048160354,68.62858371384,32.542103691,26.524551056,,,,93.7345503874691,83.441656930567,10.2928934569021,687.169415586625,112.166961617,93.7345503874691,893.070927591094
2014-12-01,2014,"Q4","2014/15","Q2","December",85.174654508,119.799594416,25.0948587296582,93.41002065147,31.8244489988849,20.826706749,60.284564957,47.2337732560299,5.623784368,5.393506066,1.75169523,1.823980074,2.112252293,65.9411075385821,32.597939401,19.448359248,,,,93.5181968202996,84.3519696887691,9.16622713153047,501.806088673625,116.535157811,93.5181968202996,711.859443304925
2015-01-01,2015,"Q1","2014/15","Q3","January",113.571396079,133.521956559,19.1099037241299,220.01651199857,108.615230860346,39.113213932,62.513531116,67.7524930777526,24.636110345,3.374272084,1.307805083,4.199257186,1.060585182,100.778230373827,66.8046426486667,25.521332432,,,,103.383992295545,93.7367250762551,9.64726721929005,682.955241326292,308.941231355,103.383992295545,1095.28046497684
2015-02-01,2015,"Q1","2014/15","Q3","February",51.274989109,160.709558339,63.9065314261002,104.532568750776,68.7626212351575,12.210159902,101.437438138,42.7566858203348,4.739404462,5.981601487,2.461358851,2.184649848,2.246831109,38.6440317190805,27.4252883856667,30.748548303,,,,96.1842307463401,88.740814097523,7.44341664881715,617.594043969116,102.428222916,96.1842307463401,816.206497631456
2015-03-01,2015,"Q1","2014/15","Q3","March",56.410551258,45.245935726,17.6723901897382,108.944268496414,38.3515701061587,11.471355779,60.914396642,40.2857179778906,4.68189387,2.880370436,1.765500013,7.664443635,0.77214612,80.7156864304238,19.9222854576667,22.843832923,,,,106.452120568192,92.5484320959481,13.9036884722438,392.044202106292,128.498142954,106.452120568192,626.994465628484
2015-04-01,2015,"Q2","2014/15","Q4","April",160.967310529,125.463717796,20.7321216721685,187.888369842462,59.4030660267349,21.077485812,76.780368825,64.5856024348301,10.696924053,6.176181795,3.769689912,3.696756014,0.776836152,94.9901285362214,80.7251698676667,23.149926896,,,,121.868401995756,102.806551955032,19.061850040724,671.533910553083,269.345745611,121.868401995756,1062.74805815984
2015-05-01,2015,"Q2","2014/15","Q4","May",80.998032132,242.165643416,27.3853315548432,108.359478435089,53.4225501088216,19.662070272,109.206146056,57.9945649896771,29.299799914,12.967259942,1.999533675,17.186215956,1.064312871,76.361527239986,35.9010616286667,28.386178159,,,,102.176806730484,95.1527772440071,7.02402948647691,782.828318063083,119.531388287,102.176806730484,1004.53651308057
2015-06-01,2015,"Q2","2014/15","Q4","June",157.869541117,265.241280231,93.44337805649,142.169783181868,49.6168556333365,15.774249205,95.996039946,72.9193727973844,13.198470792,6.021497959,21.987059843,6.211937744,1.823938038,83.0955120903377,98.2194319186667,49.926055033,,,,105.092102367026,95.4947064705593,9.59739589646688,1016.73424670308,157.005156883,105.092102367026,1278.83150595311
2015-07-01,2015,"Q3","2015/16","Q1","July",104.856087721,162.831599324,7.8853274646659,151.41426752191,83.6831886779141,15.728837753,57.877207349,71.887683038901,8.308364672,4.015895735,8.260159283,12.445516533,1.066272049,117.744601993705,63.9342271593763,58.37261662,,,,142.405851373147,129.78649651,12.6193548631465,691.043836170972,239.2680167245,142.405851373147,1072.71770426862
2015-08-01,2015,"Q3","2015/16","Q1","August",129.950755628,172.496316127,25.424559372856,112.12228920578,54.3038777594253,19.759721659,82.231947997,41.4640503756511,48.09282229,11.000591211,3.40809639,4.737559282,1.436243832,48.4588562618837,55.0005808963763,22.106702116,,,,91.3777899877348,83.064254348,8.31353563973477,704.866563179972,127.092077224,91.3777899877348,923.336430391707
2015-09-01,2015,"Q3","2015/16","Q1","September",87.564935236,76.038936729,16.0711593651486,170.24644353032,40.2654634066184,10.345763089,64.469221603,39.2830788592485,4.547512675,3.96994472,10.982277133,2.13704484,1.182796164,35.3479599722602,72.5513675783763,20.378534216,,,,155.610714451675,125.369699334,30.2410151176746,475.437588041972,179.944851075,155.610714451675,810.993153568647
2015-10-01,2015,"Q4","2015/16","Q2","October",173.873758382,190.066499118,18.7309347908365,162.83219596317,76.2883077262729,8.635560241,82.606592495,63.0260282765603,7.703510347,4.629436556,2.379330017,4.13627238649124,1.023462401,150.292901403416,98.5296292223763,42.372922694,,,,90.3002781917664,80.135009007,10.1652691847664,845.401264440972,241.726077579151,90.3002781917664,1177.42762021189
2015-11-01,2015,"Q4","2015/16","Q2","November",67.304087826,118.383825739,47.5317003121604,125.06313677855,67.7579165347486,15.838150707,144.017711413,38.5771031738484,8.833183793,5.956862673,6.283633974,3.759938617,1.20136586,61.6913699686763,51.0651561103763,28.70731648,,,,131.408839047846,123.093601072,8.31523797584591,636.327215811972,155.645244148388,131.408839047846,923.381299008206
2015-12-01,2015,"Q4","2015/16","Q2","December",147.833096096,109.838556939,33.3164470343316,111.048901445049,43.5126067644779,5.674451846,65.34852404,46.5386089951004,3.715056677,8.257484726,1.294601177,1.986308841,0.703213822,48.3578273286374,135.836117711376,41.571410253,,,,132.2561698181,115.891579606,16.3645902121001,672.270922699972,132.558906996,132.2561698181,937.085999514072
2016-01-01,2016,"Q1","2015/16","Q3","January",144.828285364,153.50312531,27.3919473917945,243.459165582278,122.106439731204,18.133964197,86.770926439,54.9956880401851,3.992458703,2.555242926,0.577745682,6.52748063849124,2.080595452,206.371255813621,53.172269692413,46.546815968,,,,185.357454860389,148.312799589,37.0446552713889,776.033810554009,396.979596376978,185.357454860389,1358.37086179138
2016-02-01,2016,"Q1","2015/16","Q3","February",116.186827368,112.377720287,19.888893418338,130.769400909054,47.9909742288638,46.24758775,112.141266816,40.5463414395511,34.627134219,4.838271318,2.506490053,4.698250101,0.801376951,55.1951072577894,108.717970623413,27.023381902,,,,128.296254997419,102.119400793,26.1768542044188,712.914199909009,151.642794733,128.296254997419,992.853249639428
2016-03-01,2016,"Q1","2015/16","Q3","March",61.11925337,80.962264947,12.7328055036285,110.817337241705,35.4719081796695,17.565643477,69.106248022,39.7261929965607,28.00002163,2.933510176,1.814589095,3.204816842,0.776853861,41.3377855710323,59.728119698413,13.702900207,,,,168.221380245969,154.267893865,13.953486380969,444.258683457009,134.741567361,168.221380245969,747.221631063978
2016-04-01,2016,"Q2","2015/16","Q4","April",129.755523569,223.793203285,13.4251845010602,238.829336002571,70.149715082649,12.012852505,85.079262353,81.2834536670622,17.478939647,10.500699855,3.25243523,3.24891060449124,3.189696936,79.8456094118286,79.716873178413,24.68528973,,,,116.067508616034,92.799239016,23.2682696000341,805.371307070009,270.874828488066,116.067508616034,1192.31364417411
2016-05-01,2016,"Q2","2015/16","Q4","May",76.470052793,138.649974894,72.4088082191015,137.043497280703,65.709924579025,24.318640797,127.792916764,48.9004272486767,79.58998555,8.517043991,4.189048311,19.612254375,1.242209931,65.1846557780894,55.714983722413,32.915146497,,,,148.647036750876,137.487351717,11.1596850338755,816.910102890009,141.349467841,148.647036750876,1106.90660748188
2016-06-01,2016,"Q2","2015/16","Q4","June",105.357213115,287.828462303,71.6283545655844,157.116017968798,83.3774382970824,28.70686506,183.6669361,80.8537198326156,20.878510173,11.663974999,16.906316569,6.448880238,2.503761012,91.0198409225156,73.039334806413,58.385545969,,,,191.764729980353,177.372792875,14.3919371053526,1089.63938628201,189.741785649,191.764729980353,1471.14590191136
2016-07-01,2016,"Q3","2016/17","Q1","July",147.759305152,406.551624686,35.2887936838336,128.549754970053,90.9628006628915,26.395126342,62.304709478,56.4811067095219,133.224450607,10.288577063,7.07850655,8.669912935,2.292232182,30.4613398595444,26.1143376970613,27.972906797,,,,191.470331643581,141.4,50.0703316435811,1059.76711014558,140.628375229323,191.470331643581,1405.50979001849
2016-08-01,2016,"Q3","2016/17","Q1","August",64.14048762,205.655084041,34.3102700178336,258.895120637471,109.849464025142,75.3314904262147,164.827637613,52.2413574005219,9.843585585,5.726451532,4.120126849,8.755253159,1.479445514,167.446556185503,98.5546241613477,29.554231318,,,,190.203527501417,105.6,84.6035275014167,905.29200572887,385.439180356164,190.203527501417,1480.93471358645
2016-09-01,2016,"Q3","2016/17","Q1","September",63.060979736,43.881160657,25.1847484138336,120.885216526053,58.7496110748915,12.037349217,71.633902813,50.7910483425219,8.611491949,3.170616812,2.024836826,7.574203978,1.050062099,36.6157791545444,25.6523507830613,30.996961429,,,,265.41803268883,204.7,60.7180326888295,421.291944581583,140.628375229323,265.41803268883,827.338352499735
2016-10-01,2016,"Q4","2016/17","Q2","October",126.906632175,105.540695291,22.742034799167,215.69883236373,83.6201490867515,31.0628840840245,108.595867901,76.1595419845219,47.897459678,13.069981681,9.697098027,6.71384629033333,5.568756167,170.933018018732,98.1741660342865,46.414114814,,,,111.571874848292,95.4,16.1718748482916,820.678556188707,348.116522206839,111.571874848292,1280.36695324384
2016-11-01,2016,"Q4","2016/17","Q2","November",65.4407128,190.632711262,71.1769259375003,133.437913391248,67.2603326391682,14.648663225,85.921255644,50.0307603135219,16.302096867,6.518677737,3.091006056,6.500766204,4.96423145,52.867520098,31.957268831,55.443728254,,,,164.58263166968,159.3,5.28263166968015,715.299945262522,140.894625446916,164.58263166968,1020.77720237912
2016-12-01,2016,"Q4","2016/17","Q2","December",56.758434244,85.325750601,80.1105771095003,125.041609505248,59.3646466601682,6.631529357,48.394867441,125.969199184522,13.071482142,3.220938911,1.127721742,4.398212356,1.501619829,31.236321836,34.973231396,28.87693241,,,,267.211671099364,213.2,54.0116710993639,565.108449277522,140.894625446916,267.211671099364,973.214745823802
2017-01-01,2017,"Q1","2016/17","Q3","January",169.041102069,257.097368095,39.5433219847503,250.920547174821,55.1757224305537,32.9039048206196,77.398001309,83.3922933185219,46.654123929,7.545772158,5.906595434,16.2818991016667,2.203453231,156.692511789917,63.0730750675413,52.378024175,,,,164.958520455211,154.1,10.8585204552105,909.274890001063,406.932826087328,164.958520455211,1481.1662365436
2017-02-01,2017,"Q1","2016/17","Q3","February",90.970252709,97.414653036,46.545110007917,154.235898314987,77.814173424637,10.00626943,66.767335597,49.3561874985219,10.848026665,4.779522467,1.871974655,9.071904044,3.283536095,37.8912400302191,29.2347165870613,29.828148369,,,,177.298534194183,153.88,23.4185341941834,577.294997351583,142.62395157876,177.298534194183,897.217483124526
2017-03-01,2017,"Q1","2016/17","Q3","March",51.616624724,75.345129886,42.327582849917,125.116853499987,40.7152701446371,8.473057849,53.932197861,59.0521052515219,29.502524313,3.693267722,2.660959525,2.540095324,1.245917368,44.8596973182191,23.1912019470613,29.621672027,,,,283.300197420643,257.9,25.4001974206432,451.270206031583,142.62395157876,283.300197420643,877.194355030986
2017-04-01,2017,"Q2","2016/17","Q4","April",182.063180423,26.239884099,29.5898624800436,231.030754705017,84.4822973130661,32.1625851679999,73.972493799064,80.7904062415219,15.819426726,3.851415112,13.916832318,34.531344786,1.186044018,92.1084031970683,49.6646523009932,32.572268324,,,,105.090808410908,88.52,16.5708084109083,691.257363054803,292.724487955971,105.090808410908,1089.07265942168
2017-05-01,2017,"Q2","2016/17","Q4","May",73.926514328,330.584898141,42.1505281870836,163.606486380592,77.9860163364261,15.437244833,159.115925777,60.9132465115219,28.420698151,16.663430262,4.571470221,10.132432887,2.856143462,49.9948470089877,32.4332084850613,33.546011131,,,,177.508771690063,172.2,5.30877169006323,961.924062757583,140.41503934509,177.508771690063,1279.84787379274
2017-06-01,2017,"Q2","2016/17","Q4","June",80.8305587,391.290665968,120.228071906084,139.378451531592,101.258444272426,31.722974084,101.035252268,112.035430751522,35.677048718,8.529396442,18.335630015,9.932744454,2.928949599,55.5997585169877,55.7499313820613,110.187296341,,,,261.612082288317,207.8,53.8120822883171,1234.30556560458,140.41503934509,261.612082288317,1636.33268723799
2017-07-01,2017,"Q3","2017/18","Q1","July",132.914488204,87.3638023596667,35.6234459318617,155.652136395484,153.829830238527,47.6197168458888,60.953182317,76.5981789486667,8.904746367,5.504735692,2.866764025,4.96762357366667,0.680169448,88.0513374983611,33.121802906,51.792883736,0.684493757,,,162.809822916762,117.467681651,45.3421412657622,707.319072515667,239.810265728455,162.809822916762,1109.93916116088
2017-08-01,2017,"Q3","2017/18","Q1","August",81.242453209,316.822477571667,49.4260617328617,193.484790892484,50.3392467535266,53.4532814068888,163.752683115,56.8495267296667,86.995397452,4.599553955,13.730695611,12.5253815776667,6.112142278,88.1027780183611,60.088062502,49.98850309,4.540377178,,,176.036789784381,152.8196029615,23.2171868228808,1052.24314734467,239.810265728455,176.036789784381,1468.0902028575
2017-09-01,2017,"Q3","2017/18","Q1","September",56.229500677,40.4140851346667,38.9594926138617,161.751423068484,45.1353389265266,23.4617330328888,62.228708144,52.7783369526667,3.283256187,2.22794483,4.740506711,4.86940268066667,1.193633033,82.6901423363611,65.653562788,43.214988649,0.610312658,,,306.760334081019,266.154408558,40.6059255230193,449.632102694667,239.810265728455,306.760334081019,996.202702504141
2017-10-01,2017,"Q4","2017/18","Q2","October",158.510462662,378.456012057,25.5667776185839,176.100248239749,74.2846402107488,28.8736888333333,103.729618456,97.3284432586667,89.241146852,12.353674524,10.734548165,23.2206940016667,4.461010565,89.6881940265007,67.3306678006667,49.690207112,8.376212814,,,99.3321696603986,83.791084884,15.5410847763986,1185.16113499933,212.785112197583,99.3321696603986,1497.27841685731
2017-11-01,2017,"Q4","2017/18","Q2","November",72.430387066,93.9900438820001,67.6051618645839,152.749133480749,97.3324768267488,33.8105518763333,74.194506221,54.7725710126667,17.720103401,3.447107977,3.56135488,5.71209734166666,8.665768359,112.585644515501,66.2660559726667,41.066351517,4.413709965,,,250.056591731699,233.4522974745,16.6042942571995,697.537913961333,212.785112197583,250.056591731699,1160.37961789062
2017-12-01,2017,"Q4","2017/18","Q2","December",70.516382015,52.6070422270001,56.5197790535839,133.216025199749,84.6725292057488,17.5015924113333,61.146318544,64.5542764436667,9.565709602,2.81571282,2.339515624,2.39439345466667,4.285013469,84.7119344585007,52.9619260246667,34.211858153,4.013735807,,,181.012032201418,157.472792797423,23.5392394039951,525.248632315333,212.785112197583,181.012032201418,919.045776714334
2018-01-01,2018,"Q1","2017/18","Q3","January",173.407650114,244.813245671333,41.1696118216599,196.896319716592,61.7484037244211,13.6099607134444,69.208159747,64.5747825526667,39.973184395,9.841346096,11.640463317,10.4695387646667,1.122319119,75.4951419878532,62.9703539546667,44.570322914,6.240716885,,,198.516360649348,148.505016977,50.0113436723484,890.726095825333,237.025425668971,198.516360649348,1326.26788214365
2018-02-01,2018,"Q1","2017/18","Q3","February",96.053736747,197.000770995333,29.4611276056599,184.789092619592,94.1138515494211,15.4114581264444,85.961244612,51.9629821986667,6.899554728,8.457717003,4.635367929,2.96153678066666,6.133850286,87.9841473188532,85.2537093956667,35.470839141,3.689073325,,,178.87229409723,152.3103039475,26.5619901497301,759.214634692333,237.025425668971,178.87229409723,1175.11235445853
2018-03-01,2018,"Q1","2017/18","Q3","March",54.075381272,70.3996198773334,35.3330605746599,160.302401476592,52.0164070854211,10.8225698604444,64.809810756,52.9260397836667,14.642604126,2.532371668,3.508741536,2.75852797966667,2.268498188,75.0075846298532,34.6534753216667,33.644002062,0.98367683,,,283.950596079142,259.049347331,24.9012487481425,433.659347358333,237.025425668971,283.950596079142,954.635369106446
2018-04-01,2018,"Q2","2017/18","Q4","April",158.636889713,328.121334614,32.4478515806863,164.586860999799,71.8429260079607,45.4546410356667,81.156833829,89.5546738896667,56.932301095,19.384818253,4.079323652,51.4978309166667,1.508393912,54.7839137902703,53.9102180206667,48.111220013,4.095833643,,,98.3251882739433,68.672553039,29.6526352349433,1093.34673951033,172.75912545505,98.3251882739433,1364.43105323933
2018-05-01,2018,"Q2","2017/18","Q4","May",65.816430605,514.418539278,54.5615283956863,179.871475302799,65.8625110209607,25.2972607386667,125.849512046,80.0457621096667,23.319135761,31.314270195,3.67831892,11.4426219016667,6.184108372,82.5243957102703,47.8319623256667,37.341692527,20.47894486,,,219.147349644935,207.8207938475,11.3265557974354,1203.07934461433,172.75912545505,219.147349644935,1594.98581971432
2018-06-01,2018,"Q2","2017/18","Q4","June",376.371484601,50.78000848,143.700716824686,185.146966833799,82.1143034539607,74.9137138416667,190.479164246,88.3740858656667,55.913322597,8.685600191,20.384604728,26.8450299816667,16.888193141,86.7508584522703,56.1120881886667,87.643748769,8.979731812,,,105.668991084237,88.858684791,16.810306293237,1387.32449655233,172.75912545505,105.668991084237,1665.75261309162
2018-07-01,2018,"Q3","2018/19","Q1","July",233.182730611,272.898236913333,21.9364334170804,213.431564635493,63.5169016378449,87.0122316655557,61.990942342,69.2124540469167,123.985066551,55.138418095,4.402896105,22.7605414466666,0.894071146,77.1583955672729,73.527572519,43.942292788,2.638416664,,,226.67753314144,162.342575488,64.33495765344,1148.73283817692,279.637890597246,227.67753314144,1655.0482619156
2018-08-01,2018,"Q3","2018/19","Q1","August",95.697450922,390.309168770333,64.1731718110804,197.547367135493,143.659692046845,33.8366798905557,120.753320794,73.8968828369167,11.806054374,5.565784955,2.555534246,9.15927923366663,3.410682268,97.4330750032729,88.751488406,45.613502398,11.231850709,,,202.07855555572,163.006804908916,39.0717506468046,1117.20842608692,279.637890597246,204.07855555572,1598.92487223988
2018-09-01,2018,"Q3","2018/19","Q1","September",76.713901378,59.9748841753334,69.8311278450803,196.632837589493,75.5587584398449,35.0805752805557,81.17882314,48.7725795589167,9.372663628,1.549636255,8.331366188,4.16500995266663,1.825210161,82.0115442422729,61.99333282,29.52172226,1.30733875,,,298.51458130649,232.874284867,65.6402964394901,565.826453978917,279.637890597246,301.51458130649,1143.97892588265
2018-10-01,2018,"Q4","2018/19","Q2","October",249.923455429,565.297008560333,42.0138544495804,221.681486235901,137.707594500012,64.6730516385557,138.260012342,99.0611912199167,68.840984303,13.901952802,9.722546299,41.2895639316666,3.742802939,96.7520194372385,94.7072876463333,67.885084603,10.693859378,,,105.623512783007,75.271468664,30.3520441190068,1669.92384979325,259.119076974287,109.623512783007,2034.66643955054
2018-11-01,2018,"Q4","2018/19","Q2","November",108.879221832,267.480301458333,44.6940808115803,167.378489430901,116.748101373012,40.9065395315557,126.101262253,68.7767666419167,14.634725264,3.606213793,7.909872884,13.4769884896666,2.718918447,107.289079567239,41.9275544693333,31.33125464,2.20881081,,,232.213001544285,206.48518776429,25.7278137799944,909.02977206825,259.119076974287,237.213001544285,1400.36185058682
2018-12-01,2018,"Q4","2018/19","Q2","December",64.508464019,37.8215021253334,59.0050324245804,179.526655188901,84.2850964150116,18.4172831225557,78.826695722,72.6844058259167,17.14948072,5.326080025,5.657884558,4.90492659066663,7.232521621,91.6909159872386,43.0731980883333,34.91723913,2.525382067,,,165.956362788182,129.57566424179,36.3806985463914,550.88085497725,259.119076974287,171.956362788182,975.956294739718
2019-01-01,2019,"Q1","2018/19","Q3","January",207.542469533,267.238134130333,43.1790676284168,238.793594445259,127.993112750806,29.7602301325557,141.997621563,89.7051302419167,93.47954364,4.71778863,5.70959262,32.7104093496666,5.354618694,85.1523055804383,113.6924362015,46.890205706,14.732124947,,,277.361580219665,198.547326574987,78.8142536446781,1254.81006527383,281.424623715475,284.361580219665,1813.59626920897
2019-02-01,2019,"Q1","2018/19","Q3","February",92.134697344,107.360593159333,46.4766153314168,212.495883726259,97.3539462738055,18.7530482275557,142.363586152,60.4887217259167,10.341375203,10.563535262,4.394637412,10.1219868676666,1.967331856,98.2546367954383,92.5594422275,32.694344549,2.10413019,,,200.575046034915,151.480514913363,49.0945311215523,748.408238255833,281.424623715475,208.575046034915,1230.40790800622
2019-03-01,2019,"Q1","2018/19","Q3","March",126.387885334,78.2268713073334,36.1405784504168,199.119865789259,85.3482132408056,16.3305629405557,147.218888164,53.3286687649167,13.034471465,2.582683088,9.467267585,3.47741968866663,3.179729893,88.5762846754383,62.6689019455,43.230019243,1.173683764,,,291.416471002595,245.280195522447,46.1362754801478,676.674817571833,281.424623715475,300.416471002595,1249.5159122899
2019-04-01,2019,"Q2","2018/19","Q4","April",267.755633945,657.445327586,36.0595501803329,180.715450195304,127.04234764267,14.9390706766667,90.061580341,93.2112110629167,7.082252961,2.693649371,22.491365266,16.0677298696666,2.789627282,78.1483546578166,60.9606681933333,49.168836391,4.175681833,,,127.88259090039,83.5632786439516,44.3193122564383,1484.64225780783,243.080959902456,137.88259090039,1855.60580861068
2019-05-01,2019,"Q2","2018/19","Q4","May",490.362514847,211.902380538,40.4101766863329,207.403698775304,83.6895538156696,25.9675181696667,136.13014646,98.3973119819167,28.078289203,6.301622327,5.769761853,5.87053060666664,3.535968766,96.6428480338166,56.0084509563333,64.252985462,3.164705115,,,195.280665706745,178.376188669044,16.9044770377012,1338.82650648283,243.080959902456,206.280665706745,1777.18813209204
2019-06-01,2019,"Q2","2018/19","Q4","June",83.535251642,161.100358965,121.489771136333,211.595749282304,114.48490090267,24.0295269736667,134.39390062,93.5516081529167,77.823872365,3.162358784,10.694804691,18.1319743796666,11.988060658,107.964286156817,58.5098412983333,78.608792813,3.764070038,,,201.705323938789,178.933006808952,22.7723171298377,1092.14406273883,243.080959902456,213.705323938789,1536.93034658008
2019-07-01,2019,"Q3","2019/20","Q1","July",469.787758408,179.001573709,29.015107456,205.764636747667,140.473382155,55.0535689916667,53.78676394,109.054458580407,13.536730745,32.715311092,0.646137758,14.6878984006667,1.096938975,103.556482811333,63.9999951936667,72.11385863,16.992412159,1.311598274,,445.404443714207,314.571823433213,130.832620280993,1242.07360073007,320.707032042667,445.404443714207,2008.18507648695
2019-08-01,2019,"Q3","2019/20","Q1","August",87.489369157,825.165267251,54.281901947,282.250025041667,120.717024188,24.8513575066667,155.862618112,77.7452407724074,66.32911084,20.397098276,7.670038215,3.69301227866667,4.335526116,138.507567455333,88.7196824396667,61.786214155,3.354129142,3.696591211,,209.822616423404,192.061025324393,17.7615910990114,1706.33076080807,320.707032042667,209.822616423404,2236.86040927414
2019-09-01,2019,"Q3","2019/20","Q1","September",271.655481205,233.03849468,41.306379001,233.695956586667,99.947505787,38.4747134206667,179.086461084,74.8818637054074,22.59972239,6.621782901,11.83248593,19.1537798546667,9.73819621,114.677697420333,50.6044669506667,44.674473616,58.863209165,2.717434559,,333.001168973856,307.302896943516,25.6982720303398,1193.04909117007,320.707032042667,333.001168973856,1846.7572921866
2019-10-01,2019,"Q4","2019/20","Q2","October",453.010706304,537.269749403,46.4799351213773,255.667949819363,195.738216240832,17.0001500716667,131.615458658,162.298778973407,113.122894241,12.680884763,31.925760494,14.7653456276668,9.7362388,105.541066766559,168.489983442667,51.594610942,47.881884579,4.358217923,,157.009045776303,124.487602801792,32.5214429745109,2065.20089042307,294.162960493799,157.009045776303,2516.37289669318
2019-11-01,2019,"Q4","2019/20","Q2","November",114.411551621,144.307086361,59.7784823473773,265.656792440363,116.992144240832,131.485588424667,110.73965275,80.4565302134074,23.698848082,20.089116609,4.079445718,15.2770412206668,10.057614303,98.196095553559,114.587756298667,43.800488198,2.56238603,7.762246941,,264.563997015628,251.138384337116,13.4256126785116,1069.96192560507,294.162960493799,264.563997015628,1628.6888831145
2019-12-01,2019,"Q4","2019/20","Q2","December",82.447345465,73.123461141,85.8381165503773,226.875855408363,100.641532610832,40.4293169426667,173.876199033,80.9383895934074,29.048742753,15.751380025,3.143428382,3.64776880666679,5.74988734,107.916010392559,76.9539118626667,48.718273927,3.262598008,4.319962707,,209.136362674366,175.976376037904,33.1599866364622,868.705239201074,294.162960493799,209.136362674366,1372.00456236924
2020-01-01,2020,"Q1","2019/20","Q3","January",978.53118214,407.498959965,41.1567424763333,291.87569524024,117.969779741333,29.9386822976667,109.165165865,126.275904722407,31.378882276,11.118831947,8.472526675,7.81886187266667,3.472484609,103.064346857333,148.261914848667,48.28651914,2.310544368,2.143263095,,293.267299374802,152.256153836562,141.01114553824,2157.88234518607,311.043961696907,293.267299374802,2762.19360625778
2020-02-01,2020,"Q1","2019/20","Q3","February",553.185016213,121.117850696,32.7804243833333,269.52970860524,108.823377439333,23.6653795776667,159.51609996,128.666666843407,35.668518688,6.423277799,3.237810905,15.6424197616667,10.403780474,104.448665288333,79.3820707436667,46.239856556,5.65550165,2.974965843,,59.4572307823116,50.9555001820162,8.50173060029532,1396.50344847607,311.043961696907,59.4572307823116,1767.00464095529
2020-03-01,2020,"Q1","2019/20","Q3","March",93.868440969,93.763556819,44.0264377563333,258.90270408324,96.4388912903333,22.3006673506667,111.48508544,64.8149190824074,17.260916065,5.703313047,5.245672355,3.78200603366667,3.709588735,96.0012836333333,75.6119145746667,40.236667188,9.83222973,14.557028758,,257.104349807009,200.508480160449,56.5958696465599,746.683379960074,311.043961696907,257.104349807009,1314.83169146399
2020-04-01,2020,"Q2","2019/20","Q4","April",811.457171757,44.0991875,26.1012623631768,210.325625120182,129.88480549792,5.54662819066668,99.750764036,62.1067219554074,14.689792929,3.896494917,1.622082552,4.60173068866667,13.56945973,94.1771285990666,114.046343770667,49.785603273,8.470623327,3.323134933,,234.037707552134,202.705297701963,31.3324098501703,1416.06372777307,281.576852113012,234.037707552134,1931.67828743822
2020-05-01,2020,"Q2","2019/20","Q4","May",109.217985496,77.412708009,37.9065622091767,223.106425323182,147.07539553592,14.9853821906667,150.15421223,87.7654013224074,16.198074141,4.642500179,7.526479565,5.79188095366667,10.323322791,121.936769562067,127.091742520667,47.778444772,13.680973705,4.83019184,,262.660515168114,241.821834353926,20.8386808141882,926.033618979074,281.576852113012,262.660515168114,1470.2709862602
2020-06-01,2020,"Q2","2019/20","Q4","June",125.192387709,454.68142969,141.826508270177,328.335335648182,216.76771649492,60.5866461136667,234.610495757,93.2928303244074,28.494688423,14.179054544,8.109492301,32.7167476586667,18.182840348,176.008547240067,99.9467449406667,80.207344793,20.439763286,4.600196182,,206.899716981059,155.279970462148,51.619746518911,1856.78793635707,281.576852113012,206.899716981059,2345.26450545115
2020-07-01,2020,"Q3","2020/21","Q1","July",625.377475966,399.137242298667,20.6342899016667,182.855709445667,135.335988431667,87.412723245,84.372842065,172.926391799811,12.003068391,16.5474901693333,0.873519716,6.07679178866667,1.88614368,94.5010632853333,97.099731349,69.153231051,24.207537506,0.64628073,1.418962761,605.207064689605,308.500830598,296.706234091604,1725.56470284281,306.901780738,605.207064689605,2637.67354827042
2020-08-01,2020,"Q3","2020/21","Q1","August",248.60298696,185.690304777667,39.0206844146667,277.044050158667,143.782205560667,30.363030154,122.985525347,692.286343844811,45.375602302,108.862772192333,14.485241502,17.9401715556667,3.786643877,115.835084883333,149.101654686,53.826815332,6.024940753,4.195322107,2.508994212,225.917284240471,195.865425753,30.0518584874705,1954.81659388181,306.901780738,225.917284240471,2487.63565886028
2020-09-01,2020,"Q3","2020/21","Q1","September",145.177868271,143.150404491667,51.5113147126667,214.335287414667,118.542946974667,45.672744291,125.082925293,75.6703488258111,48.643698852,4.96208833133333,4.312540626,11.9233413086667,2.575610302,105.085190937333,81.88452794,30.415951683,5.387664377,2.483079947,1.690525378,412.752845006545,328.221826719,84.5310182875449,911.606279218811,306.901780738,412.752845006545,1631.26090496336
2020-10-01,2020,"Q4","2020/21","Q2","October",822.081718859,656.221444954667,50.5153415,251.944175698,211.741586721,88.828966061,118.744322057,122.606567089811,85.149956306,9.05030498733333,7.688721213,16.6406420516667,4.210362196,100.572375782667,218.214763264,41.683711357,46.634450253,3.224991368,5.883880296,210.424591573926,185.917926491,24.5066650829261,2535.19080068781,326.447481327333,210.424591573926,3072.06287358907
2020-11-01,2020,"Q4","2020/21","Q2","November",560.13525254,135.343854098667,43.864508081,274.754167168,111.67405884,35.006953477,146.711720803,154.374375793811,30.548117939,11.3094061513333,19.192838643,10.3401821656667,9.095803286,124.714713105667,303.693623411,42.042523576,4.443792497,3.456797675,2.39877915,183.440890556099,156.838115859,26.6027746970991,1696.65398707381,326.447481327333,183.440890556099,2206.54235895724
2020-12-01,2020,"Q4","2020/21","Q2","December",113.853791373,127.912161446667,64.943756818,256.022796256,159.640628161,50.965741887,198.277811945,74.8380307508111,21.579266338,4.25700868033333,5.367247412,12.5582055956667,6.055673113,103.887482910667,158.447062915,49.151116509,7.712588914,2.669962728,3.606450496,227.023770001705,177.016618259,50.0071517427055,1095.29930292181,326.447481327333,227.023770001705,1648.77055425085
2021-01-01,2021,"Q1","2020/21","Q3","January",1085.919149467,562.174416976667,31.7553895012741,270.994943611524,135.48338376062,76.433751441,148.169104067,158.184590622811,21.620517953,8.86820603533333,5.02961579,26.3903883486667,2.86410372,97.1628431894768,287.770120774833,38.777138176,21.610091844,8.034547265,2.98984178,663.484574885451,393.513978476,269.970596409451,2669.81717264664,320.414971677562,663.484574885451,3653.71671920966
2021-02-01,2021,"Q1","2020/21","Q3","February",168.533690395,240.559553174667,57.192129926274,280.203678540524,116.48233783062,36.104134001,146.306075929,147.619480630811,21.849280044,10.7762729053333,4.815380939,15.9908578736667,5.07436947,105.055071500477,108.996997969833,68.769368175,5.414117499,3.538549009,10.197888166,232.270654112247,193.849808337,38.4208457752471,1233.06426230164,320.414971677562,232.270654112247,1785.74988809145
2021-03-01,2021,"Q1","2020/21","Q3","March",97.428990248,133.192848334667,51.3421156902741,282.603874019524,144.96756678162,31.34856347,168.669999409,73.5413485598111,32.402709715,6.64298984533333,7.23632612,12.9902375016667,5.41525433,106.420363513477,88.2562032868333,41.47649537,2.136168491,2.92070909,6.900488321,424.737032728586,334.060101385,90.6769313435859,975.478280419644,320.414971677562,424.737032728586,1720.63028482579
2021-04-01,2021,"Q2","2020/21","Q4","April",1061.86381052,210.210903993,37.6104878975145,259.464808476645,146.778151553731,49.5011089565,130.108842857,153.801314153811,73.087830487,34.6636026868333,9.404512088,16.87046227525,6.17063675,97.5911022159948,128.373209612833,42.85727638,10.788836066,8.541765341,19.948600563,317.112020587988,290.015897748,27.0961228399882,2216.87120416564,280.766058708468,317.112020587988,2814.7492834621
2021-05-01,2021,"Q2","2020/21","Q4","May",212.663971414,338.363868519,77.2571833025145,275.917421578645,154.484297672731,44.5097002965,246.673882306,101.033529645811,24.155469927,11.3999565768333,8.824379758,5.15603885925,11.824435401,102.521949929995,83.6019456858333,38.162366676,5.027527816,6.726770068,9.779131567,309.094465399033,294.738769931,14.355695468033,1477.31776829164,280.766058708468,309.094465399033,2067.17829239915
2021-06-01,2021,"Q2","2020/21","Q4","June",71.540163932,368.002772632,247.967822388514,382.926280085645,253.831407186731,43.6633578265,196.47276426,161.239175982811,50.814640652,12.7183569928333,30.028138033,15.63866758625,15.75059916,137.886331533995,165.781620355833,73.654788592,26.682882785,8.627989523,59.196834519,244.093181285024,161.439779187,82.6534020980236,2041.65853531864,280.766058708468,244.093181285024,2566.51777531214
2021-07-01,2021,"Q3","2021/22","Q1","July",622.424551882,97.0513458643327,45.0091600960202,313.086826644528,164.94926622606,54.2611097017892,92.674793027,181.47665942275,15.871959284,4.57534936242099,1.057517671,62.3476297600001,1.171945101,130.934739439707,89.4845154266667,163.636299583,0.627648123,2.597877849,1.057837085,595.080416204175,448.872144137554,146.208272066622,1552.05886536742,413.000696540858,561.755678110622,2639.37744775345
2021-08-01,2021,"Q3","2021/22","Q1","August",168.365010174,305.960070903333,50.8886798470202,255.791277086528,163.64689031506,48.1277525987892,132.360236905,108.49569549975,10.283386516,13.457539051421,19.137139996,13.0417110590001,8.904329887,130.899466334707,75.9339212106667,59.013413274,2.190296158,14.620163864,2.075714672,374.928204471041,341.523249632504,33.4049548385368,1170.19199881142,413.000696540858,374.928204471041,1958.12089982332
2021-09-01,2021,"Q3","2021/22","Q1","September",113.169237238,77.8904866093327,52.1684143860202,291.502879760527,211.09622051806,29.8879118457892,117.201295481,75.11231577375,5.428594397,11.485718760421,4.185887188,21.7113663660001,8.108603767,136.274039504707,60.7087007776667,49.039388826,1.680385402,1.308248887,2.255998891,353.324668302826,312.532202047158,40.7924662556682,857.214997838417,413.000696540858,353.324668302826,1623.5403626821
2021-10-01,2021,"Q4","2021/22","Q2","October",740.017563519,162.336057202333,60.0308653325667,259.485580604767,280.959345132743,30.5310650737893,170.341824433,262.99832637675,12.374926582,7.060305749421,3.315821292,15.670237393,3.997712989,109.79185965773,100.114093813667,55.211265304,2.24696881,19.394893999,2.749483382,360.095439683076,327.247769167054,32.8476705160222,1929.32381431642,369.30438233035,360.095439683076,2658.72363632984
2021-11-01,2021,"Q4","2021/22","Q2","November",172.260767686,300.134433927333,62.4723627065667,334.355077141767,192.627898562743,131.121532974789,163.880485966,86.32152117475,27.344772723,37.890206471421,6.053693663,8.596777337,6.854928637,122.30959161473,83.7017393606667,50.018624412,1.786425137,3.745184566,3.526650565,342.546775099061,320.421594221918,22.1251808771429,1425.69829229642,369.30438233035,342.546775099061,2137.54944972583
2021-12-01,2021,"Q4","2021/22","Q2","December",194.570845188,93.9221471963333,81.2913695635667,256.138789688767,167.054759646743,39.3057011607893,196.184855845,93.27330010075,57.539068905,5.776197680421,37.069530973,19.743238495,12.197205083,96.2793632587297,217.153234019667,44.595989115,1.438668554,3.358299904,3.587360048,561.594335254826,523.732521242533,37.861814012293,1251.17554209542,369.30438233035,561.594335254826,2182.07425968059
2022-01-01,2022,"Q1","2021/22","Q3","January",756.44342774,337.055131125667,55.7276262198893,307.041073672731,225.736766361895,42.1866220624578,184.092029858,150.64106166975,41.080472597,52.568181751421,2.995063734,32.896878387,5.851570965,117.496502382434,87.5607295858333,58.035329903,1.934606692,6.607901049,1.705716612,468.894251124707,364.072709947547,104.82154117716,1983.68260899258,496.28253083866,468.894251124707,2936.55094349378
2022-02-01,2022,"Q1","2021/22","Q3","February",120.0480275,155.949282231667,57.3283171948893,376.863117909731,189.545220910895,47.9340514074578,149.873148875,88.33613509675,23.90340493,19.943027088421,25.493718339,6.282842705,5.663189059,109.987756523434,129.312836507833,58.202579994,1.347572573,17.968690326,4.219151872,372.582034412674,343.097837965728,29.4841964469455,1104.22798766758,496.28253083866,372.582034412674,1960.78410545675
2022-03-01,2022,"Q1","2021/22","Q3","March",112.131909207,126.616850597667,54.5624630948893,325.875961080731,210.932754473895,24.7295520094578,157.692603945,89.10065100875,62.114758544,5.732962955421,18.909394691,9.458311846,3.9238744,131.356897396434,105.752727385833,46.188961354,1.354505681,2.747104231,3.593338356,323.50212185358,274.28581267081,49.2163091827706,1008.80149888158,496.28253083866,323.50212185358,1816.27770411165
2022-04-01,2022,"Q2","2021/22","Q4","April",762.442718569,322.214936297,42.715287522,119.140206494,180.85707578,10.871385198,207.809280763,170.06481499375,39.693673333,16.319738466,16.553891598,39.415842094,6.836326422,39.498117211,251.203660544833,51.171765227,0.991553703,2.10117201,10.372247702,382.801769350034,255.669105993477,127.132663356558,2290.27369392758,224.304468545621,382.801769350034,2673.07546327762
2022-05-01,2022,"Q2","2021/22","Q4","May",147.838953271,125.418973324,89.399352193,157.09937829,178.094836697,18.866806199,241.088572416,120.32732528375,62.280822454,127.784150115,9.666253908,45.422901211,7.612916983,45.566406706,162.332021606833,86.875518943,2.274734973,25.052152175,18.286379635,306.406389952479,244.94835788847,61.4580320640097,1671.28845638358,224.304468545621,306.406389952479,1977.69484633606
2022-06-01,2022,"Q2","2021/22","Q4","June",393.224346627,691.601903676,166.188178289,356.425909143,169.364176071,142.077856768,293.376763177,193.34253013475,83.46596051,19.346107306,25.895889276,17.282947388,31.41520019,131.734748724,240.097871602833,100.199292111,5.048498565,9.101141806,31.56414938,524.67364064852,406.671354992248,118.002285656272,3100.75347074458,224.304468545621,524.67364064852,3625.4271113931
