"Date","Year","Quarter","FY","QFY","Month","EXP_DDEV_AGRO","EXP_DDEV_MID","EXP_DDEV_SPD","EXP_DDEV_MAN","EXP_DDEV_TOD","EXP_DDEV_NECLW","EXP_DDEV_PSD","EXP_DDEV_SED","EXP_DDEV_ITIS","EXP_DDEV_SUD","EXP_DDEV_DIT","EXP_DDEV_HCD","EXP_DDEV_TTD","EXP_DDEV_PST","EXP_DDEV_CMC","EXP_DDEV_GOS","EXP_DDEV_DPI","EXP_DDEV_RBD","EXP_DDEV_ADJ","EXP_DDEV_LEG","EXP_DDEV_LGOV","EXP_DDEV_I","EXP_DDEV_I_DOM","EXP_DDEV_I_EXT","EXP_DDEV_CEN_TOT","EXP_DDEV_LGP_TOT","EXP_DDEV_I_TOT","EXP_DDEV"
1997-07-01,1997,"Q3","1997/98","Q1","July",,,,,,,,,,,,,,,,,,,,,,0,0,0,1.91433,0,,1.91433
1997-08-01,1997,"Q3","1997/98","Q1","August",,,,,,,,,,,,,,,,,,,,,,0,0,0,4.79593,0,,4.79593
1997-09-01,1997,"Q3","1997/98","Q1","September",,,,,,,,,,,,,,,,,,,,,,0,0,0,10.51327,0,,10.51327
1997-10-01,1997,"Q4","1997/98","Q2","October",,,,,,,,,,,,,,,,,,,,,,0,0,0,5.23378,0,,5.23378
1997-11-01,1997,"Q4","1997/98","Q2","November",,,,,,,,,,,,,,,,,,,,,,0,0,0,4.12618,0,,4.12618
1997-12-01,1997,"Q4","1997/98","Q2","December",,,,,,,,,,,,,,,,,,,,,,0,0,0,9.78036,0,,9.78036
1998-01-01,1998,"Q1","1997/98","Q3","January",,,,,,,,,,,,,,,,,,,,,,0,0,0,4.97574,0,,4.97574
1998-02-01,1998,"Q1","1997/98","Q3","February",,,,,,,,,,,,,,,,,,,,,,0,0,0,8.41822,0,,8.41822
1998-03-01,1998,"Q1","1997/98","Q3","March",,,,,,,,,,,,,,,,,,,,,,0,0,0,11.40604,0,,11.40604
1998-04-01,1998,"Q2","1997/98","Q4","April",,,,,,,,,,,,,,,,,,,,,,0,0,0,8.98147,0,,8.98147
1998-05-01,1998,"Q2","1997/98","Q4","May",,,,,,,,,,,,,,,,,,,,,,0,0,0,6.59697,0,,6.59697
1998-06-01,1998,"Q2","1997/98","Q4","June",,,,,,,,,,,,,,,,,,,,,,0,0,0,29.03276,0,,29.03276
1998-07-01,1998,"Q3","1998/99","Q1","July",,,,,,,,,,,,,,,,,,,,,,0,0,0,1.331952,0,,1.331952
1998-08-01,1998,"Q3","1998/99","Q1","August",,,,,,,,,,,,,,,,,,,,,,0,0,0,9.536645,0,,9.536645
1998-09-01,1998,"Q3","1998/99","Q1","September",,,,,,,,,,,,,,,,,,,,,,0,0,0,12.813831,0,,12.813831
1998-10-01,1998,"Q4","1998/99","Q2","October",,,,,,,,,,,,,,,,,,,,,,0,0,0,8.371502,0,,8.371502
1998-11-01,1998,"Q4","1998/99","Q2","November",,,,,,,,,,,,,,,,,,,,,,0,0,0,6.080069,0,,6.080069
1998-12-01,1998,"Q4","1998/99","Q2","December",,,,,,,,,,,,,,,,,,,,,,0,0,0,14.209258,0,,14.209258
1999-01-01,1999,"Q1","1998/99","Q3","January",,,,,,,,,,,,,,,,,,,,,,0,0,0,8.849517,0,,8.849517
1999-02-01,1999,"Q1","1998/99","Q3","February",,,,,,,,,,,,,,,,,,,,,,0,0,0,6.340613,0,,6.340613
1999-03-01,1999,"Q1","1998/99","Q3","March",,,,,,,,,,,,,,,,,,,,,,0,0,0,11.035811,0,,11.035811
1999-04-01,1999,"Q2","1998/99","Q4","April",,,,,,,,,,,,,,,,,,,,,,0,0,0,4.95625,0,,4.95625
1999-05-01,1999,"Q2","1998/99","Q4","May",,,,,,,,,,,,,,,,,,,,,,0,0,0,11.101335,0,,11.101335
1999-06-01,1999,"Q2","1998/99","Q4","June",,,,,,,,,,,,,,,,,,,,,,0,0,0,50.040628,0,,50.040628
1999-07-01,1999,"Q3","1999/00","Q1","July",,,,,,,,,,,,,,,,,,,,,,0,0,0,0.813633666666666,2.42833333333333,,3.241967
1999-08-01,1999,"Q3","1999/00","Q1","August",,,,,,,,,,,,,,,,,,,,,,0,0,0,16.3064776666667,2.42833333333333,,18.734811
1999-09-01,1999,"Q3","1999/00","Q1","September",,,,,,,,,,,,,,,,,,,,,,0,0,0,8.63880366666667,2.42833333333333,,11.067137
1999-10-01,1999,"Q4","1999/00","Q2","October",,,,,,,,,,,,,,,,,,,,,,0,0,0,4.74906566666667,2.42833333333333,,7.177399
1999-11-01,1999,"Q4","1999/00","Q2","November",,,,,,,,,,,,,,,,,,,,,,0,0,0,15.9591716666667,2.42833333333333,,18.387505
1999-12-01,1999,"Q4","1999/00","Q2","December",,,,,,,,,,,,,,,,,,,,,,0,0,0,18.2320006666667,2.42833333333333,,20.660334
2000-01-01,2000,"Q1","1999/00","Q3","January",,,,,,,,,,,,,,,,,,,,,,0,0,0,9.88671466666667,2.42833333333333,,12.315048
2000-02-01,2000,"Q1","1999/00","Q3","February",,,,,,,,,,,,,,,,,,,,,,0,0,0,13.2951806666667,2.42833333333333,,15.723514
2000-03-01,2000,"Q1","1999/00","Q3","March",,,,,,,,,,,,,,,,,,,,,,0,0,0,18.1126646666667,2.42833333333333,,20.540998
2000-04-01,2000,"Q2","1999/00","Q4","April",,,,,,,,,,,,,,,,,,,,,,0,0,0,11.5994776666667,2.42833333333333,,14.027811
2000-05-01,2000,"Q2","1999/00","Q4","May",,,,,,,,,,,,,,,,,,,,,,0,0,0,21.5052671666667,2.42833333333333,,23.9336005
2000-06-01,2000,"Q2","1999/00","Q4","June",,,,,,,,,,,,,,,,,,,,,,0,0,0,94.6787766086667,2.42833333333333,,97.107109942
2000-07-01,2000,"Q3","2000/01","Q1","July",,,,,,,,,,,,,,,,,,,,,,0,0,0,0,6.409466,,6.409466
2000-08-01,2000,"Q3","2000/01","Q1","August",,,,,,,,,,,,,,,,,,,,,,0,0,0,12.026088,9.97728,,22.003368
2000-09-01,2000,"Q3","2000/01","Q1","September",,,,,,,,,,,,,,,,,,,,,,0,0,0,15.763151,5.1886,,20.951751
2000-10-01,2000,"Q4","2000/01","Q2","October",,,,,,,,,,,,,,,,,,,,,,0,0,0,16.943557,13.91994,,30.863497
2000-11-01,2000,"Q4","2000/01","Q2","November",,,,,,,,,,,,,,,,,,,,,,0,0,0,15.878694,14.94391,,30.822604
2000-12-01,2000,"Q4","2000/01","Q2","December",,,,,,,,,,,,,,,,,,,,,,0,0,0,21.400334,0,,21.400334
2001-01-01,2001,"Q1","2000/01","Q3","January",,,,,,,,,,,,,,,,,,,,,,0,0,0,13.336375,12.2142,,25.550575
2001-02-01,2001,"Q1","2000/01","Q3","February",,,,,,,,,,,,,,,,,,,,,,0,0,0,8.947317362,15.17721,,24.124527362
2001-03-01,2001,"Q1","2000/01","Q3","March",,,,,,,,,,,,,,,,,,,,,,0,0,0,21.312221,4.3045,,25.616721
2001-04-01,2001,"Q2","2000/01","Q4","April",,,,,,,,,,,,,,,,,,,,,,0,0,0,10.513966,5.43,,15.943966
2001-05-01,2001,"Q2","2000/01","Q4","May",,,,,,,,,,,,,,,,,,,,,,0,0,0,29.265005,7.06,,36.325005
2001-06-01,2001,"Q2","2000/01","Q4","June",,,,,,,,,,,,,,,,,,,,,,0,0,0,74.108697,0.39,,74.498697
2001-07-01,2001,"Q3","2001/02","Q1","July",,,,,,,,,,,,,,,,,,,,,,0,0,0,0,7.839885,,7.839885
2001-08-01,2001,"Q3","2001/02","Q1","August",,,,,,,,,,,,,,,,,,,,,,0,0,0,10.975535,9.02693,,20.002465
2001-09-01,2001,"Q3","2001/02","Q1","September",,,,,,,,,,,,,,,,,,,,,,0,0,0,23.725222,3.68198,,27.407202
2001-10-01,2001,"Q4","2001/02","Q2","October",,,,,,,,,,,,,,,,,,,,,,0,0,0,31.00353,12.50714,,43.51067
2001-11-01,2001,"Q4","2001/02","Q2","November",,,,,,,,,,,,,,,,,,,,,,0,0,0,16.050856,33.02419,,49.075046
2001-12-01,2001,"Q4","2001/02","Q2","December",,,,,,,,,,,,,,,,,,,,,,0,0,0,24.973167,4.65633,,29.629497
2002-01-01,2002,"Q1","2001/02","Q3","January",,,,,,,,,,,,,,,,,,,,,,0,0,0,24.368082,7.88129,,32.249372
2002-02-01,2002,"Q1","2001/02","Q3","February",,,,,,,,,,,,,,,,,,,,,,0,0,0,25.881188,19.31177,,45.192958
2002-03-01,2002,"Q1","2001/02","Q3","March",,,,,,,,,,,,,,,,,,,,,,0,0,0,26.866491,1.40708,,28.273571
2002-04-01,2002,"Q2","2001/02","Q4","April",,,,,,,,,,,,,,,,,,,,,,0,0,0,24.634604,17.11018,,41.744784
2002-05-01,2002,"Q2","2001/02","Q4","May",,,,,,,,,,,,,,,,,,,,,,0,0,0,45.031458,8.09262,,53.124078
2002-06-01,2002,"Q2","2001/02","Q4","June",,,,,,,,,,,,,,,,,,,,,,0,0,0,75.8812619999999,1.21921,,77.1004719999999
2002-07-01,2002,"Q3","2002/03","Q1","July",,,,,,,,,,,,,,,,,,,,,,0,0,0,4.071031,4.73409067,,8.80512167
2002-08-01,2002,"Q3","2002/03","Q1","August",,,,,,,,,,,,,,,,,,,,,,0,0,0,22.189908,10.890358,,33.080266
2002-09-01,2002,"Q3","2002/03","Q1","September",,,,,,,,,,,,,,,,,,,,,,0,0,0,18.88313284,9.945259,,28.82839184
2002-10-01,2002,"Q4","2002/03","Q2","October",,,,,,,,,,,,,,,,,,,,,,0,0,0,32.129126377,14.79336946,,46.922495837
2002-11-01,2002,"Q4","2002/03","Q2","November",,,,,,,,,,,,,,,,,,,,,,0,0,0,14.0646446,17.812934,,31.8775786
2002-12-01,2002,"Q4","2002/03","Q2","December",,,,,,,,,,,,,,,,,,,,,,0,0,0,27.61419257,2.746184,,30.36037657
2003-01-01,2003,"Q1","2002/03","Q3","January",,,,,,,,,,,,,,,,,,,,,,0,0,0,3.70478501,19.7703566,,23.47514161
2003-02-01,2003,"Q1","2002/03","Q3","February",,,,,,,,,,,,,,,,,,,,,,0,0,0,22.666420612,9.127853,,31.794273612
2003-03-01,2003,"Q1","2002/03","Q3","March",,,,,,,,,,,,,,,,,,,,,,0,0,0,27.593022079,3.089979,,30.683001079
2003-04-01,2003,"Q2","2002/03","Q4","April",,,,,,,,,,,,,,,,,,,,,,0,0,0,22.415457,12,,34.415457
2003-05-01,2003,"Q2","2002/03","Q4","May",,,,,,,,,,,,,,,,,,,,,,0,0,0,71.6264953,12,,83.6264953
2003-06-01,2003,"Q2","2002/03","Q4","June",,,,,,,,,,,,,,,,,,,,,,0,0,0,63.56244087,12.368,,75.93044087
2003-07-01,2003,"Q3","2003/04","Q1","July",,,,,,,,,,,,,,,,,,,,,,0,0,0,0.505083,5.970541,,6.475624
2003-08-01,2003,"Q3","2003/04","Q1","August",,,,,,,,,,,,,,,,,,,,,,0,0,0,13.0421746,21.330016,,34.3721906
2003-09-01,2003,"Q3","2003/04","Q1","September",,,,,,,,,,,,,,,,,,,,,,0,0,0,19.845929,4.15582,,24.001749
2003-10-01,2003,"Q4","2003/04","Q2","October",,,,,,,,,,,,,,,,,,,,,,0,0,0,16.348031,22.175186,,38.523217
2003-11-01,2003,"Q4","2003/04","Q2","November",,,,,,,,,,,,,,,,,,,,,,0,0,0,24.769885,12.922053,,37.691938
2003-12-01,2003,"Q4","2003/04","Q2","December",,,,,,,,,,,,,,,,,,,,,,0,0,0,37.816239,3.100659,,40.916898
2004-01-01,2004,"Q1","2003/04","Q3","January",,,,,,,,,,,,,,,,,,,,,,0,0,0,24.390098,17.962729,,42.352827
2004-02-01,2004,"Q1","2003/04","Q3","February",,,,,,,,,,,,,,,,,,,,,,0,0,0,16.745068,0,,16.745068
2004-03-01,2004,"Q1","2003/04","Q3","March",,,,,,,,,,,,,,,,,,,,,,0,0,0,21.239005,7.313364,,28.552369
2004-04-01,2004,"Q2","2003/04","Q4","April",,,,,,,,,,,,,,,,,,,,,,0,0,0,17.356348,21.192097,,38.548445
2004-05-01,2004,"Q2","2003/04","Q4","May",,,,,,,,,,,,,,,,,,,,,,0,0,0,36.402975,37.807522,,74.210497
2004-06-01,2004,"Q2","2003/04","Q4","June",,,,,,,,,,,,,,,,,,,,,,0,0,0,56.4556477160969,0.190135,,56.6457827160969
2004-07-01,2004,"Q3","2004/05","Q1","July",,,,,,,,,,,,,,,,,,,,,,0,0,0,7.405918,11.836343,,19.242261
2004-08-01,2004,"Q3","2004/05","Q1","August",,,,,,,,,,,,,,,,,,,,,,0,0,0,10.094965906,5.233526,,15.328491906
2004-09-01,2004,"Q3","2004/05","Q1","September",,,,,,,,,,,,,,,,,,,,,,0,0,0,15.18218511,2.18233,,17.36451511
2004-10-01,2004,"Q4","2004/05","Q2","October",,,,,,,,,,,,,,,,,,,,,,0,0,0,14.977095053,32.95558,,47.932675053
2004-11-01,2004,"Q4","2004/05","Q2","November",,,,,,,,,,,,,,,,,,,,,,0,0,0,38.171710817,21.281038,,59.452748817
2004-12-01,2004,"Q4","2004/05","Q2","December",,,,,,,,,,,,,,,,,,,,,,0,0,0,25.942788246,6.918583,,32.861371246
2005-01-01,2005,"Q1","2004/05","Q3","January",,,,,,,,,,,,,,,,,,,,,,0,0,0,22.80942557,25.113371,,47.92279657
2005-02-01,2005,"Q1","2004/05","Q3","February",,,,,,,,,,,,,,,,,,,,,,0,0,0,28.784291453,19.95,,48.734291453
2005-03-01,2005,"Q1","2004/05","Q3","March",,,,,,,,,,,,,,,,,,,,,,0,0,0,25.545425592,4.38,,29.925425592
2005-04-01,2005,"Q2","2004/05","Q4","April",,,,,,,,,,,,,,,,,,,,,,0,0,0,13.248879818,25.585505,,38.834384818
2005-05-01,2005,"Q2","2004/05","Q4","May",,,,,,,,,,,,,,,,,,,,,,0,0,0,42.243748693,7.159548,,49.403296693
2005-06-01,2005,"Q2","2004/05","Q4","June",,,,,,,,,,,,,,,,,,,,,,0,0,0,85.9429837142845,1.25475802771547,,87.197741742
2005-07-01,2005,"Q3","2005/06","Q1","July",,,,,,,,,,,,,,,,,,,,,,0,0,0,0.367070744999999,18.193772,,18.560842745
2005-08-01,2005,"Q3","2005/06","Q1","August",,,,,,,,,,,,,,,,,,,,,,0,0,0,26.933316815,8.150626,,35.083942815
2005-09-01,2005,"Q3","2005/06","Q1","September",,,,,,,,,,,,,,,,,,,,,,0,0,0,16.451490518,13.789332754,,30.240823272
2005-10-01,2005,"Q4","2005/06","Q2","October",,,,,,,,,,,,,,,,,,,,,,0,0,0,21.003538636,29.262701,,50.266239636
2005-11-01,2005,"Q4","2005/06","Q2","November",,,,,,,,,,,,,,,,,,,,,,0,0,0,41.705189356,6.367739,,48.072928356
2005-12-01,2005,"Q4","2005/06","Q2","December",,,,,,,,,,,,,,,,,,,,,,0,0,0,28.808566929,6.522152,,35.330718929
2006-01-01,2006,"Q1","2005/06","Q3","January",,,,,,,,,,,,,,,,,,,,,,0,0,0,22.319883056,6.266966,,28.586849056
2006-02-01,2006,"Q1","2005/06","Q3","February",,,,,,,,,,,,,,,,,,,,,,0,0,0,28.464822766,28.519517,,56.984339766
2006-03-01,2006,"Q1","2005/06","Q3","March",,,,,,,,,,,,,,,,,,,,,,0,0,0,19.626833875,0.909777,,20.536610875
2006-04-01,2006,"Q2","2005/06","Q4","April",,,,,,,,,,,,,,,,,,,,,,0,0,0,30.020849138,26.360831,,56.381680138
2006-05-01,2006,"Q2","2005/06","Q4","May",,,,,,,,,,,,,,,,,,,,,,0,0,0,43.714879674,15.991087,,59.705966674
2006-06-01,2006,"Q2","2005/06","Q4","June",,,,,,,,,,,,,,,,,,,,,,0,0,0,73.9314330171369,4.9791671,,78.9106001171369
2006-07-01,2006,"Q3","2006/07","Q1","July",,,,,,,,,,,,,,,,,,,,,,0,0,0,6.839604406,13.552929006,,20.392533412
2006-08-01,2006,"Q3","2006/07","Q1","August",,,,,,,,,,,,,,,,,,,,,,0,0,0,46.425994876,16.029669826,,62.455664702
2006-09-01,2006,"Q3","2006/07","Q1","September",,,,,,,,,,,,,,,,,,,,,,0,0,0,17.243431092,4.22248967,,21.465920762
2006-10-01,2006,"Q4","2006/07","Q2","October",,,,,,,,,,,,,,,,,,,,,,0,0,0,46.178017667,29.239904,,75.417921667
2006-11-01,2006,"Q4","2006/07","Q2","November",,,,,,,,,,,,,,,,,,,,,,0,0,0,75.338359514,13.737975,,89.076334514
2006-12-01,2006,"Q4","2006/07","Q2","December",,,,,,,,,,,,,,,,,,,,,,0,0,0,22.75584875,0.157398,,22.91324675
2007-01-01,2007,"Q1","2006/07","Q3","January",,,,,,,,,,,,,,,,,,,,,,0,0,0,32.907401997,15.764672,,48.672073997
2007-02-01,2007,"Q1","2006/07","Q3","February",,,,,,,,,,,,,,,,,,,,,,0,0,0,20.136791335,16.458112,,36.594903335
2007-03-01,2007,"Q1","2006/07","Q3","March",,,,,,,,,,,,,,,,,,,,,,0,0,0,62.533495325,5.708503,,68.241998325
2007-04-01,2007,"Q2","2006/07","Q4","April",,,,,,,,,,,,,,,,,,,,,,0,0,0,85.351735316,30.866094989,,116.217830305
2007-05-01,2007,"Q2","2006/07","Q4","May",,,,,,,,,,,,,,,,,,,,,,0,0,0,49.599748532,16.57028807,,66.170036602
2007-06-01,2007,"Q2","2006/07","Q4","June",,,,,,,,,,,,,,,,,,,,,,0,0,0,85.033546477,1.18320675503244,,86.2167532320324
2007-07-01,2007,"Q3","2007/08","Q1","July",,,,,,,,,,,,,,,,,,,,,,0,0,0,2.184237999,30.850255,,33.034492999
2007-08-01,2007,"Q3","2007/08","Q1","August",,,,,,,,,,,,,,,,,,,,,,0,0,0,29.363816612,4.83248534,,34.196301952
2007-09-01,2007,"Q3","2007/08","Q1","September",,,,,,,,,,,,,,,,,,,,,,0,0,0,58.975277014,2.809941,,61.785218014
2007-10-01,2007,"Q4","2007/08","Q2","October",,,,,,,,,,,,,,,,,,,,,,0,0,0,70.19837528,27.635685573,,97.834060853
2007-11-01,2007,"Q4","2007/08","Q2","November",,,,,,,,,,,,,,,,,,,,,,0,0,0,32.296752676,7.856172,,40.152924676
2007-12-01,2007,"Q4","2007/08","Q2","December",,,,,,,,,,,,,,,,,,,,,,0,0,0,15.981423067,0.913345,,16.894768067
2008-01-01,2008,"Q1","2007/08","Q3","January",,,,,,,,,,,,,,,,,,,,,,0,0,0,56.967517696,22.647477,,79.614994696
2008-02-01,2008,"Q1","2007/08","Q3","February",,,,,,,,,,,,,,,,,,,,,,0,0,0,26.814185027,4.209714,,31.023899027
2008-03-01,2008,"Q1","2007/08","Q3","March",,,,,,,,,,,,,,,,,,,,,,0,0,0,69.7249519003333,18.08628,,87.8112319003333
2008-04-01,2008,"Q2","2007/08","Q4","April",,,,,,,,,,,,,,,,,,,,,,0,0,0,33.082547038,47.03808948,,80.120636518
2008-05-01,2008,"Q2","2007/08","Q4","May",,,,,,,,,,,,,,,,,,,,,,0,0,0,59.480800788,6.2906877,,65.771488488
2008-06-01,2008,"Q2","2007/08","Q4","June",,,,,,,,,,,,,,,,,,,,,,0,0,0,118.750585788,0,,118.750585788
2008-07-01,2008,"Q3","2008/09","Q1","July",0.004302,1.35202389,6.663207,2.00718,2.426418,3.79954658,0,1.208369,0.164813307,0,-7e-04,0.0092487,0,5.719158137,0.4159225,0,,,,,,0,0,0,4.878186114,18.891303,0,23.769489114
2008-08-01,2008,"Q3","2008/09","Q1","August",0.279737584,44.244050634,14.618301228,8.056665752,2.801687417,8.987554004,4.14897506,4.40562827899998,29.446705149,0.873340674,0.001798,0.358274937,0.125637482,2.831507648,20.10830676,0,,,,,,0,0,0,118.027769608,23.260401,0,141.288170608
2008-09-01,2008,"Q3","2008/09","Q1","September",0.460168198,1.869822554,2.48348354,2.902691108,3.464852686,2.200115191,1.468837358,8.420548067,0.331016329,0.258515919,0.592143552,0.408853052,0.0477995,2.757675125,0.374796351,0,,,,,,0,0,0,26.43021253,1.611106,0,28.04131853
2008-10-01,2008,"Q4","2008/09","Q2","October",4.57694587,0.258086365,23.651528577,0.991734977,1.829938011,4.24019024,1.079752742,1.358965795,0.268595538,0.325774546,0.156079167,0.232133361,0.120791235,23.628422726,1.651356219,0,,,,,,0,0,0,18.653212369,45.717083,0,64.370295369
2008-11-01,2008,"Q4","2008/09","Q2","November",2.221903559,5.27098638,2.632299318,14.298818876,6.33511808,13.639687788,4.421891714,4.846819435,14.876782333,0.58872619,0.321163502,0.393575754,0.094419616,2.771200922,28.214971019,0,,,,,,0,0,0,87.239483486,13.688881,0,100.928364486
2008-12-01,2008,"Q4","2008/09","Q2","December",3.732468402,19.72914689,4.050105222,1.600727439,3.944739966,4.89759004,0.539624146,5.467434477,2.50335152,0.701372483,0.515990432,0.219544874,0.227748473,5.438994616,1.678392131,0,,,,,,0,0,0,55.247231111,0,0,55.247231111
2009-01-01,2009,"Q1","2008/09","Q3","January",2.894817148,54.629131566,9.721084229,1.377579713,1.342526355,6.280759045,1.821689379,7.78132335399998,20.183665154,0.443911157,0.064960774,0.548706614,0.131537367,13.571037828,0.209621813,0,,,,,,0,0,0,94.749399496,26.252952,0,121.002351496
2009-02-01,2009,"Q1","2008/09","Q3","February",2.794455062,2.885413353,22.950881072,10.654507876,3.761610938,0.771769951,1.094846135,9.840381507,1.922596935,0.182139122,0.266771151,0.796849269,0.0007163,1.573502985,0.182750578,1.2057992,,,,,,0,0,0,34.775475434,26.109516,0,60.884991434
2009-03-01,2009,"Q1","2008/09","Q3","March",1.684284654,167.328108323,4.324982772,0.970051816,6.382691016,8.67128565,7.361005837,10.903883606,1.41231556,0.216442237,0.149254782,0.337436136,0.09837892,8.743027213,3.178381546,1.604136265,,,,,,0,0,0,213.600963333,9.764703,0,223.365666333
2009-04-01,2009,"Q2","2008/09","Q4","April",0.698148774,3.063584214,1.759309958,6.044094117,4.844751175,15.091128125,0.871787094,5.388321083,12.382523302,0.15854746,0.248966532,0.134086534,1.410818115,17.312561602,3.154547142,1.85225997,,,,,,0,0,0,42.758994177,31.65644102,0,74.415435197
2009-05-01,2009,"Q2","2008/09","Q4","May",5.10768845,8.986329711,17.876185371,6.154098129,7.975265881,4.812583085,3.387684023,25.329265209,5.534287888,2.402894851,0.556501858,1.684068861,0.230470414,6.854803248,10.028465844,0.326799036,,,,,,0,0,0,86.626428639,20.62096322,0,107.247391859
2009-06-01,2009,"Q2","2008/09","Q4","June",7.560846503,72.48195428,8.460558727,7.03885124,10.213453952,8.893705674,9.434836717,29.700437998,33.469343955,1.61461751,2.142836853,1.140140831,1.521421672,4.654669175,4.775772293,3.35151367,,,,,,0,0,0,206.45496105,0,0,206.45496105
2009-07-01,2009,"Q3","2009/10","Q1","July",0,56.503243263,39.044625,11.482031,8.412764,11.888309,0,0.416666666666667,0,0.483171,0,0,0,14.466471844,0,0,,,,,,0,0,0,57.9317387736666,84.765543,0,142.697281773667
2009-08-01,2009,"Q3","2009/10","Q1","August",1.2278038,51.13815035,1.718759012,5.519496006,0,2.907003187,0.00310805,2.13980213166667,3.982236023,0.703036742,0.082168569,0.634465251,0.031647472,3.8076169,0.858319196,0.79,,,,,,0,0,0,75.2728446896667,0.270768,0,75.5436126896667
2009-09-01,2009,"Q3","2009/10","Q1","September",0.14954382,17.184273991,3.816912802,2.115387725,4.485771807,3.915556444,4.622500815,10.4680313946667,0.369882904,1.568713137,0.277131129,0.33623315,0.138403605,6.152016167,1.000195262,0.422921256,,,,,,0,0,0,57.0234754086667,0,0,57.0234754086667
2009-10-01,2009,"Q4","2009/10","Q2","October",0.911335474,38.897425568,26.275414663,1.710584613,5.812137324,17.300670049,1.288882293,3.13970431466667,18.6441186,0.083346467,0.105535274,0.360689496,0.126292916,19.16094925,2.99890785,1.2,,,,,,0,0,0,87.4835936116667,50.53240054,0,138.015994151667
2009-11-01,2009,"Q4","2009/10","Q2","November",8.216998446,6.34983332900001,5.128767878,23.580984756,16.061194632,3.731842644,6.15405242,29.0980953076667,1.305959114,1.396538183,0.474637357,0.423810683,0,6.335107593,1.271737621,0.413775,,,,,,0,0,0,86.3049669636667,23.638368,0,109.943334963667
2009-12-01,2009,"Q4","2009/10","Q2","December",1.196890368,31.424296674,11.516141271,1.91733724,0.868687183,7.248884448,2.537639471,5.37177523066667,25.64690089,1.141922199,0.967556773,0.471441441,0,1.419789802,0.726584153,0.59937772,,,,,,0,0,0,93.0552248636667,0,0,93.0552248636667
2010-01-01,2010,"Q1","2009/10","Q3","January",0.327445186,27.905216279,60.251095886,0.981648899,3.785479008,6.061355594,1.678832496,5.36696889266667,0.314007945,0.74241408,0.203802777,0.192620477,0.261076031,14.738036502,0.840812658,0,,,,,,0,0,0,49.1782087106667,74.472604,0,123.650812710667
2010-02-01,2010,"Q1","2009/10","Q3","February",0.468059294,10.249459254,2.225932806,15.443741879,13.777445922,2.844406667,7.553653934,10.7083030156667,24.855492588,1.130463163,0.598155429,0.593954783,0.083623996,5.445923539,0.976874713,0.21,,,,,,0,0,0,81.7026269826667,15.462864,0,97.1654909826667
2010-03-01,2010,"Q1","2009/10","Q3","March",1.95112502,49.057798295,16.757660163,7.279680001,1.256978252,16.914864706,15.019080264,7.58477257566667,16.557899233,3.289635404,1.151588814,0.533026379,0.162453297,10.952492253,3.266470333,0.4367492,,,,,,0,0,0,140.747969823667,11.424304366,0,152.172274189667
2010-04-01,2010,"Q2","2009/10","Q4","April",1.123900829,35.132039476,1.636444793,20.443191645,14.565845059,16.142440149,2.973672047,2.08295871366667,0.40505006,0.402238413,0.540043587,0.416217749,0.386504018,24.31017649,2.127984557,2.292627808,,,,,,0,0,0,71.1179273936667,53.863408,0,124.981335393667
2010-05-01,2010,"Q2","2009/10","Q4","May",0.907147144,23.821649007,10.796502048,4.350531656,0.855236093,6.379131704,4.935984973,19.7901411816667,38.71899575,3.669166843,1.320144102,1.357742057,0.374940566,18.466622901,1.702758501,0.791024789,,,,,,0,0,0,137.255487315667,0.982232,0,138.237719315667
2010-06-01,2010,"Q2","2009/10","Q4","June",7.774226346,150.13356856,14.475192646,7.326525833,14.582381163,10.174044358,49.24080914,24.4819235946667,8.799892449,13.83097484,2.606875382,1.141396529,3.131207769,15.481071773,13.201913891,2.519075581,,,,,,0,0,0,338.496262854667,0.404817,0,338.901079854667
2010-07-01,2010,"Q3","2010/11","Q1","July",0.031014485,85.031972,0.482585,18.613269333,14.625324,13.490964987,0.078499999,1.295380589,18.4,0.10032496,0,0,0,16.940430003,0.207458533,0,,,,,,0,0,0,108.823063889,60.47416,0,169.297223889
2010-08-01,2010,"Q3","2010/11","Q1","August",2.577198515,16.16129959,2.766240948,4.641504447,1.744592825,5.731770387,3.8323704,9.984819947,4.75878664500003,1.551169311,0.560683089,0.608766426,0.091540387,6.934722211,1.542705753,1.366932159,,,,,,0,0,0,64.85510304,0,0,64.85510304
2010-09-01,2010,"Q3","2010/11","Q1","September",0.157322638,3.933815977,2.296093903,3.613365889,1.016026996,5.590030466,18.500429369,12.102925666,114.715916105,0.693118517,0.763231194,0.15544908,0.09170404,2.355159153,0.312394605,0.28,,,,,,0,0,0,166.576983598,0,0,166.576983598
2010-10-01,2010,"Q4","2010/11","Q2","October",2.773558394,43.149518001,55.919989166,20.767218331,13.137533567,9.178270371,1.808608455,3.052860256,0.813382275000027,0.222795379,0.294494469,0.24278526,0.144978436,16.649185668,2.212407114,0,,,,,,0,0,0,63.801066742,106.5665184,0,170.367585142
2010-11-01,2010,"Q4","2010/11","Q2","November",4.317519528,48.90418862,3.209539625,2.900013456,8.993270459,18.588120362,38.526190752,24.77609071,57.449984557,2.300535487,1.035826344,0.457748545,0.377427157,9.653545223,4.546692712,0.99,,,,,,0,0,0,218.437099537,8.589594,0,227.026693537
2010-12-01,2010,"Q4","2010/11","Q2","December",1.563884137,27.100626234,6.221366493,8.413843974,1.046506571,6.824005059,6.856530551,5.32438511,1.904577486,0.705396279,0.514527416,0.50589458,0.252739567,10.89033836,5.803999515,0.18,,,,,,0,0,0,84.108621332,0,0,84.108621332
2011-01-01,2011,"Q1","2010/11","Q3","January",3.385962155,15.083833621,77.166340793,22.197341632,18.979595311,17.550059394,1.794097996,2.873900687,6.13363646899997,0.137902015,0.222339269,0.266143889,0.736671606,18.061809266,0.685644351,0.1,,,,,,0,0,0,53.095245454,132.280033,0,185.375278454
2011-02-01,2011,"Q1","2010/11","Q3","February",1.105483369,11.341082299,2.445363011,4.096629019,6.455622652,6.22935851,48.014704107,6.145305571,25.388309647,0.38535588,0.124969267,0.164820852,0.232186579,5.354512646,4.941897092,0.01,,,,,,0,0,0,122.435600501,0,0,122.435600501
2011-03-01,2011,"Q1","2010/11","Q3","March",1.126910692,12.827288899,6.159611158,4.657323164,1.833340586,2.208944226,4.370875209,2.33408051,0.959093883,0.708585089,0.219817063,0.145185983,0.338932359,6.813423986,2.513290537,0.02,,,,,,0,0,0,47.236703344,0,0,47.236703344
2011-04-01,2011,"Q2","2010/11","Q4","April",2.549859444,70.462008927,3.655155648,20.019555518,8.374448147,15.005611559,12.142688617,3.280570991,25.567630535,1.183955526,0.230167342,0.10429826,1.16289732,13.093053661,7.912557267,6.2130372,,,,,,0,0,0,147.295573037,43.661922925,0,190.957495962
2011-05-01,2011,"Q2","2010/11","Q4","May",1.77507177,66.787224252,22.508903134,12.425861234,5.384253924,5.344453081,6.674109723,5.101674707,96.002307516,2.057438245,1.618363083,0.234616876,0.43923337,1.271169761,2.646704869,0.04,,,,,,0,0,0,227.162278545,3.149107,0,230.311385545
2011-06-01,2011,"Q2","2010/11","Q4","June",3.499177136,21.894626938,31.287477207,4.399645482,11.434178693,3.952864526,15.330918382,8.982366383,8.15821377800001,2.645095854,1.359782563,1.711032505,6.422693256,24.15545888,4.853150446,0.261723641,,,,,,0,0,0,150.34840567,0,0,150.34840567
2011-07-01,2011,"Q3","2011/12","Q1","July",0,45.770892627,43.74899,25.04653925,16.083202006,13.6849904,0.03,21.303139626,0.00055,0.002305,0,0.037441336,0.033211347,16.20970936,12.072791389,0,,,,,,0,0,0,82.90227404,111.121488301,0,194.023762341
2011-08-01,2011,"Q3","2011/12","Q1","August",0.965471456,64.056475732,2.162109821,12.761011578,6.304155928,15.130068394,33.653198825,8.881733191,2.0706616,1.435119374,1.991575787,1.766600305,0.189133,15.101783962,3.55948998,1.994713774,,,,,,0,0,0,149.588639786,22.434662921,0,172.023302707
2011-09-01,2011,"Q3","2011/12","Q1","September",0.990454833,25.095093119,5.999762696,4.622257829,0.527115814,4.290610528,3.516762653,6.353751053,12.008456345,0.773873563,1.368508495,0.100035145,1.375718136,0.753658132,0.060037909,0,,,,,,0,0,0,67.83609625,0,0,67.83609625
2011-10-01,2011,"Q4","2011/12","Q2","October",2.599118387,11.470789129,18.786340374,27.890044762,15.013259779,17.205205021,0.725449508,3.748703206,6.42372900499999,1.777770407,0.142184212,0.690798724,0.059608512,17.836154127,16.197185299,0.603999558,,,,,,0,0,0,56.666015745,84.504324265,0,141.17034001
2011-11-01,2011,"Q4","2011/12","Q2","November",1.631223273,70.326494358,8.90299723,4.585329838,2.571092757,7.025964278,29.666698829,13.053413301,66.827532729,2.05960327,0.346665164,0.231944727,0.647890809,8.644766792,1.035703387,3.097426625,,,,,,0,0,0,220.654747367,0,0,220.654747367
2011-12-01,2011,"Q4","2011/12","Q2","December",2.174684786,29.249971323,5.76387473,3.11599992,1.067253655,10.43733016,22.305912809,4.882673518,7.74269079300001,0.50015323,2.062208275,1.008491747,0.0300632,1.057947906,0.340548046,0.00199,,,,,,0,0,0,91.741794098,0,0,91.741794098
2012-01-01,2012,"Q1","2011/12","Q3","January",2.757955519,61.060377541,76.358642139,7.934373903,11.970775329,8.6936714,10.841073563,14.385186106,123.675266102,1.991652816,0.177146905,0.283304523,0.5045927,13.505745327,0.655844315,1.015411796,,,,,,0,0,0,232.791966984,103.019053,0,335.811019984
2012-02-01,2012,"Q1","2011/12","Q3","February",0.190499244,82.505800249,8.179677287,7.58601803,1.572151979,5.881417216,31.821631863,7.687955705,12.787657567,2.190679396,0.610171236,0.24668668,0.946749511,6.066925798,0.138464025,0.993501596,,,,,,0,0,0,169.405987382,0,0,169.405987382
2012-03-01,2012,"Q1","2011/12","Q3","March",2.02574142,29.861973364,1.175787389,2.226752226,1.37606095,1.372436514,2.705444377,9.735842112,19.291875419,1.492218682,0.517605873,0.182446504,0.140591415,0.499650273,0.452036481,0,,,,,,0,0,0,73.056462999,0,0,73.056462999
2012-04-01,2012,"Q2","2011/12","Q4","April",1.974658877,24.170767766,5.035441794,19.873550499,11.746564511,22.239892101,1.459809239,7.305454775,7.855056709,1.669781517,0.924213922,0.408616271,0.508472821,14.209077125,2.030329159,0.091542011,,,,,,0,0,0,67.69660987,53.806619227,0,121.503229097
2012-05-01,2012,"Q2","2011/12","Q4","May",4.227045376,10.353622977,6.673308058,6.10829392,4.730980385,5.70546368,6.97536496,4.968063444,26.551536699,2.157227932,7.223692433,0.43444361,0.062404982,0.583397305,2.02418819,0.165488925,,,,,,0,0,0,87.890165684,1.054357192,0,88.944522876
2012-06-01,2012,"Q2","2011/12","Q4","June",2.161394665,76.746831437,16.314887616,5.042448204,3.627460829,6.182397851,16.675822368,16.176064257,47.280327733,1.747315541,1.242488831,7.063402988,0.243628429,13.015703725,10.796798797,1.001354253,,,,,,0,0,0,208.924155813,0,0,225.318327524
2012-07-01,2012,"Q3","2012/13","Q1","July",19.705666333,121.41222973,0.664531373,7.521860492,3.519869964,0.812625129,0.3332004,9.725206547,0,0,0,0.08899384,0.114612663,3.08702302,1.952197533,0,,,,,,0,0,0,168.938017024,0,0,168.938017024
2012-08-01,2012,"Q3","2012/13","Q1","August",4.355599132,54.804509393,36.170126273,22.466238384,11.168063304,26.391569789,14.032305806,8.891178307,2.991760981,4.184916325,3.217412486,0.339063242,1.147392457,25.972862964,0.423622402,0,,,,,,0,0,0,117.308899245,99.247722,0,216.556621245
2012-09-01,2012,"Q3","2012/13","Q1","September",0.867553092,10.82110212,4.626853626,2.327976448,0.882983056,5.907396272,0.728342531,3.620196182,37.757236255,1.015490817,1.130474467,0.025646892,0.157423708,3.368042923,0.636764563,0,,,,,,0,0,0,73.873482952,0,0,73.873482952
2012-10-01,2012,"Q4","2012/13","Q2","October",0.999934738,10.040302555,2.490595006,4.451806777,0.263779076,2.187985195,1.003354569,2.189264265,5.263993434,4.785412288,0.052441986,0.018925419,0,1.826733782,0.203319454,0.870158863,,,,,,0,0,0,36.648007407,0,0,36.648007407
2012-11-01,2012,"Q4","2012/13","Q2","November",23.656717942,244.406138593,31.887586749,23.7716068050417,15.811825476,20.029078048,23.325378655,14.530489468,19.371830624,13.796466193,3.246849493,0.416642994,0.676605169,18.50871243,2.806579473,3.224010192,,,,,,0,0,0,370.098920702042,89.367597602,0,459.466518304042
2012-12-01,2012,"Q4","2012/13","Q2","December",1.04402359,64.812219458,5.475809235,3.873780263,0.680254356,17.253347351,1.594000831,8.497902884,17.900523623,1.816209171,2.829029107,0.065762249,0.178625153,2.661798637,0.459245066,0,,,,,,0,0,0,128.975525974,0.167005,0,129.142530974
2013-01-01,2013,"Q1","2012/13","Q3","January",3.389905362,4.635937619,2.750478209,7.192997457,3.066365205,4.177781783,5.242634327,10.180871767,1.119740054,1.024194962,0.093060225,0.469720892,0.01554,4.537754718,0.438441852,0,,,,,,0,0,0,48.335424432,0,0,48.335424432
2013-02-01,2013,"Q1","2012/13","Q3","February",21.625256385,160.660924941,61.194372958,24.121209531,12.37764429,12.646839368,8.811825306,32.411662168,1.683994989,1.514103449,0.415545861,0.216268694,0.014218,25.022921849,2.958265765,0,,,,,,0,0,0,256.555896688,109.119156866,0,365.675053554
2013-03-01,2013,"Q1","2012/13","Q3","March",1.289643237,27.770213818,8.822953656,2.702916293,0.437959764,17.153885899,2.946035921,4.056427745,10.763502361,2.061501198,1.226809083,0.292418955,2.266092357,5.150097245,0.444341335,0.749426323,,,,,,0,0,0,88.13422519,0,0,88.13422519
2013-04-01,2013,"Q2","2012/13","Q4","April",21.924416076,26.485165334,4.354477904,2.320560892,1.66736647,7.159658387,1.612577122,3.248607936,2.96777858,0.860833532,0.375508177,0.172561048,0.661259501,3.002151276,0.94937145,0,,,,,,0,0,0,77.762293685,0,0,77.762293685
2013-05-01,2013,"Q2","2012/13","Q4","May",2.162755675,11.662481442,7.786887633,3.149239218,1.978396342,5.893198561,17.689872387,8.748572515,3.042879828,0.400207745,0.580700095,0.149616686,0.132434834,3.537456039,1.6468765,0.791920632,,,,,,0,0,0,69.353496132,0,0,69.353496132
2013-06-01,2013,"Q2","2012/13","Q4","June",3.351028142,175.842310318,21.748174869,4.407936306,10.205346129,22.721058898,27.254967605,29.346674417,7.700702939,0.775006919,3.575702901,2.147391817,0.19892902,21.907249604,7.890728493,0.829601001,,,,,,0,0,0,339.902809378,0,0,339.902809378
2013-07-01,2013,"Q3","2013/14","Q1","July",19.6382252,240.604331149,0.2007482,0.017965741,3.313899496,-0.0049377,12.579067349,41.216218048,15.7046,0,3.157548833,0,0,0.007505669,5.213733316,0,,,,,,0,0,0,341.648905301,0,0,341.648905301
2013-08-01,2013,"Q3","2013/14","Q1","August",1.264696444,11.989069933,39.765420649054,31.0655396705,8.78652464781532,20.645661257,1.957285318,13.867997452,1.955474651,3.542663739,0.305475243,0.246416396,0.277561864,19.3934391995,0.37287444,0,,,,,,0,0,0,58.49386781,96.9422330938693,0,155.436100903869
2013-09-01,2013,"Q3","2013/14","Q1","September",0.397072063,158.716055345,3.938143102,3.490850585,1.608987995,7.096368232,19.917309613,9.56734138,51.11823074,1.047543531,0.757144774,0.657997038,0.315260931,4.092383799,0.111646526,2.239474234,,,,,,0,0,0,265.071809888,0,0,265.071809888
2013-10-01,2013,"Q4","2013/14","Q2","October",3.245573193,33.76584359,20.278512873527,24.1590985956994,17.586828677908,19.212560038,4.636335429,25.388383492,0.525827687,0.412935753,6.026583038,0.312554047,0.058372249,18.8848378105,4.296965988,0,,,,,,0,0,0,99.239379936292,79.5518325253423,0,178.791212461634
2013-11-01,2013,"Q4","2013/14","Q2","November",17.0830702,196.488366717,6.696132085,5.017277103,1.957034806,13.544948394,15.325962792,29.976541306,28.45522861,3.898472591,1.205458155,0.512954124,0.504988453,4.768549149,0.793259657,0,,,,,,0,0,0,326.228244142,0,0,326.228244142
2013-12-01,2013,"Q4","2013/14","Q2","December",3.109342077,169.14229545,15.862701701,5.050698558,5.253662571,6.91844524,7.668617975,11.376397048,9.247727044,0.852177937,0.338823048,0.9078978,0.340912068,10.056846236,1.867077034,0,,,,,,0,0,0,247.993621787,0,0,247.993621787
2014-01-01,2014,"Q1","2013/14","Q3","January",12.906423063,124.823978356,54.63276717,33.419250251,12.595315263,43.007440093,2.316618626,32.830633578,1.607422554,0.675828259,0.659492839,0.114318669,0.222700727,27.225063628,7.770568658,0,,,,,,0,0,0,215.610645671,139.197176063,0,354.807821734
2014-02-01,2014,"Q1","2013/14","Q3","February",1.907256104,84.557900185,7.782153853,4.887861435,3.233843359,5.26516428,28.450213322,9.016969736,23.205264881,4.618098832,1.118515241,0.228728976,0.62547154,7.635793131,0.808349601,0,,,,,,0,0,0,183.341584476,0,0,183.341584476
2014-03-01,2014,"Q1","2013/14","Q3","March",18.381477999,16.075853114,7.704562557,6.167870208,2.903732811,15.906171423,18.562160237,9.770753109,7.095732481,1.359977236,0.44955272,0.593860403,0.537775106,7.531786602,0.335711838,0.591675424,,,,,,0,0,0,113.968653268,0,0,113.968653268
2014-04-01,2014,"Q2","2013/14","Q4","April",0.049633429,211.971774595,14.169033229,17.495810705,6.844222096,17.225269213,23.207551128,25.295157012,6.006667462,1.106745329,0.893045299,9.953396318,0.346100984,13.847081784,2.00973208,0,,,,,,0,0,0,313.17166434,37.249556323,0,350.421220663
2014-05-01,2014,"Q2","2013/14","Q4","May",24.217076379,59.986440773,9.214634214,5.110708721,1.668004068,15.9759315,65.813693066,20.77012898,7.923124809,1.912081621,1.432917812,0.331758948,0.246425871,11.115606945,0.663845052,1.361251757,,,,,,0,0,0,228.043630516,0,0,228.043630516
2014-06-01,2014,"Q2","2013/14","Q4","June",2.229013346,60.637061335,39.258224309,4.849014451,4.318516053,29.393435792,81.264275711,29.308513952,17.428670812,1.785626099,1.410186267,2.066027555,0.571146304,33.647852973,6.931216904,4.773714461,,,,,,0,0,0,319.872496324,0,0,319.872496324
2014-07-01,2014,"Q3","2014/15","Q1","July",0.2473563,186.296594301,1.580299818,26.421739633,12.45411613,23.455316895,9.777580141,67.997163996,31.145729323,1.318354691,3.686896421,0.25729866,0.114936223,18.381574643,5.799265641,10,,,,,,0,0,0,335.737374816,63.196848,0,398.934222816
2014-08-01,2014,"Q3","2014/15","Q1","August",11.010487098,118.650855176,7.779101751,4.826661584,0.929111125,16.358686173,19.559197318,53.925571648,20.14229309,1.46044935,1.060146576,0.351761446,0.236116135,4.239718063,0.514198103,0.249296836,,,,,,0,0,0,261.294797472,0,0,261.294797472
2014-09-01,2014,"Q3","2014/15","Q1","September",14.033383085,9.76542439,26.248666829,1.436186874,1.52813306,8.163135145,16.141065665,8.557683246,33.969302198,0.615171896,0.269589223,8.476436207,0.091466247,7.468035852,0.8701165,0.153904475,,,,,,0,0,0,114.904053755,22.957501137,0,137.861554892
2014-10-01,2014,"Q4","2014/15","Q2","October",0.671044879,23.001347693,7.574287,28.849032273,15.568489456,25.14055501,4.908597355,35.468927703,33.402140017,1.167752199,3.169376698,0.388794491,0.174882231,20.321742973,12.631188093,0,,,,,,0,0,0,149.241299791,63.19685828,0,212.438158071
2014-11-01,2014,"Q4","2014/15","Q2","November",20.781780838,183.303801118,7.471168406,3.759298384,0.94270544,17.412275046,23.00894667,13.215114272,8.915619904,3.223127002,3.765784451,8.800109313,0.182415023,13.130105316,1.784566194,0.242528391,,,,,,0,0,0,309.939345768,0,0,309.939345768
2014-12-01,2014,"Q4","2014/15","Q2","December",4.637891008,114.096821802,18.936401515,2.730367196,2.796422887,18.586900694,13.682617686,13.823306224,5.204769643,2.162132073,0.968046397,0.526259847,0.097136777,5.09057117,0.487940974,0.001970001,,,,,,0,0,0,203.829555894,0,0,203.829555894
2015-01-01,2015,"Q1","2014/15","Q3","January",20.692996205,44.746045889,9.576395534,31.297794225,16.102711664,35.788413062,14.393732047,27.794609261,24.152737908,1.135543598,0.299186761,0.204306929,0.407578756,31.234531747,2.126283714,1.554144438,,,,,,0,0,0,172.113295009,89.393716729,0,261.507011738
2015-02-01,2015,"Q1","2014/15","Q3","February",0.965063725,152.529289956,54.174923428,3.185365083,2.689928718,10.220726952,38.669680918,13.504871407,4.146631989,2.453213484,0.662032085,0.656440004,0.159424025,9.245199457,0.718794953,7.876741083,,,,,,0,0,0,301.858327267,0,0,301.858327267
2015-03-01,2015,"Q1","2014/15","Q3","March",4.300315372,39.291813195,12.540151197,3.883870901,2.251829387,9.835053638,15.75042328,10.881839795,4.332149694,0.649450241,0.39644892,6.574380984,0.111276611,10.087312094,1.914230915,0.651689671,,,,,,0,0,0,123.452235895,0,0,123.452235895
2015-04-01,2015,"Q2","2014/15","Q4","April",24.649185189,120.490157219,9.839914401,20.832539871,8.52487693,17.868580676,18.038962209,16.791552833,10.133568465,2.510333133,2.224418906,0.33024758,0.152954608,21.928194138,1.54159869,0.365225354,,,,,,0,0,0,239.048744167,37.173566035,0,276.222310202
2015-05-01,2015,"Q2","2014/15","Q4","May",1.353815128,113.861765049,17.201238492,5.400613742,5.443718384,17.7555502,39.835442282,18.421495778,28.613769815,2.053319115,0.421965767,14.070878049,0.166864933,14.302925692,4.401649658,5.414842859,,,,,,0,0,0,288.719854943,0,0,288.719854943
2015-06-01,2015,"Q2","2014/15","Q4","June",1.018594511,254.960877964,81.587116904,16.085372205,8.506881582,13.356368926,37.613728157,31.051770257,12.481868803,1.928278942,21.079610833,4.483158044,0.319271617,20.406503412,5.632313216,9.666979818,,,,,,0,0,0,520.403695191,0,0,520.403695191
2015-07-01,2015,"Q3","2015/16","Q1","July",4.18092175,145.558705628,0.102777443,8.81008702,4.662383176,12.372029898,0.312127958,19.5386075425833,8.007787072,0.756302126,6.7076648,8.533567901,0.018480765,55.341251897,4.200869826,0,,,,,,0,0,0,226.811586802583,52.291978,0,279.103564802583
2015-08-01,2015,"Q3","2015/16","Q1","August",21.940449931,80.318639212,11.128227852,1.13455618,2.407927004,14.859138835,10.872685551,9.57880160258333,47.26456531,7.929467202,2.155741415,1.705569178,0.06046985,8.169064818,2.778162043,0,,,,,,0,0,0,222.267135983583,0,0,222.267135983583
2015-09-01,2015,"Q3","2015/16","Q1","September",1.415871113,66.154667803,3.792630946,6.108023032,3.823944647,8.176272341,12.704391291,9.92867398158333,4.175583242,1.326294613,10.178624704,0.850360568,0.095909802,10.090359251,5.636318304,0,,,,,,0,0,0,144.457925638583,0,0,144.457925638583
2015-10-01,2015,"Q4","2015/16","Q2","October",31.062193888,140.601661305,8.244780736,4.662241143,2.037369571,5.141292387,10.570511975,17.3342047985833,7.205718615,1.281161239,0.695515703,1.259432363,0.074315445,75.822768411,12.474900341,1.230918577,,,,,,0,0,0,252.407459497583,67.291527,0,319.698986497583
2015-11-01,2015,"Q4","2015/16","Q2","November",1.747423174,80.943249442,37.404729623,3.95027017,3.001390268,13.09748572,66.560460116,9.35980278658333,8.151336834,2.214211533,5.280050224,2.442419854,0.102562549,15.130658168,6.104526239,0.030041729,,,,,,0,0,0,255.520618429583,0,0,255.520618429583
2015-12-01,2015,"Q4","2015/16","Q2","December",48.743326498,63.83657806,25.007875773,3.460264629,8.638932781,3.408445459,6.531405665,14.0184799825833,2.759486621,0.721640366,0.300469119,0.569465606,0.082835552,7.755569904,22.984111248,0.118503393,,,,,,0,0,0,208.934006656583,0,0,208.934006656583
2016-01-01,2016,"Q1","2015/16","Q3","January",9.230164359,99.924031453,9.942859704,12.382880154,3.246912289,11.11864368,34.466322269,10.3229899505833,3.492895214,0.206389364,0.089212946,2.368633196,0.052136032,145.41919050976,0.637480862,0.004366,,,,,,0,0,0,201.028732397583,141.87637558476,0,342.905107982344
2016-02-01,2016,"Q1","2015/16","Q3","February",7.716680336,103.957382134,12.433435782,3.185196602,4.651024805,44.280722187,18.527740084,10.4660610145833,34.169982698,1.036390609,0.437303753,0.05451413,0.09827155,6.570761143,45.658647144,1.220176424,,,,,,0,0,0,294.464290395583,0,0,294.464290395583
2016-03-01,2016,"Q1","2015/16","Q3","March",0.954258214,74.232976852,7.584885882,5.081301308,2.533036682,15.614962887,13.123672759,7.60295079758333,27.501455835,0.832741766,0.149987155,0.314054269,0.021468485,5.948840876,1.214597148,0.497963799,,,,,,0,0,0,163.209154714583,0,0,163.209154714583
2016-04-01,2016,"Q2","2015/16","Q4","April",12.060334133,129.177653907,2.600425756,24.83907313,3.233673205,8.620468208,26.375104482,31.2134371715833,16.787867616,5.838313804,0.30551367,0.401857824,0.10309762,4.671954403,6.139282788,0.704895294,,,,,,0,0,0,273.072103011583,0,0,273.072103011583
2016-05-01,2016,"Q2","2015/16","Q4","May",0.452731821,122.256545478,59.936794525,15.582733757,4.486402089,18.955578891,33.792798355,14.0100383245833,78.56155258,4.226077139,1.007561311,14.496815246,0.172604329,18.354007012,0.643488757,0.128484486,,,,,,0,0,0,387.064214100583,0,0,387.064214100583
2016-06-01,2016,"Q2","2015/16","Q4","June",0.534555786,273.361026177,53.854533766,22.15059781,17.059655199,24.846253794,114.471841289,41.6513873425833,18.149753181,4.748613627,15.363168844,3.546103515,0.354963256,16.842583682,19.767247822,5.428564263,,,,,,0,0,0,632.130849353583,0,0,632.130849353583
2016-07-01,2016,"Q3","2016/17","Q1","July",,,,,,,,,,,,,,,,,,,,,,0,0,0,,,0,
2016-08-01,2016,"Q3","2016/17","Q1","August",,,,,,,,,,,,,,,,,,,,,,0,0,0,,,0,
2016-09-01,2016,"Q3","2016/17","Q1","September",,,,,,,,,,,,,,,,,,,,,,0,0,0,,,0,
2016-10-01,2016,"Q4","2016/17","Q2","October",,,,,,,,,,,,,,,,,,,,,,0,0,0,,,0,
2016-11-01,2016,"Q4","2016/17","Q2","November",,,,,,,,,,,,,,,,,,,,,,0,0,0,,,0,
2016-12-01,2016,"Q4","2016/17","Q2","December",,,,,,,,,,,,,,,,,,,,,,0,0,0,,,0,
2017-01-01,2017,"Q1","2016/17","Q3","January",,,,,,,,,,,,,,,,,,,,,,0,0,0,,,0,
2017-02-01,2017,"Q1","2016/17","Q3","February",,,,,,,,,,,,,,,,,,,,,,0,0,0,,,0,
2017-03-01,2017,"Q1","2016/17","Q3","March",,,,,,,,,,,,,,,,,,,,,,0,0,0,,,0,
2017-04-01,2017,"Q2","2016/17","Q4","April",,,,,,,,,,,,,,,,,,,,,,0,0,0,,,0,
2017-05-01,2017,"Q2","2016/17","Q4","May",,,,,,,,,,,,,,,,,,,,,,0,0,0,,,0,
2017-06-01,2017,"Q2","2016/17","Q4","June",,,,,,,,,,,,,,,,,,,,,,0,0,0,,,0,
2017-07-01,2017,"Q3","2017/18","Q1","July",,,,,,,,,,,,,,,,,,,,,,0,0,0,,,0,
2017-08-01,2017,"Q3","2017/18","Q1","August",,,,,,,,,,,,,,,,,,,,,,0,0,0,,,0,
2017-09-01,2017,"Q3","2017/18","Q1","September",,,,,,,,,,,,,,,,,,,,,,0,0,0,,,0,
2017-10-01,2017,"Q4","2017/18","Q2","October",,,,,,,,,,,,,,,,,,,,,,0,0,0,,,0,
2017-11-01,2017,"Q4","2017/18","Q2","November",,,,,,,,,,,,,,,,,,,,,,0,0,0,,,0,
2017-12-01,2017,"Q4","2017/18","Q2","December",,,,,,,,,,,,,,,,,,,,,,0,0,0,,,0,
2018-01-01,2018,"Q1","2017/18","Q3","January",,,,,,,,,,,,,,,,,,,,,,0,0,0,,,0,
2018-02-01,2018,"Q1","2017/18","Q3","February",,,,,,,,,,,,,,,,,,,,,,0,0,0,,,0,
2018-03-01,2018,"Q1","2017/18","Q3","March",,,,,,,,,,,,,,,,,,,,,,0,0,0,,,0,
2018-04-01,2018,"Q2","2017/18","Q4","April",,,,,,,,,,,,,,,,,,,,,,0,0,0,,,0,
2018-05-01,2018,"Q2","2017/18","Q4","May",,,,,,,,,,,,,,,,,,,,,,0,0,0,,,0,
2018-06-01,2018,"Q2","2017/18","Q4","June",,,,,,,,,,,,,,,,,,,,,,0,0,0,,,0,
2018-07-01,2018,"Q3","2018/19","Q1","July",,,,,,,,,,,,,,,,,,,,,,0,0,0,,,0,
2018-08-01,2018,"Q3","2018/19","Q1","August",,,,,,,,,,,,,,,,,,,,,,0,0,0,,,0,
2018-09-01,2018,"Q3","2018/19","Q1","September",,,,,,,,,,,,,,,,,,,,,,0,0,0,,,0,
2018-10-01,2018,"Q4","2018/19","Q2","October",,,,,,,,,,,,,,,,,,,,,,0,0,0,,,0,
2018-11-01,2018,"Q4","2018/19","Q2","November",,,,,,,,,,,,,,,,,,,,,,0,0,0,,,0,
2018-12-01,2018,"Q4","2018/19","Q2","December",,,,,,,,,,,,,,,,,,,,,,0,0,0,,,0,
2019-01-01,2019,"Q1","2018/19","Q3","January",,,,,,,,,,,,,,,,,,,,,,0,0,0,,,0,
2019-02-01,2019,"Q1","2018/19","Q3","February",,,,,,,,,,,,,,,,,,,,,,0,0,0,,,0,
2019-03-01,2019,"Q1","2018/19","Q3","March",,,,,,,,,,,,,,,,,,,,,,0,0,0,,,0,
2019-04-01,2019,"Q2","2018/19","Q4","April",,,,,,,,,,,,,,,,,,,,,,0,0,0,,,0,
2019-05-01,2019,"Q2","2018/19","Q4","May",,,,,,,,,,,,,,,,,,,,,,0,0,0,,,0,
2019-06-01,2019,"Q2","2018/19","Q4","June",,,,,,,,,,,,,,,,,,,,,,0,0,0,,,0,
2019-07-01,2019,"Q3","2019/20","Q1","July",,,,,,,,,,,,,,,,,,,,,,0,0,0,,,0,
2019-08-01,2019,"Q3","2019/20","Q1","August",,,,,,,,,,,,,,,,,,,,,,0,0,0,,,0,
2019-09-01,2019,"Q3","2019/20","Q1","September",,,,,,,,,,,,,,,,,,,,,,0,0,0,,,0,
2019-10-01,2019,"Q4","2019/20","Q2","October",,,,,,,,,,,,,,,,,,,,,,0,0,0,,,0,
2019-11-01,2019,"Q4","2019/20","Q2","November",,,,,,,,,,,,,,,,,,,,,,0,0,0,,,0,
2019-12-01,2019,"Q4","2019/20","Q2","December",,,,,,,,,,,,,,,,,,,,,,0,0,0,,,0,
2020-01-01,2020,"Q1","2019/20","Q3","January",,,,,,,,,,,,,,,,,,,,,,0,0,0,,,0,
2020-02-01,2020,"Q1","2019/20","Q3","February",,,,,,,,,,,,,,,,,,,,,,0,0,0,,,0,
2020-03-01,2020,"Q1","2019/20","Q3","March",,,,,,,,,,,,,,,,,,,,,,0,0,0,,,0,
2020-04-01,2020,"Q2","2019/20","Q4","April",,,,,,,,,,,,,,,,,,,,,,0,0,0,,,0,
2020-05-01,2020,"Q2","2019/20","Q4","May",,,,,,,,,,,,,,,,,,,,,,0,0,0,,,0,
2020-06-01,2020,"Q2","2019/20","Q4","June",,,,,,,,,,,,,,,,,,,,,,0,0,0,,,0,
2020-07-01,2020,"Q3","2020/21","Q1","July",,,,,,,,,,,,,,,,,,,,,,0,0,0,,,0,
2020-08-01,2020,"Q3","2020/21","Q1","August",,,,,,,,,,,,,,,,,,,,,,0,0,0,,,0,
2020-09-01,2020,"Q3","2020/21","Q1","September",,,,,,,,,,,,,,,,,,,,,,0,0,0,,,0,
2020-10-01,2020,"Q4","2020/21","Q2","October",,,,,,,,,,,,,,,,,,,,,,0,0,0,,,0,
2020-11-01,2020,"Q4","2020/21","Q2","November",,,,,,,,,,,,,,,,,,,,,,0,0,0,,,0,
2020-12-01,2020,"Q4","2020/21","Q2","December",,,,,,,,,,,,,,,,,,,,,,0,0,0,,,0,
2021-01-01,2021,"Q1","2020/21","Q3","January",,,,,,,,,,,,,,,,,,,,,,0,0,0,,,0,
2021-02-01,2021,"Q1","2020/21","Q3","February",,,,,,,,,,,,,,,,,,,,,,0,0,0,,,0,
2021-03-01,2021,"Q1","2020/21","Q3","March",,,,,,,,,,,,,,,,,,,,,,0,0,0,,,0,
2021-04-01,2021,"Q2","2020/21","Q4","April",,,,,,,,,,,,,,,,,,,,,,0,0,0,,,0,
2021-05-01,2021,"Q2","2020/21","Q4","May",,,,,,,,,,,,,,,,,,,,,,0,0,0,,,0,
2021-06-01,2021,"Q2","2020/21","Q4","June",,,,,,,,,,,,,,,,,,,,,,0,0,0,,,0,
2021-07-01,2021,"Q3","2021/22","Q1","July",,,,,,,,,,,,,,,,,,,,,,0,0,0,,,0,
2021-08-01,2021,"Q3","2021/22","Q1","August",,,,,,,,,,,,,,,,,,,,,,0,0,0,,,0,
2021-09-01,2021,"Q3","2021/22","Q1","September",,,,,,,,,,,,,,,,,,,,,,0,0,0,,,0,
2021-10-01,2021,"Q4","2021/22","Q2","October",,,,,,,,,,,,,,,,,,,,,,0,0,0,,,0,
2021-11-01,2021,"Q4","2021/22","Q2","November",,,,,,,,,,,,,,,,,,,,,,0,0,0,,,0,
2021-12-01,2021,"Q4","2021/22","Q2","December",,,,,,,,,,,,,,,,,,,,,,0,0,0,,,0,
2022-01-01,2022,"Q1","2021/22","Q3","January",,,,,,,,,,,,,,,,,,,,,,0,0,0,,,0,
2022-02-01,2022,"Q1","2021/22","Q3","February",,,,,,,,,,,,,,,,,,,,,,0,0,0,,,0,
2022-03-01,2022,"Q1","2021/22","Q3","March",,,,,,,,,,,,,,,,,,,,,,0,0,0,,,0,
2022-04-01,2022,"Q2","2021/22","Q4","April",,,,,,,,,,,,,,,,,,,,,,0,0,0,,,0,
2022-05-01,2022,"Q2","2021/22","Q4","May",,,,,,,,,,,,,,,,,,,,,,0,0,0,,,0,
2022-06-01,2022,"Q2","2021/22","Q4","June",,,,,,,,,,,,,,,,,,,,,,0,0,0,,,0,
2022-07-01,2022,"Q3","2022/23","Q1","July",0.336009289,0,0,0,0,0.38655068,1.42996558,0.10809847,1.067635206,0.752255082,0,-0.256951764,0,0,0,50.50692866,3.83357231691667,0,0,0,0,0,0,0,55.8541172909167,24.0461150836279,0,79.9002323745446
2022-08-01,2022,"Q3","2022/23","Q1","August",8.32849183,0.134319011,0,0,0.058348664,4.074709904,3.990202157,55.668109668,27.853531034,2.903436835,0.0781,20.548124149,0,0,0.057691472,430.601291055,7.71504868491667,0.508306807,0,0,0,0,0,0,517.140163307917,24.0461150836279,0,541.186278391545
2022-09-01,2022,"Q3","2022/23","Q1","September",31.403014012,0,0,0,0.05038,6.594080332,4.988048463,14.323892898,10.041590031,4.074008913,2.883850852,123.27166709,31.41195975,0.005482715,0.0268925,6.986189834,8.08169818791667,1.740611532,0,0,0,0,0,0,68.0604316599167,24.0461150836279,0,92.1065467435446
2022-10-01,2022,"Q4","2022/23","Q2","October",29.838922232,0.769399306,0.769399306,5.707046,0.035093832,12.087628851,2.822310986,132.193565733,267.650381441,6.60920117,0.137915601,83.932000285,0,0.159156014,0.306755528,476.364670545333,8.72345662591667,0.42335945,1.205221558,0,0,0,0,0,959.40353360925,73.9315596716247,0,1033.33509328087
2022-11-01,2022,"Q4","2022/23","Q2","November",65.601682972,4.645786034,4.645786034,0.102981538,1.199987783,11.123795086,5.568162578,23.377752703,295.380898725,5.633144413,1.998599553,79.473509295,0.176988778,1.154217637,0.203021802,26.6745736073333,27.1851332279167,2.286958106,0.364928297,0.55151105,0,0,0,0,414.00234614525,73.9315596716247,0,487.933905816875
2022-12-01,2022,"Q4","2022/23","Q2","December",35.26966492,5.78459303,5.78459303,0.112473815,0.112508832,19.668112257,3.654300075,46.486949427,170.498312168,9.042919679,0.60061013,274.094531982,0.44494094,0.193878166,0.042054142,28.3297443553333,15.6049176289167,0.861817495,6.826656316,1.424880703,0,0,0,0,285.01125395725,73.9315596716247,0,358.942813628875
2023-01-01,2023,"Q1","2022/23","Q3","January",15.529613602,3.688656591,3.688656591,0.506475,0.2610286,8.153007632,4.217605948,11.63079469,331.230260604,3.289945463,3.056936116,42.045184664,0.15414428,0.285970624,0.00067,461.053076838167,13.4622129719167,0.641660211,0.722630201,0.001298,0,0,0,0,726.578583804917,148.308889620149,0,874.887473425066
2023-02-01,2023,"Q1","2022/23","Q3","February",74.744456294,2.992764028,2.992764028,3.4089927,0.293095629,11.86430507,2.357919491,109.584208513,193.293721248,2.495507337,10.52660803,84.891857032,0.56598534,0.330003402,0.139765454,40.9442369701667,11.9742166589167,2.281767165,6.593458499,2.454680523,0,0,0,0,504.837523812917,148.308889620149,0,653.146413433066
2023-03-01,2023,"Q1","2022/23","Q3","March",38.006705151,7.815497012,7.815497012,0.11509576,0.197313352,18.972172996,3.362106266,22.794034091,77.773458372,11.524406927,-0.796093477,250.820661239,0.02158945,0.246554827,0.143759405,39.3459148731667,27.9836225869167,1.069751927,11.394045038,3.047581825,0,0,0,0,222.563392009917,148.308889620149,0,370.872281630066
2023-04-01,2023,"Q2","2022/23","Q4","April",30.341134106,1.830381973,1.830381973,0.144425433,0.125231862,7.330118712,13.848669544,27.71691099,80.868028517,7.458843783,0.296635802,40.138914865,0,0.472900311,0.111516377,542.754763581167,20.0604694509167,1.559817786,0.367390679,10.169406585,0,0,0,0,702.853924844917,128.488512579333,0,831.34243742425
2023-05-01,2023,"Q2","2022/23","Q4","May",57.327279477,6.259695771,6.259695771,1.244661497,2.255869466,25.491701011,17.228080435,87.305730931,397.517523625,0.37136742,2.528679089,128.782719972,0.03135107,1.758666359,0.031792838,85.8481632001667,54.6549212429167,2.542654116,11.875770108,-9.797312539,0,0,0,0,734.787958901917,128.488512579333,0,863.27647148125
2023-06-01,2023,"Q2","2022/23","Q4","June",123.24293296,16.749478472,16.749478472,35.756984083,2.393651738,41.92249059,15.176532989,46.60545862,289.042455638,1.145864151,3.475938022,242.797760175,74.326365178,4.583478926,2.819960077,337.039243039167,63.3834038689167,12.176692806,14.75011119,51.150580185,0,0,0,0,918.663252802917,128.488512579333,0,1047.15176538225
2023-07-01,2023,"Q3","2023/24","Q1","July",0,0,0,0,0,-0.00039422,0,0,79.0523978746667,0,0,0.080545597,0,0,0,0.887755,4.80054742666667,39.4141644688889,0,0,0,0,0,0,70.1670100116667,54.0680061355556,0,124.235016147222
2023-08-01,2023,"Q3","2023/24","Q1","August",0.86812684,0,0,0,0,0.469957794,0.000406,16.253166079,49.1485989816667,0.013302982,0,3.160151821,0,0.002946605,0.052058,13.205332516,9.26670795966667,39.4463936228889,0,0,0,0,0,0,77.8191430656667,54.0680061355556,0,131.887149201222
2023-09-01,2023,"Q3","2023/24","Q1","September",31.324185818,0.903059533,0.903059533,0.01888,-0.038878981,0.579969743,0.094747923,10.186493171,59.6651214166667,0,0.009350872,2.492143594,0.030077906,0.003301815,0.03666845,2.302418139,22.4770642126667,39.4685220258889,0.088878492,0.315399537,0,0,0,0,116.325070620667,54.0680061355556,0,170.393076756222
2023-10-01,2023,"Q4","2023/24","Q2","October",84.1481121981705,0.245940323,0.245940323,5,7.780370497,17.7989136907182,0.412249348,38.866997187,338.002349178833,0.302654438,0.049,171.612893407017,0,0.01970837,0,873.057923408,12.2107911416667,78.2648679997046,3.02163044,0,0,0,0,0,1355.43638848067,199.246225452444,0,1554.68261393311
2023-11-01,2023,"Q4","2023/24","Q2","November",51.9891103151705,3.001677792,3.001677792,0,5.385501467,24.9687064997182,2.005650968,121.182824227,275.228245356833,0.434047878,0.0045,153.325775568017,0.0079,0.96554784,0.174796954,59.47193753,11.9126160126667,78.5320417957046,5.859024481,3.81030396,0,0,0,0,582.025386056667,199.246225452444,0,781.27161150911
2023-12-01,2023,"Q4","2023/24","Q2","December",61.3378276091705,3.561087935,3.561087935,0.046262,1.705339224,13.8318994647182,2.252199458,15.048414656,95.5011487138333,0.19378,0.538347719,120.380921808017,0,0.0801985,0.203755133,221.589836186,19.0200151246667,81.5049119307046,8.250087953,1.542304419,0,0,0,0,448.433388689667,199.246225452444,0,647.67961414211
2024-01-01,2024,"Q1","2023/24","Q3","January",31.26750899829,12.850824122,12.850824122,0,2.241751399,3.79075172272064,0.120511006,35.583109666,14.2221696549057,0.049819188,0,72.0985293787801,12.384226944,0.3045391,0.0240275,43.4893892496667,14.5989197306667,35.4770078616655,6.180289723,8.67491287,0,0,0,0,178.896146981333,114.993853143362,0,293.890000124695
2024-02-01,2024,"Q1","2023/24","Q3","February",28.64883020929,0.082439114,0.082439114,0.003241655,0.45711467,2.45579369272064,0.405088069,30.435948174,157.560910241906,0.002051188,0.018997,78.0564245827801,0.60155811,1.884033671,0.118918812,13.5681371416667,137.833987565667,36.1380480676655,0.640812943,1.892394752,0,0,0,0,376.271878009333,114.993853143362,0,491.265731152695
2024-03-01,2024,"Q1","2023/24","Q3","March",32.46468476929,1.242097114,1.242097114,0.001451685,3.248050655,9.10611065072064,0.410383922,30.64499776,50.1679265199057,0.280493399,0.155406903,114.56525157978,43.837584577,2.397510205,0.090978682,17.1857915746667,19.3277385336667,35.4433329366655,0.964601555,0.093863999,0,0,0,0,203.083697517333,114.993853143362,0,318.077550660695
2024-04-01,2024,"Q2","2023/24","Q4","April",22.685132121,3.718131901,3.718131901,0.000841635,0.338475049,28.535405451,0.177976385,15.117324896,34.5653316769404,0.134764999,1.66456223,17.670205184,0.0099,0.240683545,0.05333518,616.433803873667,18.6961514726667,0.224372063,17.590679308,2.543271238,0,0,0,0,763.848477530333,16.7288876779404,0,780.577365208274
2024-05-01,2024,"Q2","2023/24","Q4","May",67.728683504,20.745734227,20.745734227,0,4.375006337,22.104824784,0.057359938,100.72410975,375.26414876794,0.192500006,0.383119855,123.565507354,5.241934582,0.707327949,0.1147758,55.0847735066667,36.8415833836667,2.283722906,4.474319015,4.996642779,0,0,0,0,809.257291976333,16.7288876779404,0,825.986179654274
2024-06-01,2024,"Q2","2023/24","Q4","June",79.853257036,12.82423607,12.82423607,3.355647688,20.237913601,25.437168574,5.020700763,17.664698049,191.28627425194,1.710229363,3.361578197,269.858642205,2.180543611,6.477196107,1.740833526,283.462561359667,82.9587584306667,3.707731057,2.595374263,2.140881113,0,0,0,0,970.235816515333,16.7288876779404,0,986.964704193274
2024-07-01,2024,"Q3","2024/25","Q1","July",15.7007454874442,0,0,0,0.172454473042583,0,0.110230442772326,0.0327258,23.795695491178,0,0,87.9758385059753,0,0,0,4.63056966666667,6.49102159866667,38.8741447728454,-5.4237e-05,0,0,0,0,0,13.6658874273333,164.117484574258,0,177.783372001591
2024-08-01,2024,"Q3","2024/25","Q1","August",16.5753955984442,0,0,0,0.169814473042583,0.65329104,0.113884045772326,0.738088334,229.895033828178,0,0,89.6716067029753,0,0.491458274,0,4.82807072166667,14.7321097786667,38.9637037728454,0,0,0,0,0,0,232.714971995333,164.117484574258,0,396.832456569591
2024-09-01,2024,"Q3","2024/25","Q1","September",26.6765030934442,0.776452827,0.776452827,0,0.157528012042583,3.58783772,0.153256932772326,0.07072105,35.869361782178,0,0,95.0676053429753,0.014739568,1.539663974,0.0661605,8.21419378266667,8.63561051566667,38.8933852728454,0.054315126,1.83786142,0,0,0,0,47.5030395943333,164.117484574258,0,211.620524168591
2024-10-01,2024,"Q4","2024/25","Q2","October",43.6151676392265,2.853546831,2.853546831,0,3.618156014,0.991332589333333,0.0840994742222233,14.077584519,124.587978469111,0,0,75.3611435694153,0,0.2397555,0.072301,429.352412519667,16.4509039406667,39.1114355983265,0,7.84107248,0,0,0,0,606.007870934333,152.262581076635,0,758.270452010968
2024-11-01,2024,"Q4","2024/25","Q2","November",63.0950829602265,3.329280394,3.329280394,0,0.314703066,11.2640359483333,0.232222222222223,27.30847891,135.805393531111,0,0.045,125.572904058415,0,0.581563809,0.0297825,42.6029243626667,22.0025465986667,39.5921786263265,2.74646986,0.383214204,0,0,0,0,324.203057237333,152.262581076635,0,476.465638313968
2024-12-01,2024,"Q4","2024/25","Q2","December",44.5990901942265,6.082780068,6.082780068,0,1.151481218,3.70529235833333,0.278681702222223,6.446926858,178.813461870111,0.024013541,0.03,127.952663128415,0.92826,0.628314231,0.057468,58.1382678746667,19.3286334966667,38.7980477623265,1.094789713,7.710038402,0,0,0,0,323.484810079333,152.262581076635,0,475.747391155968
2025-01-01,2025,"Q1","2024/25","Q3","January",31.8835407372247,1.570391881,1.570391881,0.04,0.440776162,20.3330619484101,0.76767834622222,13.254893303,25.0181245474445,0.019186459,0,50.6860394146732,0,0.082832613,0.1371145,420.849429231833,20.6131241376667,31.204798406771,1.711696197,0.740045592,0,0,0,0,518.6526356325,100.955650688746,0,619.608286321246
2025-02-01,2025,"Q1","2024/25","Q3","February",30.2066628152247,0.954884925,0.954884925,1.158781426,6.05792519,16.1279017204101,0.19454319322222,3.907769597,74.4944043654445,0.439023412,0.042371576,154.616804427673,0,0.220284403,0.0754515,40.7460287958333,14.0646348496667,31.106769949771,0.831225833,0.404757273,0,0,0,0,275.5235347345,100.955650688746,0,376.479185423246
2025-03-01,2025,"Q1","2024/25","Q3","March",178.804421833225,3.870459292,3.870459292,0.015419551,3.682867806,18.2358228484101,0.25472193322222,7.062263819,35.3668615674445,0.680833898,0.124409,55.0698605826732,0.016756,0.569838117,0.106815876,61.1770155078333,18.9828104266667,31.176945414771,1.719236215,3.643939508,0,0,0,0,319.7899577715,100.955650688746,0,420.745608460246
2025-04-01,2025,"Q2","2024/25","Q4","April",10.28223906,4.378292514,4.378292514,0.001256517,1.784949954,7.54728957,0.208549268,16.767461617,378.996163181667,0.369344048,0.016650026,130.144834625334,0.346426,0.398606697,0.16071211,586.813915010833,15.9118124856667,0.18169079,0.623874113,4.166818193,0,0,0,0,1143.8986436625,15.7750000000005,0,1159.6736436625
2025-05-01,2025,"Q2","2024/25","Q4","May",198.101983205,5.291106591,5.291106591,0.047404017,1.903829243,17.749768462,0.191699849,38.180742015,598.594961282667,0.852822331,0.062598477,100.982533842334,0.352810155,0.822701927,0.14730934,75.5696406628333,28.4564450486667,0.678579247,3.37419014,3.325979932,0,0,0,0,1060.8375197645,15.7750000000005,0,1076.6125197645
2025-06-01,2025,"Q2","2024/25","Q4","June",85.416337608,12.618926517,12.618926517,4.516636574,20.275569452,20.052968145,7.913611732,25.806620053,420.892126643667,7.583807101,0.260057902,157.793964989334,4.242455037,5.611733718,1.209002057,707.142901105833,80.0952051866667,37.129828117,53.418116786,16.090470028,0,0,0,0,1651.9939718135,15.7750000000005,0,1667.7689718135
2025-07-01,2025,"Q3","2025/26","Q1","July",6.78343639316967,0,0,0,0,0,0,19.501,23.3820059166667,0,0,22.425748623,0,0,0,290.868147549667,6.70051031,6.548407,0,0,0,0,0,0,343.952086066,27.8347530598363,0,371.786839125836
2025-08-01,2025,"Q3","2025/26","Q1","August",34.6552164211697,0,0,0.01093296,0,1.052958298,8.121818572,0.091579758,27.1515601496667,0.334,11.31482718,68.542188708,0,0,0,220.505905852667,40.638673587,6.432996,0,0,0,0,0,0,386.641986637,27.8347530598363,0,414.476739696836
2025-09-01,2025,"Q3","2025/26","Q1","September",9.53039853316967,0,0,0.005235459,0,0.052497619,36.384523888,0.055012048,51.2715436996667,0,-0.15207173,186.47337919,0,0,0,204.505767766667,38.803730579,6.7173515,0,1.473724605,0,0,0,0,510.884706928,27.8347530598363,0,538.719459987836
2025-10-01,2025,"Q4","2025/26","Q2","October",1.775868226,0,0,0,0.093704757,1.485329406,0.131666666666667,53.230186583,33.2421796088333,0.30042971,0.110518519,244.306203426368,0.0122955,0.066745,0,293.928810074667,15.097072347,36.1766979060743,0.03178,1.066074113,0,0,0,0,579.691297273,98.0951136219423,0,677.786410894942
2025-11-01,2025,"Q4","2025/26","Q2","November",37.033088902,0,0,0.005265459,1.253593298,14.79742994,63.8193042486667,11.902258747,392.387437764833,127.047030906,0.285930232,110.661406830368,0.916392067,0.161763395,0,196.915840449667,33.59978543,36.7061478340743,15.680426061,2.915139944,0,0,0,0,947.933331012,98.0951136219423,0,1046.02844463394
2025-12-01,2025,"Q4","2025/26","Q2","December",49.788649099,0,0,0.010321059,4.541126038,7.354549789,39.6449149986667,9.133916056,271.504621890833,1.831027492,0.164238044,75.702829660368,0.064980784,2.415833384,0,196.616014761667,32.787731906,36.5862803060743,3.013627731,0.209214131,0,0,0,0,632.116833121,98.0951136219423,0,730.211946742942
2026-01-01,2026,"Q1","2025/26","Q3","January",25.616817001585,0,0,0.005017959,1.184606666,8.49459886097417,1.13424663866667,24.9661381,265.02145441425,1.2090597,0.210005097,65.3331839400433,0,0.037167,0,,13.993989838,45.8306802366559,0.692408827,0.294174131,0,0,0,0,664.515494791,90.077951641175,0,754.593446432175
2026-02-01,2026,"Q1","2025/26","Q3","February",11.886015423585,0,0,0.005506831,0.982664205,7.87769794997417,29.6530098256667,18.28384162,184.34194227625,1.582929094,0.066221021,71.9121167890433,0.013091298,1.532540968,0,,22.243355805,46.7031108186559,3.365289574,2.307072395,0,0,0,0,537.676300465,90.077951641175,0,627.754252106175
