"Date","Year","Quarter","FY","QFY","Month","GFDD_AI_01","GFDD_AI_02","GFDD_AI_03","GFDD_AI_04","GFDD_AI_05","GFDD_AI_06","GFDD_AI_07","GFDD_AI_08","GFDD_AI_10","GFDD_AI_11","GFDD_AI_12","GFDD_AI_13","GFDD_AI_14","GFDD_AI_15","GFDD_AI_17","GFDD_AI_18","GFDD_AI_20","GFDD_AI_21","GFDD_AI_22","GFDD_AI_23","GFDD_AI_24","GFDD_AI_25","GFDD_AI_26","GFDD_AI_27","GFDD_AI_28","GFDD_AI_29","GFDD_AI_30","GFDD_AI_31","GFDD_AI_32","GFDD_AI_34","GFDD_AI_35","GFDD_AI_36","GFDD_DI_01","GFDD_DI_02","GFDD_DI_03","GFDD_DI_04","GFDD_DI_05","GFDD_DI_06","GFDD_DI_07","GFDD_DI_08","GFDD_DI_09","GFDD_DI_10","GFDD_DI_11","GFDD_DI_12","GFDD_DI_13","GFDD_DI_14","GFDD_DM_08","GFDD_DM_09","GFDD_DM_10","GFDD_DM_11","GFDD_DM_12","GFDD_DM_16","GFDD_EI_01","GFDD_EI_02","GFDD_EI_03","GFDD_EI_04","GFDD_EI_05","GFDD_EI_06","GFDD_EI_07","GFDD_EI_08","GFDD_EI_09","GFDD_EI_10","GFDD_OI_01","GFDD_OI_02","GFDD_OI_06","GFDD_OI_07","GFDD_OI_10","GFDD_OI_11","GFDD_OI_12","GFDD_OI_13","GFDD_OI_14","GFDD_OI_15","GFDD_OI_16","GFDD_OI_16A","GFDD_OI_19","GFDD_OI_20A","GFDD_SI_01","GFDD_SI_02","GFDD_SI_03","GFDD_SI_04","GFDD_SI_05","GFDD_SI_06","GFDD_SI_07"
1960-01-01,1960,"Q1","1959/60","Q3","January",,,,,,,,,,,,,,,,,,,,,,,,,,,,,,,,,6.4676,6.864081,,,,,,6.294139,,,,6.4676,,,,,,,,,,,,,,,,,,,,6.294139,,,,,,,,,,,,,,,,102.7559,,,
1961-01-01,1961,"Q1","1960/61","Q3","January",,,,,,,,,,,,,,,,,,,,,,,,,,,,,,,,,6.410043,7.074789,,,,,,6.766157,,,,6.410043,,,,,,,,,,,,,,,,,,,,6.766157,,,,,,,,,,,,,,,,94.73685,,,
1962-01-01,1962,"Q1","1961/62","Q3","January",,,,,,,,,,,,,,,,,,,,,,,,,,,,,,,,,7.423697,8.264115,,,,,,6.840073,,,,7.423697,,,,,,,,,,,,,,,,,,,,6.840073,,,,,,,,,,,,,,,,108.5324,,,
1963-01-01,1963,"Q1","1962/63","Q3","January",,,,,,,,,,,,,,,,,,,,,,,,,,,,,,,,,7.087662,9.605914,,,,,,6.742417,,,,7.087662,,,,,,,,,,,,,,,,,,,,6.742417,,,,,,,,,,,,,,,,105.1205,,,
1964-01-01,1964,"Q1","1963/64","Q3","January",,,,,,,,,,,,,,,,,,,,,,,,,,,,,,,,,7.65179,11.47768,,,,,,6.939996,,,,7.65179,,,,,,,,,,,,,,,,,,,,6.939996,,,,,,,,,,,,,,,,110.2564,,,
1965-01-01,1965,"Q1","1964/65","Q3","January",,,,,,,,,,,,,,,,,,,,,,,,,,,,,,,,,7.993036,11.79171,,,,,,7.565685,,,,7.993036,,,,,,,,,,,,,,,,,,,,7.565685,,,,,,,,,,,,,,,,105.6485,,,
1966-01-01,1966,"Q1","1965/66","Q3","January",,,,,,,,,,,,,,,,,,,,,,,,,,,,,,,,,8.81997,9.531013,,76.73569,15.27988,2.889561,,10.03026,,,,8.81997,,,,,,,,,,,,,,,,,,,,10.03026,,941.9841,,,,,,,,,,,,,,87.93364,,,
1967-01-01,1967,"Q1","1966/67","Q3","January",,,,,,,,,,,,,,,,,,,,,,,,,,,,,,,,,8.690114,9.119988,,73.08897,15.09046,3.357939,,9.77855,,,,8.690114,,,,,,,,,,,,,,,,,,,,9.77855,,943.7048,,,,,,,,,,,,,,88.86915,,,
1968-01-01,1968,"Q1","1967/68","Q3","January",,,,,,,,,,,,,,,,,,,,,,,,,,,,,,,,,9.029609,10.62961,,79.45235,16.88398,2.748988,,11.1026,,,,9.029609,,,,,,,,,,,,,,,,,,,,11.1026,,1081.391,,,,,,,,,,,,,,81.32874,,,
1969-01-01,1969,"Q1","1968/69","Q3","January",,,,,,,,,,,,,,,,,,,,,,,,,,,,,,,,,9.907344,12.12092,,80.74917,16.72577,2.889661,,10.52354,,,,9.907344,,,,,,,,,,,,,,,,,,,,10.52354,,1136.301,,,,,,,,,,,,,,94.14458,,,
1970-01-01,1970,"Q1","1969/70","Q3","January",,,,,,,,,,,,,,,,,,,,,,,,,,,,,,,,,9.440291,12.37708,,73.72334,18.55396,4.41147,,11.99511,,,,9.440291,,,,,,,,,,,,,,,,,,,,11.99511,,1286.973,,,,,,,,,0,,,,,78.70117,,,
1971-01-01,1971,"Q1","1970/71","Q3","January",,,,,,,,,,,,,,,,,,,,,,,,,,,,,,,,,8.633804,11.43732,,60.5259,16.29952,7.459251,,10.43762,,,,8.633804,,,,,,,,,,,,,,,,,,,,10.43762,,1231.857,,,,,,,,,0,,,,,82.71815,,,
1972-01-01,1972,"Q1","1971/72","Q3","January",,,,,,,,,,,,,,,,,,,,,,,,,,,,,,,,,8.816901,15.20188,,65.43529,19.96526,8.030047,,14.18404,,,,8.816901,,,,,,,,,,,,,,,,,,,,14.18404,,1535.16,,,,,,,,,0,,,,,62.16073,,,
1973-01-01,1973,"Q1","1972/73","Q3","January",,,,,,,,,,,,,,,,,,,,,,,,,,,,,,,,,9.43567,18.40079,,63.27402,23.6336,10.68032,,17.08621,,,,9.43567,,,,,,,,,,,,,,,,,,,,17.08621,,1975.278,,,,,,,,,0,,,,,55.22388,,,
1974-01-01,1974,"Q1","1973/74","Q3","January",,,,,,,,,,,,,,,,,,,,,,,,,,,,,,,,,10.08015,20.10596,,63.11032,26.12824,11.75248,,18.71077,,,,10.08015,,,,,,,,,,,,,,,,,,,,18.71077,,2273.909,,,,,,,,,0,,,,,53.87352,,,
1975-01-01,1975,"Q1","1974/75","Q3","January",,,,,,,,,,,,,,,,,,,,,,,,,,,,,,,,,7.670936,13.5906,,54.4465,21.94387,11.37079,,15.50574,,,,7.670936,,,,,,,,,,,,,,,,,,,,15.50574,,2229.088,,,,,,,,,0,,,,,49.47157,,,
1976-01-01,1976,"Q1","1975/76","Q3","January",,,,,,,,,,,,,,,,,,,,,,,,,,,,,,,,,7.073918,14.41017,,51.96033,25.27357,13.32285,,16.26282,,,,7.073918,,,,,,,,,,,,,,,,,,,,16.26282,,2801.653,,,,,,,,,0,,,,,43.49749,,,
1977-01-01,1977,"Q1","1976/77","Q3","January",,,,,,,,,,,,,,,,,,,,,,,,,,,,,,,,,4.638422,8.953526,,52.9448,14.79227,7.957532,,9.004807,,,,4.638422,,,,,,,,,,,,,,,,,,,,9.004807,,3276.492,,,,,,,,,0,,,,,51.5105,,,
1978-01-01,1978,"Q1","1977/78","Q3","January",,,,,,,,,,,,,,,,,,,,,,,,,,,,,,,,,4.48712,8.966516,,47.17541,16.65325,10.04024,,10.3097,,,,4.48712,,,,,,,,,,,,,,,,,,,,10.3097,,4046.147,,,,,,,,,0,,,,,43.52326,,,
1979-01-01,1979,"Q1","1978/79","Q3","January",,,,,,,,,,,,,,,,,,,,,,,,,,,,,,,,,3.091712,6.439616,,42.67425,15.92642,8.650554,,9.127056,,,,3.091712,,,,,,,,,,,,,,,,,,,,9.127056,,5314.171,,,,,,,,,0,,,,,33.87415,,,
1980-01-01,1980,"Q1","1979/80","Q3","January",,,,,,,,,,,,,,,,,,,,,,,,,,,,,,,,,3.935369,6.751914,,39.66858,14.76021,10.2689,,8.926732,,,,3.935369,,,,,,,,,,,,,,,,1.56098,,,,8.926732,,6164.586,,,,,,,,,0,,,,,44.08522,,,
1981-01-01,1981,"Q1","1980/81","Q3","January",,,,,,,,,,,,,,,,,,,,,,,,,,,,,,,,,4.0083,7.645293,,46.64635,12.77283,8.744614,,8.525313,,,,4.0083,,,,,,,,,,,,,,,,2.675401,,,,8.525313,,935.4749,,,,,,,,,0,,,,,47.01646,,,
1982-01-01,1982,"Q1","1981/82","Q3","January",,,,,,,,,,,,,,,,,,,,,,,,,,,,,,,,,2.962457,6.028473,,44.1986,8.745671,7.611038,,5.798416,,,,2.962457,,,,,,,,,,,,,,,,2.268249,,,,5.798416,,808.2813,,,,,,,,,0,,,,,51.09081,,,
1983-01-01,1983,"Q1","1982/83","Q3","January",,,,,,,,,,,,,,,,,,,,,,,,,,,,,,,,,3.185702,4.770883,,15.28188,7.935545,26.44834,,5.120473,,,,3.185702,,,,,,,,,,,,,,,,1.230693,,,,5.120473,,480.8269,,,,,2.231811,,,,0,,,,,62.21498,,,
1984-01-01,1984,"Q1","1983/84","Q3","January",,,,,,,,,,,,,,,,,,,,,,,,,,,,,,,,,2.645613,4.433719,,11.05342,13.39519,35.67802,,7.58927,,,,2.645613,,,,,,,,,,1.916667,,,,,,0.8816496,,,,7.58927,,449.9052,,,,,2.489181,,,,0,,,,,34.85992,,,
1985-01-01,1985,"Q1","1984/85","Q3","January",,,,,,,,,,,,,,,,,,,,,,,,,,,,,,,,,3.403289,5.942225,,13.3823,14.29908,38.46138,,8.423059,,,,3.403289,,,,,,,,,,4,,,,,,1.314356,,,,8.423059,,366.1399,,,,,1.306942,,,,0,,,,,40.40443,,,
1986-01-01,1986,"Q1","1985/86","Q3","January",,,,,,,,,,,,,,,,,,,,,,,,,,,,,,,,,2.901747,7.003604,,27.1965,16.47338,18.74825,,8.232365,,,,2.901747,,,,,,,,,,10,,,,,,2.375568,,,,8.232365,,993.8779,,,,,3.823378,,,,0,,,,,35.24804,,,
1987-01-01,1987,"Q1","1986/87","Q3","January",,,,,,,,,,,,,,,,,,,,,,,,,,,,,,,,,2.810155,5.601017,,,14.28921,,,7.620065,,,,2.810155,,,,,,,,,,14.66667,,,,,,1.611865,,,,7.620065,,562.67,,,,,0.9410622,,,,0,,,,,36.87836,,,
1988-01-01,1988,"Q1","1987/88","Q3","January",,,,,,,,,,,,,,,,,,,,,,,,,,,,,,,,,2.782433,3.98939,,,9.906899,,,4.909818,,,,2.782433,,,,,,,,,,13.5,,,,,,0.69717,,,,4.909818,,426.5073,,,,,1.044718,,,,0,,,,,56.6708,,,
1989-01-01,1989,"Q1","1988/89","Q3","January",,,,,,,,,,,,,,,,,,,,,,,,,,,,,,,,,3.311257,4.068358,,,7.287787,,,4.620583,,,,3.311257,,,,,,,,,,7.833334,,,,,,0.4372943,,,,4.620583,,306.3831,,,,,1.459306,,,,0,,,,,71.66319,,,
1990-01-01,1990,"Q1","1989/90","Q3","January",,,,,,,,,,,,,,,,,,,,,,,,,,,,,,,,,3.588145,4.668322,,,7.5966,,,4.874428,,,,3.588145,,,,,,,,,,7.416666,,,,,,0.6239477,,,,4.874428,,317.0346,,,,,1.951492,,,,0,,,,,73.61161,,,
1991-01-01,1991,"Q1","1990/91","Q3","January",,,,,,,,,,,,,,,,,,,,,,,,,,,,,,,,,3.528531,4.889919,,,8.66137,,,5.98157,,0.2014163,,3.528531,,,,,,,,,,3.25,,,,,,0.870876,,,,5.98157,,275.3283,,,,,1.083773,,,,0,,,,,58.99004,,,
1992-01-01,1992,"Q1","1991/92","Q3","January",,,,,,,,,,,,,,,,,,,,,,,,,,,,,,,,,3.827401,5.06779,,14.48839,9.611756,29.91049,,6.030097,,0.1901183,,3.827401,,,,,,,,,,3.277778,,,,,,0.8239849,,,,6.030097,,334.8846,,,,,2.134765,,,,0,,,,,63.47164,,,
1993-01-01,1993,"Q1","1992/93","Q3","January",,,,,,,,,,,,,,,,,,,,,,,,,,,,,,,,,4.313393,5.522727,,20.75364,10.7195,21.08815,,7.2925,,0.1660779,,4.313393,,,,,,,,,,,,,,,,0.9085001,,,,7.2925,,551.8664,,,,,1.769945,,,,0,,,,,59.14834,,,
1994-01-01,1994,"Q1","1993/94","Q3","January",,,,,,,,,,,,,,,,,,,,,,,,,,,,,,,,,4.333621,6.286991,,21.88011,12.80453,22.44683,,8.792914,,0.1785291,,4.333621,,,,,,,,,,10.76972,,,,,,1.406397,,,,8.792914,,890.1191,,,,,1.904557,,,,1,,,,,49.28537,,,
1995-01-01,1995,"Q1","1994/95","Q3","January",,,,,,,,,,,,,,,,,,,,,,,,,,,,,,,,,4.579786,6.412665,,22.62073,11.96101,21.93596,,8.150677,,0.2035243,,4.579786,,,,,,,,,,12.55417,,,,,,1.358636,,,,8.150677,,908.1174,68.84965,61.60232,130.452,,1.285655,47,,,0,,,,,56.18903,,,
1996-01-01,1996,"Q1","1995/96","Q3","January",,,,,,,,,,,,,,,,,,,,,,,,,,,,,,,,,5.278933,7.427236,,26.63007,12.51547,20.46318,,8.904053,0.0466768,0.3263487,,5.278933,,,,,,,,,,9.675834,,,,,,1.630148,,,,8.904053,,1028.438,55.92581,56.66901,112.5948,,1.406217,53,,,0,,,,,59.28686,,,
1997-01-01,1997,"Q1","1996/97","Q3","January",,,,,,,,,,,,,,,,,,,,,,,,,,,,,,,,,4.823475,8.569159,,29.26695,13.79348,20.71014,,10.16859,0.0349702,0.3163974,,4.823475,,,,,,,,,,9.530833,,,,,,2.728923,,,,10.16859,,1090.517,59.92129,47.99978,107.9211,,1.547214,56,,,0,,,,,47.43503,,,
1998-01-01,1998,"Q1","1997/98","Q3","January",,,,,,,,,,,,,,,,,,,,,,,,,,,,,,,,,5.611757,9.08357,,29.83563,14.85896,21.3618,,11.08257,0.0359644,0.2903883,,5.611757,,,,,,,,,,9.506,,,,,,2.574652,,,,11.08257,,1103.878,78.10717,43.71261,121.8198,,2.110917,60,,,0,,,20.200001,,50.63589,11,,54.200001
1999-01-01,1999,"Q1","1998/99","Q3","January",,,,,,,,,,,,,,,,,,,,,,,,,,,,,,,,,6.020243,10.40399,,31.68987,15.63354,22.42667,,11.5854,0.0237771,0.2771439,,6.020243,,,,,,,,,,12.82167,,,,,,3.14731,,,,11.5854,,1104.574,86.62402,38.70741,125.3314,3.8776,4.717796,67,,,0,,,11.9,7,51.96407,13.6,,51.900002
2000-01-01,2000,"Q1","1999/00","Q3","January",,,,,,,,,,,,,,,,,,,,,,,,,,,,,,,,,5.674231,11.23412,,34.83468,16.11554,21.0157,,12.24715,0.0337797,0.2730743,,5.674231,,,0.0032059,,,,0.4843986,,13.35001,13.08038,16.61657,6.776048,5.513471,63.79797,48.03748,4.08197,6.658578,77.11741,65.81704,12.24715,81.40575,1076.001,97.42962,31.90523,129.3349,3.84451,5.63517,67,,,0,,10.50185,9.8000002,9.8000002,46.33103,20.5,50.49936,61.700001
2001-01-01,2001,"Q1","2000/01","Q3","January",,,,,,,,,,,,,,,,,,,,,,,,,,,,,,,,,6.622317,12.40342,,50.20002,16.09141,12.30458,,12.27034,0.0303768,0.3129579,,6.622317,,,0.0031737,,,,,,12.75677,14.18667,13.27931,6.25172,5.309244,54.18172,49.01701,4.327327,6.36698,65.06995,61.40409,12.27034,79.44109,1189.727,94.04875,39.48931,133.5381,5.96823,7.105552,67,,,0,,12.17215,6.5,10,53.97012,23.1,56.44057,70
2002-01-01,2002,"Q1","2001/02","Q3","January",,,,,,,,,,,,,,,,,,,,,,,,,,,,,,,,,7.702312,15.77086,,51.72598,19.03213,14.71838,,14.72784,0.0243316,0.3296041,,7.702312,,,0.0078831,,,,,,9.629051,13.53229,12.20086,5.518803,1.95262,20.12953,56.98863,5.775466,2.767814,28.53335,69.1153,14.72784,82.98941,1349.364,72.42005,31.75933,104.1794,7.15102,5.891337,71,,,0,,7.896344,3,9.6000004,52.29764,20.700001,61.88647,81.5
2003-01-01,2003,"Q1","2002/03","Q3","January",,,,,,,,,,,,,,,,,,,,,,,,,,,,,,,,,8.270665,15.4852,,56.74623,19.55399,11.80331,,15.16428,0.0287691,0.349355,,8.270665,,,0.0076126,,0.1855992,,,,12.16932,9.092978,11.40575,6.532049,3.211707,37.87384,52.84829,5.2399,4.761963,56.15512,69.00088,15.16428,81.61266,1495.197,69.46894,37.5292,106.9981,4.52233,9.338743,71,,,0,,8.568043,7.1999998,8.6000004,54.54044,16.9,68.90477,76.5
2004-01-01,2004,"Q1","2003/04","Q3","January",90.842861,1.1498016,,,,,,,,,,,,,,,,,,,,1.1275474,,,,,,,,,,,7.612958,13.87613,,55.47134,17.22849,11.13882,,13.39696,0.0255818,0.3894015,0.78024813,7.612958,,,0.2292437,,0.0412095,,,,13.05006,12.86267,12.73969,7.429517,4.178425,49.02864,54.9471,4.944186,5.91632,69.4207,67.29408,13.39696,80.40201,1753.332,61.86247,31.58935,93.45181,3.91124,6.914804,71,,,0,,9.551626,2.2,10.3,56.82603,20.5,66.05434,97.800003
2005-01-01,2005,"Q1","2004/05","Q3","January",100.71185,1.2056512,,,,,,,,,,,,,,,,,,,,1.578829,,,,,,,,,,,8.471881,14.64535,,58.93157,19.32292,10.2061,,14.89805,0.0233536,0.3831267,0.85519896,8.471881,,,0.1977695,,0.0651982,,,,12.34152,10.85287,10.25974,7.000782,3.41583,36.51443,56.87442,4.46611,4.811722,51.43619,62.98553,14.89805,76.47226,1901.158,39.95745,22.59412,62.55157,3.48307,6.526524,71,89,,0,,9.959654,2.3,11.7,56.86569,18.299999,48.71935,66.800003
2006-01-01,2006,"Q1","2005/06","Q3","January",115.9706,1.2155964,17.2,15.4,,,,,,,,,,,,,,,,,,1.8546527,,85.8,7.7,14,88.4,173,28.6,12.7,4.4,47.8,9.970343,15.71997,,63.79544,19.91416,8.92124,0.36842657,15.04926,0.0225155,0.3150043,0.77885377,9.970343,,,0.3108808,,0.0556967,,,,12.3898,9.611969,10.05221,6.914679,3.436316,32.97218,56.68106,4.060334,4.551115,43.66892,66.06633,15.04926,79.95459,2261.657,73.12386,17.71489,90.83875,4.11921,6.284046,79,95,,0,,10.55228,2.9000001,11.9,66.2514,17.9,46.40556,41.400002
2007-01-01,2007,"Q1","2006/07","Q3","January",113.09083,1.4108397,,,,,,,,,,,,,,,,,,,,2.1565692,,,,,,,,,,,10.09833,16.81508,,61.21346,20.87545,10.6545,0.50030081,16.05008,0.0373458,0.3546134,0.83225914,10.09833,,,0.3995931,,0.4472174,,9.271111,,11.74266,9.843695,23.2668,7.378807,3.641559,33.03674,55.25591,4.714905,4.705686,42.69065,62.20675,16.05008,79.4446,2719.146,76.73903,14.81388,91.55291,3.7939,9.082077,79,95,,0,,11.02806,4.0999999,12.4,62.91766,19.299999,36.21532,52.5
2008-01-01,2008,"Q1","2007/08","Q3","January",156.68766,2.0844718,,,,,,,,,,,,,,,,,,,,2.629941,,,,,,,,,,,19.29062,28.15942,,64.20709,33.04828,15.69776,0.5340861,25.88237,0.0409475,0.3587588,0.8204165,19.29062,,,0.1676268,0.0538114,0.4073452,,,,9.007488,9.77953,38.88423,7.54231,3.337678,26.41482,60.74501,4.025487,4.256546,33.68686,56.30782,25.88237,73.42241,3094.671,39.5182,6.902977,46.42118,5.01039,6.897314,76,86,,0,,12.84626,2.2,15.2,74.53191,20.700001,29.18413,78
2009-01-01,2009,"Q1","2008/09","Q3","January",175.43203,2.4152483,,,,,,,,,,,,,,,,,,,,3.3625275,,,,,,,,,,,9.559518,14.10712,,66.74146,16.33623,7.029846,0.25128708,13.14057,0.0417729,0.3361746,0.73389148,9.559518,,,0.6350594,0.0499931,0.1734866,,1.393635,,10.49711,11.20266,36.80272,8.315799,3.546608,23.96153,59.41595,3.865965,4.500492,30.40614,56.53402,13.14057,72.17059,3631.803,44.18618,10.0547,54.24088,3.1085,3.665082,83,89,,0,,14.14878,4.1999998,15.8,72.74811,20.9,23.78154,57.200001
2010-01-01,2010,"Q1","2009/10","Q3","January",194.33924,2.5199378,,,,,,,,,,,,,,,,,,,,3.6284681,,,,,,,,,,,10.09286,14.84908,,65.03326,17.42179,7.983971,0.6121158,14.11487,0.0439984,0.3636555,0.75871497,10.09286,,,0.4186799,0.0488769,0.0658204,,8.394117,,8.607578,12.48735,35.65884,6.817492,2.685218,18.50237,62.6906,4.76772,3.440175,23.70437,56.05934,14.11487,72.62806,4066.416,44.54276,8.260464,52.80322,2.88972,4.025015,83,89,,0,,12.08893,1.8615819,11.338232,71.50514,20.158723,22.09322,64.95173
2011-01-01,2011,"Q1","2010/11","Q3","January",181.48635,2.4508433,,,20.46142,16.33099,8.869852,,,,,18.83318,,4.58562,9.449573,46.45603,1.630899,10.27712,,,,3.8780648,,,,,,,,,,,12.19239,15.73105,1.769743,60.96886,12.64305,10.07073,0.45114516,14.15859,0.0498531,0.3416995,0.80524509,12.42312,,11.6564,0.6514753,0.034573,0.643114,,,,10.15799,8.489806,32.92643,6.656286,3.979796,27.86962,53.49609,3.077114,5.14466,36.0269,54.2526,14.15859,71.82503,2973.954,35.22336,7.500803,42.72417,2.92853,4.662719,79,80,80.59,0,5.13,14.04612,2.0321277,12.834788,86.11301,20.322405,25.17251,50.945605
2012-01-01,2012,"Q1","2011/12","Q3","January",205.20711,2.7657679,,,,,,,,,,,,,,,,,,,,4.2220293,,,,,,,,,,,10.963,15.07428,2.35499,61.53576,12.06346,9.422498,0.47620277,13.25512,0.0506485,0.3656259,0.84851007,11.15344,,12.1676,0.6653284,0.0491013,0.4186896,0.0104398,0.2197326,,10.96422,9.351826,34.55377,6.689845,3.930185,24.87761,49.74722,4.01171,5.236378,33.14566,52.86936,13.25512,69.70121,3241.806,39.68245,10.61529,50.29774,3.34457,5.713366,83,81,80.75,0,4.92,15.23922,4.0558491,12.732659,82.7077,21.888608,27.38934,45.865902
2013-01-01,2013,"Q1","2012/13","Q3","January",190.69884,2.9652173,9.7,9.1,,,,,,,,,,,,,,,,,,4.8586037,,86.7,8.1,21.4,86.7,161.8,42,3.1,6.8,19.6,15.28566,21.65796,3.60462,60.82554,17.35783,13.94872,0.84771094,19.11358,0.0614269,0.3376316,0.92527496,15.69821,4.1608379,12.2262,0.8495061,0.1034546,0.8438852,0.5543789,0.4149982,0.0104441,10.31785,11.1679,34.08906,6.975138,2.634081,16.06861,56.12995,4.429569,3.463804,21.13016,50.3638,19.11358,68.57972,3754.414,28.61945,9.862031,38.49977,3.25312,5.64965,83,85,78.48,0,5,14.00582,5.7568891,12.368466,79.97277,22.133638,31.85937,64.819772
2014-01-01,2014,"Q1","2013/14","Q3","January",201.22604,3.0524829,,,27.78342,16.77836,16.08945,22.31246,26.41844,4.654779,75.18203,36.74951,78.96974,6.252247,14.83331,69.42002,1.646649,17.81594,38.71102,6.065254,24.69934,4.4556826,1.110122,,,,,,,,,,10.64118,15.38557,3.102163,88.79892,12.15042,1.940733,1.103462,13.2747,0.0681081,0.333318,1.0128287,11.12169,4.8742695,12.9036,0.9611841,0.1718832,1.21068,0.865801,,0.0144424,8.826283,10.77472,36.03019,6.221127,2.780126,17.10112,57.58946,5.02263,3.589123,22.07743,50.91848,13.2747,69.38361,3912.004,41.61737,9.685538,51.34934,2.7217,6.156393,,,78.52,0,4.83,14.16196,4.0105966,13.017516,80.16142,22.220697,28.65083,48.856943
2015-01-01,2015,"Q1","2014/15","Q3","January",210.23205,3.0328938,,,,,,,,,,,,,,,,,,,,4.63736,,,,,,,,,,,12.34091,16.69083,5.009236,92.38078,14.00023,1.376597,1.362636,14.82608,0.0995778,0.4494991,1.197931,13.212,5.8443815,13.7686,1.409471,0.5832555,1.095403,1.209961,0.4822895,0.0121653,8.625214,9.833733,31.13587,6.214803,1.323128,7.816434,64.3294,4.356453,1.760705,10.40144,45.03473,14.82608,65.8331,3653.68,38.12151,10.44599,48.56749,2.78554,5.165908,,,78.19,0,4.87,13.19216,5.1269555,13.039099,83.23788,20.9694,33.93723,41.641226
2016-01-01,2016,"Q1","2015/16","Q3","January",252.8463,2.8823936,,,,,,,,,,,,,,,,,,,,4.540493,,,,,,,,,,,12.04628,17.00834,5.685857,91.51955,14.40071,1.576039,1.4911867,15.05768,0.1207012,0.3331959,1.155939,13.09553,6.3399963,13.6401,1.922276,0.6853356,1.350433,1.447774,0.5081497,0.0304068,10.0059,10.64818,27.39406,6.174939,2.420877,14.03492,58.96709,4.985374,2.944807,17.07239,50.51365,15.05768,69.14476,3778.987,39.04205,14.60128,53.64333,3.92429,6.149215,,,80.73,0,5.12,15.14695,10.401311,11.694359,80.0009,19.828166,30.86359,60.350154
2017-01-01,2017,"Q1","2016/17","Q3","January",364.2517,2.6652423,,,32.84405,12.70263,14.67071,19.70015,29.09957,5.430144,68.5554,37.4809,66.12815,,,46.47407,2.319258,16.56888,51.26559,9.880922,29.92817,4.1961426,2.840261,,,,,,,,,,11.7979,16.86955,6.411364,95.64742,15.01303,0.767675,1.8169802,15.71801,0.1278892,0.3278534,1.2388021,12.87095,7.6426409,13.4819,0.1262003,0.8478987,0.6507854,1.913382,0.3717741,0.1190458,10.68296,11.58144,30.15252,6.707357,2.993158,16.24015,57.90394,5.06084,3.867494,20.98408,53.16686,15.71801,69.54808,4158.198,47.6895,15.07979,62.78998,3.7917,6.258071,,,,0,,16.19445,5.5057768,13.806472,75.05976,23.175254,37.94458,54.547627
2018-01-01,2018,"Q1","2017/18","Q3","January",292.26432,2.5842217,,,,,,,,,,,,,,,,,,,,4.1453386,,,,,,,,,,,12.09233,17.08472,6.956102,98.05563,14.93323,0.3387766,2.0581765,15.52333,0.1491724,0.3357707,1.2057156,13.26149,8.1074715,13.6392,0.115434,0.7765107,0.6435304,2.269961,1.214808,0.4411877,9.739607,10.46161,28.50223,6.581334,2.390624,13.05095,62.67858,4.87842,3.231996,17.64419,52.03878,15.52333,69.50332,4332.498,31.10801,15.50732,46.61737,4.06369,6.055118,,,,,,15.02385,3.3356999,13.901588,77.89778,21.568875,53.3791,54.064677
2019-01-01,2019,"Q1","2018/19","Q3","January",290.39552,2.5755543,,,,,,,,,,,,,,,,,,,,4.0448869,,,,,,,,,,,12.22272,17.65814,7.061417,89.5183,15.71239,2.06759,2.147864,16.32868,0.1740179,0.335067,1.230893,13.23162,8.9407763,13.8051,0.1040863,0.9044033,0.7995052,2.825948,1.188016,0.9172049,10.91215,,32.65091,7.138359,3.009342,15.95691,57.64246,5.409965,4.178675,22.15725,49.88819,16.32868,68.16671,5020.415,32.83929,14.2546,47.13073,4.02938,5.477589,,,,,,16.70738,4.7499796,13.667132,74.85426,21.015154,55.59138,43.732573
2020-01-01,2020,"Q1","2019/20","Q3","January",318.51706,2.4460497,,,,,,,,,,,,,,,,,,,,3.9120597,,,,,,,,,,,13.32621,21.45297,8.683222,91.09517,18.33752,2.097094,2.4040156,19.27315,0.2330681,0.3802311,1.361933,14.4916,8.9615443,14.2204,0.0982142,0.9903339,1.207319,2.977216,0.2659549,,8.615598,,24.32887,5.118944,2.315224,12.31563,60.58733,7.613418,2.894962,15.39949,63.55354,19.27315,80.53006,5772.479,32.17376,12.55787,44.70729,2.82418,6.884713,,,,,,15.13282,5.2158675,13.371706,69.14388,22.154673,44.57936,44.991798
2021-01-01,2021,"Q1","2020/21","Q3","January",,,,,36.56079,15.89167,18.61137,,36.16603,7.141858,70.78887,33.39503,75.13025,,,57.44672,3.511737,17.97799,60.57476,20.55808,36.0074,,2.531962,,,,,,,,,,13.30744,21.13503,9.114947,89.85748,17.71059,2.385584,,18.62589,,,,14.72971,,,,,,,,,9.678479,,22.76115,5.082728,2.213241,11.56103,55.01469,,2.891589,15.10443,67.29182,18.62589,88.4866,5812.234,36.97503,12.97056,49.97427,,,,,,,,16.67534,,,71.44595,,45.34457,
