date,var,value,source_file
2006-01-01,activity_indicator,59.9058653361026,MOF_POE.csv
2006-02-01,activity_indicator,59.9058653361026,MOF_POE.csv
2006-03-01,activity_indicator,59.9058653361026,MOF_POE.csv
2006-04-01,activity_indicator,60.6295740524743,MOF_POE.csv
2006-05-01,activity_indicator,61.178952893165,MOF_POE.csv
2006-06-01,activity_indicator,60.9549298840634,MOF_POE.csv
2006-07-01,activity_indicator,62.4062975955768,MOF_POE.csv
2006-08-01,activity_indicator,62.645720747691,MOF_POE.csv
2006-09-01,activity_indicator,63.0490228727331,MOF_POE.csv
2006-10-01,activity_indicator,63.7815534566764,MOF_POE.csv
2006-11-01,activity_indicator,63.8726410070271,MOF_POE.csv
2006-12-01,activity_indicator,64.1028818584461,MOF_POE.csv
2007-01-01,activity_indicator,64.2358079121927,MOF_POE.csv
2007-02-01,activity_indicator,65.5265227223099,MOF_POE.csv
2007-03-01,activity_indicator,66.4275532599217,MOF_POE.csv
2007-04-01,activity_indicator,66.6251399059443,MOF_POE.csv
2007-05-01,activity_indicator,67.3990660752655,MOF_POE.csv
2007-06-01,activity_indicator,67.9688531833405,MOF_POE.csv
2007-07-01,activity_indicator,67.7701243059653,MOF_POE.csv
2007-08-01,activity_indicator,68.4764302485398,MOF_POE.csv
2007-09-01,activity_indicator,69.3784972945467,MOF_POE.csv
2007-10-01,activity_indicator,69.6309568609197,MOF_POE.csv
2007-11-01,activity_indicator,69.8414689964844,MOF_POE.csv
2007-12-01,activity_indicator,70.5934309190224,MOF_POE.csv
2008-01-01,activity_indicator,70.9877817099539,MOF_POE.csv
2008-02-01,activity_indicator,71.1511614457252,MOF_POE.csv
2008-03-01,activity_indicator,71.3855240849276,MOF_POE.csv
2008-04-01,activity_indicator,71.8317721019609,MOF_POE.csv
2008-05-01,activity_indicator,72.5825939066502,MOF_POE.csv
2008-06-01,activity_indicator,72.239490674282,MOF_POE.csv
2008-07-01,activity_indicator,71.9696717075895,MOF_POE.csv
2008-08-01,activity_indicator,73.3135233905503,MOF_POE.csv
2008-09-01,activity_indicator,72.9553324571447,MOF_POE.csv
2008-10-01,activity_indicator,73.4895655348105,MOF_POE.csv
2008-11-01,activity_indicator,74.4844827741322,MOF_POE.csv
2008-12-01,activity_indicator,75.1183059492142,MOF_POE.csv
2009-01-01,activity_indicator,75.7040919083918,MOF_POE.csv
2009-02-01,activity_indicator,75.9494407647293,MOF_POE.csv
2009-03-01,activity_indicator,76.8414221475742,MOF_POE.csv
2009-04-01,activity_indicator,76.6757001441592,MOF_POE.csv
2009-05-01,activity_indicator,77.7023913570657,MOF_POE.csv
2009-06-01,activity_indicator,77.289219564835,MOF_POE.csv
2009-07-01,activity_indicator,77.7748994971923,MOF_POE.csv
2009-08-01,activity_indicator,77.7085051398375,MOF_POE.csv
2009-09-01,activity_indicator,78.711092061424,MOF_POE.csv
2009-10-01,activity_indicator,78.6766257098192,MOF_POE.csv
2009-11-01,activity_indicator,78.4268921314281,MOF_POE.csv
2009-12-01,activity_indicator,79.167343896032,MOF_POE.csv
2010-01-01,activity_indicator,79.3617040698327,MOF_POE.csv
2010-02-01,activity_indicator,80.3441908186242,MOF_POE.csv
2010-03-01,activity_indicator,79.8802246259154,MOF_POE.csv
2010-04-01,activity_indicator,81.1350461379602,MOF_POE.csv
2010-05-01,activity_indicator,81.0075125591758,MOF_POE.csv
2010-06-01,activity_indicator,82.6408872009308,MOF_POE.csv
2010-07-01,activity_indicator,82.1380080618571,MOF_POE.csv
2010-08-01,activity_indicator,82.7539227307427,MOF_POE.csv
2010-09-01,activity_indicator,83.0856563842827,MOF_POE.csv
2010-10-01,activity_indicator,83.8166640425148,MOF_POE.csv
2010-11-01,activity_indicator,85.9518845738443,MOF_POE.csv
2010-12-01,activity_indicator,85.6594698014557,MOF_POE.csv
2011-01-01,activity_indicator,86.3933237898167,MOF_POE.csv
2011-02-01,activity_indicator,88.0278728195501,MOF_POE.csv
2011-03-01,activity_indicator,87.5451382800548,MOF_POE.csv
2011-04-01,activity_indicator,90.3196078037121,MOF_POE.csv
2011-05-01,activity_indicator,87.2764177822862,MOF_POE.csv
2011-06-01,activity_indicator,87.9593297270604,MOF_POE.csv
2011-07-01,activity_indicator,89.1893515588004,MOF_POE.csv
2011-08-01,activity_indicator,88.3064137798797,MOF_POE.csv
2011-09-01,activity_indicator,88.5475300605048,MOF_POE.csv
2011-10-01,activity_indicator,88.5477402133269,MOF_POE.csv
2011-11-01,activity_indicator,89.8302090329288,MOF_POE.csv
2011-12-01,activity_indicator,89.5564070338828,MOF_POE.csv
2012-01-01,activity_indicator,90.8071498588765,MOF_POE.csv
2012-02-01,activity_indicator,91.531288572136,MOF_POE.csv
2012-03-01,activity_indicator,92.0468615043642,MOF_POE.csv
2012-04-01,activity_indicator,91.791093217075,MOF_POE.csv
2012-05-01,activity_indicator,92.3713714202764,MOF_POE.csv
2012-06-01,activity_indicator,94.3966019114152,MOF_POE.csv
2012-07-01,activity_indicator,94.5218084284144,MOF_POE.csv
2012-08-01,activity_indicator,95.5962476499395,MOF_POE.csv
2012-09-01,activity_indicator,95.9568019577468,MOF_POE.csv
2012-10-01,activity_indicator,96.8060697284257,MOF_POE.csv
2012-11-01,activity_indicator,95.9222704922181,MOF_POE.csv
2012-12-01,activity_indicator,99.3697888297684,MOF_POE.csv
2013-01-01,activity_indicator,97.98826091,MOF_POE.csv
2013-02-01,activity_indicator,100.1145251,MOF_POE.csv
2013-03-01,activity_indicator,99.44397973,MOF_POE.csv
2013-04-01,activity_indicator,99.04232316,MOF_POE.csv
2013-05-01,activity_indicator,98.78367103,MOF_POE.csv
2013-06-01,activity_indicator,99.6393712,MOF_POE.csv
2013-07-01,activity_indicator,99.86042556,MOF_POE.csv
2013-08-01,activity_indicator,100.2005328,MOF_POE.csv
2013-09-01,activity_indicator,100.8307104,MOF_POE.csv
2013-10-01,activity_indicator,100.655465,MOF_POE.csv
2013-11-01,activity_indicator,101.5792406,MOF_POE.csv
2013-12-01,activity_indicator,101.8614946,MOF_POE.csv
2014-01-01,activity_indicator,102.2756466,MOF_POE.csv
2014-02-01,activity_indicator,103.3433077,MOF_POE.csv
2014-03-01,activity_indicator,103.4587216,MOF_POE.csv
2014-04-01,activity_indicator,104.2606868,MOF_POE.csv
2014-05-01,activity_indicator,105.2179851,MOF_POE.csv
2014-06-01,activity_indicator,104.6356551,MOF_POE.csv
2014-07-01,activity_indicator,105.5569157,MOF_POE.csv
2014-08-01,activity_indicator,104.8371653,MOF_POE.csv
2014-09-01,activity_indicator,105.1654059,MOF_POE.csv
2014-10-01,activity_indicator,106.707748,MOF_POE.csv
2014-11-01,activity_indicator,107.34924,MOF_POE.csv
2014-12-01,activity_indicator,108.7803961,MOF_POE.csv
2015-01-01,activity_indicator,109.18627,MOF_POE.csv
2015-02-01,activity_indicator,109.765443,MOF_POE.csv
2015-03-01,activity_indicator,109.9130818,MOF_POE.csv
2015-04-01,activity_indicator,110.2915304,MOF_POE.csv
2015-05-01,activity_indicator,111.4952908,MOF_POE.csv
2015-06-01,activity_indicator,113.1001915,MOF_POE.csv
2015-07-01,activity_indicator,112.697066,MOF_POE.csv
2015-08-01,activity_indicator,113.3473676,MOF_POE.csv
2015-09-01,activity_indicator,113.7318018,MOF_POE.csv
2015-10-01,activity_indicator,114.0049031,MOF_POE.csv
2015-11-01,activity_indicator,113.6364962,MOF_POE.csv
2015-12-01,activity_indicator,114.939089,MOF_POE.csv
2016-01-01,activity_indicator,114.1831682,MOF_POE.csv
2016-02-01,activity_indicator,113.2585899,MOF_POE.csv
2016-03-01,activity_indicator,115.3528203,MOF_POE.csv
2016-04-01,activity_indicator,115.988019,MOF_POE.csv
2016-05-01,activity_indicator,115.8167511,MOF_POE.csv
2016-06-01,activity_indicator,116.5541631,MOF_POE.csv
2016-07-01,activity_indicator,116.8603745,MOF_POE.csv
2016-08-01,activity_indicator,117.5607682,MOF_POE.csv
2016-09-01,activity_indicator,117.4893599,MOF_POE.csv
2016-10-01,activity_indicator,116.9931135,MOF_POE.csv
2016-11-01,activity_indicator,118.71403,MOF_POE.csv
2016-12-01,activity_indicator,117.8696862,MOF_POE.csv
2017-01-01,activity_indicator,118.962647,MOF_POE.csv
2017-02-01,activity_indicator,118.621965,MOF_POE.csv
2017-03-01,activity_indicator,119.0806969,MOF_POE.csv
2017-04-01,activity_indicator,119.1114571,MOF_POE.csv
2017-05-01,activity_indicator,120.8653292,MOF_POE.csv
2017-06-01,activity_indicator,121.5359404,MOF_POE.csv
2017-07-01,activity_indicator,121.2823884,MOF_POE.csv
2017-08-01,activity_indicator,121.9975471,MOF_POE.csv
2017-09-01,activity_indicator,122.4305726,MOF_POE.csv
2017-10-01,activity_indicator,123.1145416,MOF_POE.csv
2017-11-01,activity_indicator,123.3921659,MOF_POE.csv
2017-12-01,activity_indicator,124.3700769,MOF_POE.csv
2018-01-01,activity_indicator,124.5699812,MOF_POE.csv
2018-02-01,activity_indicator,126.0275877,MOF_POE.csv
2018-03-01,activity_indicator,126.1171243,MOF_POE.csv
2018-04-01,activity_indicator,126.4573892,MOF_POE.csv
2018-05-01,activity_indicator,127.0467736,MOF_POE.csv
2018-06-01,activity_indicator,127.8850482,MOF_POE.csv
2018-07-01,activity_indicator,125.7503938,MOF_POE.csv
2018-08-01,activity_indicator,127.5742368,MOF_POE.csv
2018-09-01,activity_indicator,128.5385199,MOF_POE.csv
2018-10-01,activity_indicator,131.1060268,MOF_POE.csv
2018-11-01,activity_indicator,130.8689898,MOF_POE.csv
2018-12-01,activity_indicator,131.4105435,MOF_POE.csv
2019-01-01,activity_indicator,131.9419543,MOF_POE.csv
2019-02-01,activity_indicator,132.1132856,MOF_POE.csv
2019-03-01,activity_indicator,135.2803728,MOF_POE.csv
2019-04-01,activity_indicator,135.0274234,MOF_POE.csv
2019-05-01,activity_indicator,134.9159024,MOF_POE.csv
2019-06-01,activity_indicator,134.787514,MOF_POE.csv
2019-07-01,activity_indicator,135.6651407,MOF_POE.csv
2019-08-01,activity_indicator,136.1618173,MOF_POE.csv
2019-09-01,activity_indicator,136.9937341,MOF_POE.csv
2019-10-01,activity_indicator,137.3921658,MOF_POE.csv
2019-11-01,activity_indicator,137.3426289,MOF_POE.csv
2019-12-01,activity_indicator,137.5984205,MOF_POE.csv
2020-01-01,activity_indicator,139.4732177,MOF_POE.csv
2020-02-01,activity_indicator,140.1134165,MOF_POE.csv
2020-03-01,activity_indicator,137.9245476,MOF_POE.csv
2020-04-01,activity_indicator,135.4262878,MOF_POE.csv
2020-05-01,activity_indicator,133.9053651,MOF_POE.csv
2020-06-01,activity_indicator,138.7840457,MOF_POE.csv
2020-07-01,activity_indicator,143.2988539,MOF_POE.csv
2020-08-01,activity_indicator,143.4812411,MOF_POE.csv
2020-09-01,activity_indicator,145.2121964,MOF_POE.csv
2020-10-01,activity_indicator,144.6374753,MOF_POE.csv
2020-11-01,activity_indicator,145.6255139,MOF_POE.csv
2020-12-01,activity_indicator,148.3613273,MOF_POE.csv
2021-01-01,activity_indicator,146.6604166,MOF_POE.csv
2021-02-01,activity_indicator,146.9605121,MOF_POE.csv
2021-03-01,activity_indicator,148.4613888,MOF_POE.csv
2021-04-01,activity_indicator,149.874862,MOF_POE.csv
2021-05-01,activity_indicator,149.9292426,MOF_POE.csv
2021-06-01,activity_indicator,149.4716641,MOF_POE.csv
2021-07-01,activity_indicator,148.1133413,MOF_POE.csv
2021-08-01,activity_indicator,149.0039251,MOF_POE.csv
2021-09-01,activity_indicator,147.6792649,MOF_POE.csv
2021-10-01,activity_indicator,150.0784139,MOF_POE.csv
2021-11-01,activity_indicator,151.4399522,MOF_POE.csv
2021-12-01,activity_indicator,151.9276882,MOF_POE.csv
2022-01-01,activity_indicator,152.358053,MOF_POE.csv
2022-02-01,activity_indicator,153.128283,MOF_POE.csv
2022-03-01,activity_indicator,152.1912763,MOF_POE.csv
2022-04-01,activity_indicator,152.3740956,MOF_POE.csv
2022-05-01,activity_indicator,152.6772506,MOF_POE.csv
2022-06-01,activity_indicator,154.4616286,MOF_POE.csv
2022-07-01,activity_indicator,152.4225501,MOF_POE.csv
2022-08-01,activity_indicator,154.2593964,MOF_POE.csv
2022-09-01,activity_indicator,153.019589,MOF_POE.csv
2022-10-01,activity_indicator,154.0744545,MOF_POE.csv
2022-11-01,activity_indicator,153.3980084,MOF_POE.csv
2022-12-01,activity_indicator,154.2516079,MOF_POE.csv
2023-01-01,activity_indicator,156.1478568,MOF_POE.csv
2023-02-01,activity_indicator,156.3719427,MOF_POE.csv
2023-03-01,activity_indicator,158.6435286,MOF_POE.csv
2023-04-01,activity_indicator,159.3297833,MOF_POE.csv
2023-05-01,activity_indicator,161.8355554,MOF_POE.csv
2023-06-01,activity_indicator,161.5178276,MOF_POE.csv
2023-07-01,activity_indicator,162.0677678,MOF_POE.csv
2023-08-01,activity_indicator,163.6266374,MOF_POE.csv
2023-09-01,activity_indicator,163.9873824,MOF_POE.csv
2023-10-01,activity_indicator,165.5899308,MOF_POE.csv
2023-11-01,activity_indicator,165.3972359,MOF_POE.csv
2023-12-01,activity_indicator,166.6088611,MOF_POE.csv
2024-01-01,activity_indicator,165.005523,MOF_POE.csv
2024-02-01,activity_indicator,167.2515909,MOF_POE.csv
2024-03-01,activity_indicator,167.3926529,MOF_POE.csv
2024-04-01,activity_indicator,167.6137014,MOF_POE.csv
2024-05-01,activity_indicator,168.8112989,MOF_POE.csv
2024-06-01,activity_indicator,168.2003229,MOF_POE.csv
2024-07-01,activity_indicator,170.3708304,MOF_POE.csv
2024-08-01,activity_indicator,170.8533574,MOF_POE.csv
2024-09-01,activity_indicator,170.1216853,MOF_POE.csv
2024-10-01,activity_indicator,171.1846333,MOF_POE.csv
2024-11-01,activity_indicator,172.9235717,MOF_POE.csv
2024-12-01,activity_indicator,172.4048272,MOF_POE.csv
2025-01-01,activity_indicator,174.8806412,MOF_POE.csv
2025-02-01,activity_indicator,174.049913,MOF_POE.csv
2025-03-01,activity_indicator,176.5471766,MOF_POE.csv
2025-04-01,activity_indicator,178.6580538,MOF_POE.csv
2025-05-01,activity_indicator,179.5768291,MOF_POE.csv
2025-06-01,activity_indicator,181.9127807,MOF_POE.csv
2025-07-01,activity_indicator,181.1350822,MOF_POE.csv
2025-08-01,activity_indicator,181.1275738,MOF_POE.csv
2025-09-01,activity_indicator,182.7271605,MOF_POE.csv
2025-10-01,activity_indicator,183.168149,MOF_POE.csv
2025-11-01,activity_indicator,185.0194092,MOF_POE.csv
2025-12-01,activity_indicator,186.0530162,MOF_POE.csv
2026-01-01,activity_indicator,187.401563,MOF_POE.csv
2026-02-01,activity_indicator,188.504878,MOF_POE.csv
2026-03-01,activity_indicator,187.9,MOF_POE.csv
2026-04-01,activity_indicator,187.7,MOF_POE.csv
2026-05-01,activity_indicator,189.4,MOF_POE.csv
2011-07-01,central_bank_rate,13.0,MOF_POE.csv
2011-08-01,central_bank_rate,14.0,MOF_POE.csv
2011-09-01,central_bank_rate,16.0,MOF_POE.csv
2011-10-01,central_bank_rate,20.0,MOF_POE.csv
2011-11-01,central_bank_rate,23.0,MOF_POE.csv
2011-12-01,central_bank_rate,23.0,MOF_POE.csv
2012-01-01,central_bank_rate,23.0,MOF_POE.csv
2012-02-01,central_bank_rate,22.0,MOF_POE.csv
2012-03-01,central_bank_rate,21.0,MOF_POE.csv
2012-04-01,central_bank_rate,21.0,MOF_POE.csv
2012-05-01,central_bank_rate,21.0,MOF_POE.csv
2012-06-01,central_bank_rate,20.0,MOF_POE.csv
2012-07-01,central_bank_rate,19.0,MOF_POE.csv
2012-08-01,central_bank_rate,17.0,MOF_POE.csv
2012-09-01,central_bank_rate,15.0,MOF_POE.csv
2012-10-01,central_bank_rate,13.0,MOF_POE.csv
2012-11-01,central_bank_rate,12.5,MOF_POE.csv
2012-12-01,central_bank_rate,12.0,MOF_POE.csv
2013-01-01,central_bank_rate,12.0,MOF_POE.csv
2013-02-01,central_bank_rate,12.0,MOF_POE.csv
2013-03-01,central_bank_rate,12.0,MOF_POE.csv
2013-04-01,central_bank_rate,12.0,MOF_POE.csv
2013-05-01,central_bank_rate,12.0,MOF_POE.csv
2013-06-01,central_bank_rate,11.0,MOF_POE.csv
2013-07-01,central_bank_rate,11.0,MOF_POE.csv
2013-08-01,central_bank_rate,11.0,MOF_POE.csv
2013-09-01,central_bank_rate,12.0,MOF_POE.csv
2013-10-01,central_bank_rate,12.0,MOF_POE.csv
2013-11-01,central_bank_rate,12.0,MOF_POE.csv
2013-12-01,central_bank_rate,11.5,MOF_POE.csv
2014-01-01,central_bank_rate,11.5,MOF_POE.csv
2014-02-01,central_bank_rate,11.5,MOF_POE.csv
2014-03-01,central_bank_rate,11.5,MOF_POE.csv
2014-04-01,central_bank_rate,11.5,MOF_POE.csv
2014-05-01,central_bank_rate,11.5,MOF_POE.csv
2014-06-01,central_bank_rate,11.0,MOF_POE.csv
2014-07-01,central_bank_rate,11.0,MOF_POE.csv
2014-08-01,central_bank_rate,11.0,MOF_POE.csv
2014-09-01,central_bank_rate,11.0,MOF_POE.csv
2014-10-01,central_bank_rate,11.0,MOF_POE.csv
2014-11-01,central_bank_rate,11.0,MOF_POE.csv
2014-12-01,central_bank_rate,11.0,MOF_POE.csv
2015-01-01,central_bank_rate,11.0,MOF_POE.csv
2015-02-01,central_bank_rate,11.0,MOF_POE.csv
2015-03-01,central_bank_rate,11.0,MOF_POE.csv
2015-04-01,central_bank_rate,12.0,MOF_POE.csv
2015-05-01,central_bank_rate,12.0,MOF_POE.csv
2015-06-01,central_bank_rate,13.0,MOF_POE.csv
2015-07-01,central_bank_rate,14.5,MOF_POE.csv
2015-08-01,central_bank_rate,16.0,MOF_POE.csv
2015-09-01,central_bank_rate,16.0,MOF_POE.csv
2015-10-01,central_bank_rate,17.0,MOF_POE.csv
2015-11-01,central_bank_rate,17.0,MOF_POE.csv
2015-12-01,central_bank_rate,17.0,MOF_POE.csv
2016-01-01,central_bank_rate,17.0,MOF_POE.csv
2016-02-01,central_bank_rate,17.0,MOF_POE.csv
2016-03-01,central_bank_rate,17.0,MOF_POE.csv
2016-04-01,central_bank_rate,16.0,MOF_POE.csv
2016-05-01,central_bank_rate,16.0,MOF_POE.csv
2016-06-01,central_bank_rate,15.0,MOF_POE.csv
2016-07-01,central_bank_rate,15.0,MOF_POE.csv
2016-08-01,central_bank_rate,14.0,MOF_POE.csv
2016-09-01,central_bank_rate,14.0,MOF_POE.csv
2016-10-01,central_bank_rate,13.0,MOF_POE.csv
2016-11-01,central_bank_rate,13.0,MOF_POE.csv
2016-12-01,central_bank_rate,12.0,MOF_POE.csv
2017-01-01,central_bank_rate,12.0,MOF_POE.csv
2017-02-01,central_bank_rate,11.5,MOF_POE.csv
2017-03-01,central_bank_rate,11.5,MOF_POE.csv
2017-04-01,central_bank_rate,11.0,MOF_POE.csv
2017-05-01,central_bank_rate,11.0,MOF_POE.csv
2017-06-01,central_bank_rate,10.0,MOF_POE.csv
2017-07-01,central_bank_rate,10.0,MOF_POE.csv
2017-08-01,central_bank_rate,10.0,MOF_POE.csv
2017-09-01,central_bank_rate,10.0,MOF_POE.csv
2017-10-01,central_bank_rate,9.5,MOF_POE.csv
2017-11-01,central_bank_rate,9.5,MOF_POE.csv
2017-12-01,central_bank_rate,9.5,MOF_POE.csv
2018-01-01,central_bank_rate,9.5,MOF_POE.csv
2018-02-01,central_bank_rate,9.0,MOF_POE.csv
2018-03-01,central_bank_rate,9.0,MOF_POE.csv
2018-04-01,central_bank_rate,9.0,MOF_POE.csv
2018-05-01,central_bank_rate,9.0,MOF_POE.csv
2018-06-01,central_bank_rate,9.0,MOF_POE.csv
2018-07-01,central_bank_rate,9.0,MOF_POE.csv
2018-08-01,central_bank_rate,9.0,MOF_POE.csv
2018-09-01,central_bank_rate,9.0,MOF_POE.csv
2018-10-01,central_bank_rate,10.0,MOF_POE.csv
2018-11-01,central_bank_rate,10.0,MOF_POE.csv
2018-12-01,central_bank_rate,10.0,MOF_POE.csv
2019-01-01,central_bank_rate,10.0,MOF_POE.csv
2019-02-01,central_bank_rate,10.0,MOF_POE.csv
2019-03-01,central_bank_rate,10.0,MOF_POE.csv
2019-04-01,central_bank_rate,10.0,MOF_POE.csv
2019-05-01,central_bank_rate,10.0,MOF_POE.csv
2019-06-01,central_bank_rate,10.0,MOF_POE.csv
2019-07-01,central_bank_rate,10.0,MOF_POE.csv
2019-08-01,central_bank_rate,10.0,MOF_POE.csv
2019-09-01,central_bank_rate,10.0,MOF_POE.csv
2019-10-01,central_bank_rate,9.0,MOF_POE.csv
2019-11-01,central_bank_rate,9.0,MOF_POE.csv
2019-12-01,central_bank_rate,9.0,MOF_POE.csv
2020-01-01,central_bank_rate,9.0,MOF_POE.csv
2020-02-01,central_bank_rate,9.0,MOF_POE.csv
2020-03-01,central_bank_rate,9.0,MOF_POE.csv
2020-04-01,central_bank_rate,8.0,MOF_POE.csv
2020-05-01,central_bank_rate,8.0,MOF_POE.csv
2020-06-01,central_bank_rate,7.0,MOF_POE.csv
2020-07-01,central_bank_rate,7.0,MOF_POE.csv
2020-08-01,central_bank_rate,7.0,MOF_POE.csv
2020-09-01,central_bank_rate,7.0,MOF_POE.csv
2020-10-01,central_bank_rate,7.0,MOF_POE.csv
2020-11-01,central_bank_rate,7.0,MOF_POE.csv
2020-12-01,central_bank_rate,7.0,MOF_POE.csv
2021-01-01,central_bank_rate,7.0,MOF_POE.csv
2021-02-01,central_bank_rate,7.0,MOF_POE.csv
2021-03-01,central_bank_rate,7.0,MOF_POE.csv
2021-04-01,central_bank_rate,7.0,MOF_POE.csv
2021-05-01,central_bank_rate,7.0,MOF_POE.csv
2021-06-01,central_bank_rate,6.5,MOF_POE.csv
2021-07-01,central_bank_rate,6.5,MOF_POE.csv
2021-08-01,central_bank_rate,6.5,MOF_POE.csv
2021-09-01,central_bank_rate,6.5,MOF_POE.csv
2021-10-01,central_bank_rate,6.5,MOF_POE.csv
2021-11-01,central_bank_rate,6.5,MOF_POE.csv
2021-12-01,central_bank_rate,6.5,MOF_POE.csv
2022-01-01,central_bank_rate,6.5,MOF_POE.csv
2022-02-01,central_bank_rate,6.5,MOF_POE.csv
2022-03-01,central_bank_rate,6.5,MOF_POE.csv
2022-04-01,central_bank_rate,6.5,MOF_POE.csv
2022-05-01,central_bank_rate,6.5,MOF_POE.csv
2022-06-01,central_bank_rate,7.5,MOF_POE.csv
2022-07-01,central_bank_rate,8.5,MOF_POE.csv
2022-08-01,central_bank_rate,9.0,MOF_POE.csv
2022-09-01,central_bank_rate,9.0,MOF_POE.csv
2022-10-01,central_bank_rate,10.0,MOF_POE.csv
2022-11-01,central_bank_rate,10.0,MOF_POE.csv
2022-12-01,central_bank_rate,10.0,MOF_POE.csv
2023-01-01,central_bank_rate,10.0,MOF_POE.csv
2023-02-01,central_bank_rate,10.0,MOF_POE.csv
2023-03-01,central_bank_rate,10.0,MOF_POE.csv
2023-04-01,central_bank_rate,10.0,MOF_POE.csv
2023-05-01,central_bank_rate,10.0,MOF_POE.csv
2023-06-01,central_bank_rate,10.0,MOF_POE.csv
2023-07-01,central_bank_rate,10.0,MOF_POE.csv
2023-08-01,central_bank_rate,9.5,MOF_POE.csv
2023-09-01,central_bank_rate,9.5,MOF_POE.csv
2023-10-01,central_bank_rate,9.5,MOF_POE.csv
2023-11-01,central_bank_rate,9.5,MOF_POE.csv
2023-12-01,central_bank_rate,9.5,MOF_POE.csv
2024-01-01,central_bank_rate,9.5,MOF_POE.csv
2024-02-01,central_bank_rate,9.5,MOF_POE.csv
2024-03-01,central_bank_rate,10.0,MOF_POE.csv
2024-04-01,central_bank_rate,10.25,MOF_POE.csv
2024-05-01,central_bank_rate,10.25,MOF_POE.csv
2024-06-01,central_bank_rate,10.25,MOF_POE.csv
2024-07-01,central_bank_rate,10.25,MOF_POE.csv
2024-08-01,central_bank_rate,10.0,MOF_POE.csv
2024-09-01,central_bank_rate,10.0,MOF_POE.csv
2024-10-01,central_bank_rate,9.75,MOF_POE.csv
2024-11-01,central_bank_rate,9.75,MOF_POE.csv
2024-12-01,central_bank_rate,9.75,MOF_POE.csv
2025-01-01,central_bank_rate,9.75,MOF_POE.csv
2025-02-01,central_bank_rate,9.75,MOF_POE.csv
2025-03-01,central_bank_rate,9.75,MOF_POE.csv
2025-04-01,central_bank_rate,9.75,MOF_POE.csv
2025-05-01,central_bank_rate,9.75,MOF_POE.csv
2025-06-01,central_bank_rate,9.75,MOF_POE.csv
2025-07-01,central_bank_rate,9.75,MOF_POE.csv
2025-08-01,central_bank_rate,9.75,MOF_POE.csv
2025-09-01,central_bank_rate,9.75,MOF_POE.csv
2025-10-01,central_bank_rate,9.75,MOF_POE.csv
2025-11-01,central_bank_rate,9.75,MOF_POE.csv
2025-12-01,central_bank_rate,9.75,MOF_POE.csv
2026-01-01,central_bank_rate,9.75,MOF_POE.csv
2026-02-01,central_bank_rate,9.75,MOF_POE.csv
2026-03-01,central_bank_rate,9.75,MOF_POE.csv
2026-04-01,central_bank_rate,9.75,MOF_POE.csv
2026-05-01,central_bank_rate,9.75,MOF_POE.csv
2026-06-01,central_bank_rate,9.75,MOF_POE.csv
2017-07-01,cpi,102.28391511657,MOF_POE.csv
2017-08-01,cpi,102.542972218826,MOF_POE.csv
2017-09-01,cpi,103.212511477685,MOF_POE.csv
2017-10-01,cpi,103.511455455022,MOF_POE.csv
2017-11-01,cpi,103.584782065811,MOF_POE.csv
2017-12-01,cpi,103.83570148135,MOF_POE.csv
2018-01-01,cpi,103.687971408457,MOF_POE.csv
2018-02-01,cpi,104.030062456739,MOF_POE.csv
2018-03-01,cpi,104.32732287263,MOF_POE.csv
2018-04-01,cpi,104.840046981494,MOF_POE.csv
2018-05-01,cpi,105.499910091617,MOF_POE.csv
2018-06-01,cpi,105.062932236756,MOF_POE.csv
2018-07-01,cpi,105.418288880922,MOF_POE.csv
2018-08-01,cpi,105.820321061926,MOF_POE.csv
2018-09-01,cpi,106.533823455265,MOF_POE.csv
2018-10-01,cpi,106.428095054428,MOF_POE.csv
2018-11-01,cpi,106.417292551442,MOF_POE.csv
2018-12-01,cpi,106.253701033593,MOF_POE.csv
2019-01-01,cpi,106.361643811883,MOF_POE.csv
2019-02-01,cpi,106.192107742702,MOF_POE.csv
2019-03-01,cpi,107.028433651355,MOF_POE.csv
2019-04-01,cpi,107.385175096515,MOF_POE.csv
2019-05-01,cpi,107.72187492799,MOF_POE.csv
2019-06-01,cpi,107.323374868198,MOF_POE.csv
2019-07-01,cpi,107.2697805818,MOF_POE.csv
2019-08-01,cpi,107.790993770313,MOF_POE.csv
2019-09-01,cpi,108.45873515799,MOF_POE.csv
2019-10-01,cpi,108.525600441137,MOF_POE.csv
2019-11-01,cpi,108.514460027521,MOF_POE.csv
2019-12-01,cpi,108.772075087227,MOF_POE.csv
2020-01-01,cpi,109.121110252864,MOF_POE.csv
2020-02-01,cpi,109.340005814073,MOF_POE.csv
2020-03-01,cpi,109.207644847706,MOF_POE.csv
2020-04-01,cpi,110.187033479222,MOF_POE.csv
2020-05-01,cpi,110.581067430562,MOF_POE.csv
2020-06-01,cpi,110.94713759482,MOF_POE.csv
2020-07-01,cpi,110.743067771127,MOF_POE.csv
2020-08-01,cpi,110.996475967466,MOF_POE.csv
2020-09-01,cpi,111.335733064231,MOF_POE.csv
2020-10-01,cpi,111.812952282232,MOF_POE.csv
2020-11-01,cpi,111.238641344863,MOF_POE.csv
2020-12-01,cpi,111.44244143792,MOF_POE.csv
2021-01-01,cpi,111.309497323677,MOF_POE.csv
2021-02-01,cpi,111.845584959454,MOF_POE.csv
2021-03-01,cpi,112.171486842886,MOF_POE.csv
2021-04-01,cpi,112.494243459467,MOF_POE.csv
2021-05-01,cpi,112.667743532306,MOF_POE.csv
2021-06-01,cpi,113.143084454636,MOF_POE.csv
2021-07-01,cpi,113.100481372442,MOF_POE.csv
2021-08-01,cpi,113.063791815992,MOF_POE.csv
2021-09-01,cpi,113.735208855778,MOF_POE.csv
2021-10-01,cpi,113.92818841152,MOF_POE.csv
2021-11-01,cpi,114.133734692231,MOF_POE.csv
2021-12-01,cpi,114.652084433748,MOF_POE.csv
2022-01-01,cpi,114.298722109595,MOF_POE.csv
2022-02-01,cpi,115.418594061213,MOF_POE.csv
2022-03-01,cpi,116.376709926536,MOF_POE.csv
2022-04-01,cpi,117.977526891427,MOF_POE.csv
2022-05-01,cpi,119.724455405425,MOF_POE.csv
2022-06-01,cpi,120.882509174531,MOF_POE.csv
2022-07-01,cpi,122.036278890615,MOF_POE.csv
2022-08-01,cpi,123.243530729046,MOF_POE.csv
2022-09-01,cpi,125.102026103297,MOF_POE.csv
2022-10-01,cpi,126.13083369409,MOF_POE.csv
2022-11-01,cpi,126.213655635556,MOF_POE.csv
2022-12-01,cpi,126.383988856518,MOF_POE.csv
2023-01-01,cpi,126.191607285481,MOF_POE.csv
2023-02-01,cpi,126.043093004958,MOF_POE.csv
2023-03-01,cpi,126.866797438668,MOF_POE.csv
2023-04-01,cpi,127.467110879844,MOF_POE.csv
2023-05-01,cpi,127.128406444657,MOF_POE.csv
2023-06-01,cpi,126.794205613896,MOF_POE.csv
2023-07-01,cpi,126.760687808034,MOF_POE.csv
2023-08-01,cpi,127.512859231161,MOF_POE.csv
2023-09-01,cpi,128.456650485876,MOF_POE.csv
2023-10-01,cpi,129.202715193118,MOF_POE.csv
2023-11-01,cpi,129.503168286741,MOF_POE.csv
2023-12-01,cpi,129.67235286667,MOF_POE.csv
2024-01-01,cpi,129.708283789124,MOF_POE.csv
2024-02-01,cpi,130.367924410997,MOF_POE.csv
2024-03-01,cpi,131.034338486754,MOF_POE.csv
2024-04-01,cpi,131.530573960512,MOF_POE.csv
2024-05-01,cpi,131.727872827432,MOF_POE.csv
2024-06-01,cpi,131.7719231399,MOF_POE.csv
2024-07-01,cpi,131.776505114744,MOF_POE.csv
2024-08-01,cpi,132.016114758092,MOF_POE.csv
2024-09-01,cpi,132.340672657767,MOF_POE.csv
2024-10-01,cpi,133.006611812593,MOF_POE.csv
2024-11-01,cpi,133.309272355095,MOF_POE.csv
2024-12-01,cpi,133.912189507498,MOF_POE.csv
2025-01-01,cpi,134.326485314884,MOF_POE.csv
2025-02-01,cpi,135.186089833727,MOF_POE.csv
2025-03-01,cpi,135.431006701499,MOF_POE.csv
2025-04-01,cpi,136.092378720361,MOF_POE.csv
2025-05-01,cpi,136.766332159985,MOF_POE.csv
2025-06-01,cpi,136.900017637057,MOF_POE.csv
2025-07-01,cpi,136.72506029813,MOF_POE.csv
2025-08-01,cpi,136.971365537671,MOF_POE.csv
2025-09-01,cpi,137.610443463243,MOF_POE.csv
2025-10-01,cpi,137.585530421992,MOF_POE.csv
2025-11-01,cpi,137.464968427636,MOF_POE.csv
2025-12-01,cpi,138.109338181398,MOF_POE.csv
2026-01-01,cpi,138.576773059415,MOF_POE.csv
2026-02-01,cpi,139.06047410492,MOF_POE.csv
2026-03-01,cpi,139.234238207232,MOF_POE.csv
2026-04-01,cpi,140.12864045762,MOF_POE.csv
2026-05-01,cpi,141.090137618426,MOF_POE.csv
2026-06-01,cpi,141.968905940982,MOF_POE.csv
2000-01-01,exchange_rate,1525.8319047619,MOF_POE.csv
2000-02-01,exchange_rate,1519.42619047619,MOF_POE.csv
2000-03-01,exchange_rate,1513.45554347826,MOF_POE.csv
2000-04-01,exchange_rate,1526.2005,MOF_POE.csv
2000-05-01,exchange_rate,1577.76119565217,MOF_POE.csv
2000-06-01,exchange_rate,1566.38704545455,MOF_POE.csv
2000-07-01,exchange_rate,1596.41452380952,MOF_POE.csv
2000-08-01,exchange_rate,1676.30043478261,MOF_POE.csv
2000-09-01,exchange_rate,1770.50666666667,MOF_POE.csv
2000-10-01,exchange_rate,1826.59404761905,MOF_POE.csv
2000-11-01,exchange_rate,1850.26159090909,MOF_POE.csv
2000-12-01,exchange_rate,1782.58407894737,MOF_POE.csv
2001-01-01,exchange_rate,1831.29034090909,MOF_POE.csv
2001-02-01,exchange_rate,1740.774375,MOF_POE.csv
2001-03-01,exchange_rate,1751.39159090909,MOF_POE.csv
2001-04-01,exchange_rate,1772.81172619048,MOF_POE.csv
2001-05-01,exchange_rate,1782.24989130435,MOF_POE.csv
2001-06-01,exchange_rate,1763.5475,MOF_POE.csv
2001-07-01,exchange_rate,1726.07340909091,MOF_POE.csv
2001-08-01,exchange_rate,1751.61282608696,MOF_POE.csv
2001-09-01,exchange_rate,1752.484,MOF_POE.csv
2001-10-01,exchange_rate,1737.24369565217,MOF_POE.csv
2001-11-01,exchange_rate,1735.56227272727,MOF_POE.csv
2001-12-01,exchange_rate,1714.2894047619,MOF_POE.csv
2002-01-01,exchange_rate,1738.47,MOF_POE.csv
2002-02-01,exchange_rate,1743.4565,MOF_POE.csv
2002-03-01,exchange_rate,1772.06535714286,MOF_POE.csv
2002-04-01,exchange_rate,1792.54221590909,MOF_POE.csv
2002-05-01,exchange_rate,1797.60315217391,MOF_POE.csv
2002-06-01,exchange_rate,1797.170375,MOF_POE.csv
2002-07-01,exchange_rate,1803.35695652174,MOF_POE.csv
2002-08-01,exchange_rate,1805.71704545455,MOF_POE.csv
2002-09-01,exchange_rate,1813.27821428571,MOF_POE.csv
2002-10-01,exchange_rate,1827.47836956522,MOF_POE.csv
2002-11-01,exchange_rate,1832.8205952381,MOF_POE.csv
2002-12-01,exchange_rate,1845.61142857143,MOF_POE.csv
2003-01-01,exchange_rate,1868.55477272727,MOF_POE.csv
2003-02-01,exchange_rate,1885.334375,MOF_POE.csv
2003-03-01,exchange_rate,1947.3130952381,MOF_POE.csv
2003-04-01,exchange_rate,1977.40056818182,MOF_POE.csv
2003-05-01,exchange_rate,1997.70965909091,MOF_POE.csv
2003-06-01,exchange_rate,1998.91702380952,MOF_POE.csv
2003-07-01,exchange_rate,1995.01760869565,MOF_POE.csv
2003-08-01,exchange_rate,1998.66547619048,MOF_POE.csv
2003-09-01,exchange_rate,1993.0075,MOF_POE.csv
2003-10-01,exchange_rate,1990.39315217391,MOF_POE.csv
2003-11-01,exchange_rate,1972.6935,MOF_POE.csv
2003-12-01,exchange_rate,1941.52795454545,MOF_POE.csv
2004-01-01,exchange_rate,1936.06345238095,MOF_POE.csv
2004-02-01,exchange_rate,1865.58325,MOF_POE.csv
2004-03-01,exchange_rate,1926.57347826087,MOF_POE.csv
2004-04-01,exchange_rate,1918.17335227273,MOF_POE.csv
2004-05-01,exchange_rate,1852.34164285714,MOF_POE.csv
2004-06-01,exchange_rate,1818.59306818182,MOF_POE.csv
2004-07-01,exchange_rate,1747.65981818182,MOF_POE.csv
2004-08-01,exchange_rate,1728.90204545455,MOF_POE.csv
2004-09-01,exchange_rate,1722.87022727273,MOF_POE.csv
2004-10-01,exchange_rate,1734.28404761905,MOF_POE.csv
2004-11-01,exchange_rate,1731.67772727273,MOF_POE.csv
2004-12-01,exchange_rate,1737.91,MOF_POE.csv
2005-01-01,exchange_rate,1730.46142857143,MOF_POE.csv
2005-02-01,exchange_rate,1710.5775,MOF_POE.csv
2005-03-01,exchange_rate,1714.05880434783,MOF_POE.csv
2005-04-01,exchange_rate,1779.25619047619,MOF_POE.csv
2005-05-01,exchange_rate,1774.735,MOF_POE.csv
2005-06-01,exchange_rate,1738.06704545455,MOF_POE.csv
2005-07-01,exchange_rate,1755.55702380952,MOF_POE.csv
2005-08-01,exchange_rate,1816.1247826087,MOF_POE.csv
2005-09-01,exchange_rate,1849.30295454545,MOF_POE.csv
2005-10-01,exchange_rate,1854.85214285714,MOF_POE.csv
2005-11-01,exchange_rate,1834.80340909091,MOF_POE.csv
2005-12-01,exchange_rate,1816.13452380952,MOF_POE.csv
2006-01-01,exchange_rate,1818.66238636364,MOF_POE.csv
2006-02-01,exchange_rate,1816.402875,MOF_POE.csv
2006-03-01,exchange_rate,1821.08999999997,MOF_POE.csv
2006-04-01,exchange_rate,1827.70875,MOF_POE.csv
2006-05-01,exchange_rate,1835.95413043478,MOF_POE.csv
2006-06-01,exchange_rate,1859.80102272727,MOF_POE.csv
2006-07-01,exchange_rate,1857.71642857143,MOF_POE.csv
2006-08-01,exchange_rate,1847.73967391304,MOF_POE.csv
2006-09-01,exchange_rate,1854.67666666667,MOF_POE.csv
2006-10-01,exchange_rate,1843.21321428571,MOF_POE.csv
2006-11-01,exchange_rate,1818.85136363636,MOF_POE.csv
2006-12-01,exchange_rate,1773.414625,MOF_POE.csv
2007-01-01,exchange_rate,1791.54409090909,MOF_POE.csv
2007-02-01,exchange_rate,1751.68275,MOF_POE.csv
2007-03-01,exchange_rate,1751.34306818182,MOF_POE.csv
2007-04-01,exchange_rate,1729.38678571429,MOF_POE.csv
2007-05-01,exchange_rate,1696.4777173913,MOF_POE.csv
2007-06-01,exchange_rate,1643.57333333333,MOF_POE.csv
2007-07-01,exchange_rate,1652.86977272727,MOF_POE.csv
2007-08-01,exchange_rate,1737.43043478261,MOF_POE.csv
2007-09-01,exchange_rate,1762.83025,MOF_POE.csv
2007-10-01,exchange_rate,1748.13760869565,MOF_POE.csv
2007-11-01,exchange_rate,1708.82647727273,MOF_POE.csv
2007-12-01,exchange_rate,1710.37,MOF_POE.csv
2008-01-01,exchange_rate,1710.58568181818,MOF_POE.csv
2008-02-01,exchange_rate,1707.82976190476,MOF_POE.csv
2008-03-01,exchange_rate,1684.79583333333,MOF_POE.csv
2008-04-01,exchange_rate,1686.68340909091,MOF_POE.csv
2008-05-01,exchange_rate,1649.15829545454,MOF_POE.csv
2008-06-01,exchange_rate,1601.33071428571,MOF_POE.csv
2008-07-01,exchange_rate,1633.9402173913,MOF_POE.csv
2008-08-01,exchange_rate,1623.61904761905,MOF_POE.csv
2008-09-01,exchange_rate,1645.925,MOF_POE.csv
2008-10-01,exchange_rate,1834.26326086957,MOF_POE.csv
2008-11-01,exchange_rate,1910.13,MOF_POE.csv
2008-12-01,exchange_rate,1956.73931818182,MOF_POE.csv
2009-01-01,exchange_rate,1976.31845238095,MOF_POE.csv
2009-02-01,exchange_rate,1964.83275,MOF_POE.csv
2009-03-01,exchange_rate,2051.54522727273,MOF_POE.csv
2009-04-01,exchange_rate,2174.19926136364,MOF_POE.csv
2009-05-01,exchange_rate,2246.59702380952,MOF_POE.csv
2009-06-01,exchange_rate,2140.02511363636,MOF_POE.csv
2009-07-01,exchange_rate,2110.76630434783,MOF_POE.csv
2009-08-01,exchange_rate,2071.66880952381,MOF_POE.csv
2009-09-01,exchange_rate,1961.90363636364,MOF_POE.csv
2009-10-01,exchange_rate,1898.84397727273,MOF_POE.csv
2009-11-01,exchange_rate,1873.69964285714,MOF_POE.csv
2009-12-01,exchange_rate,1896.63704545455,MOF_POE.csv
2010-01-01,exchange_rate,1936.79375,MOF_POE.csv
2010-02-01,exchange_rate,1996.53675,MOF_POE.csv
2010-03-01,exchange_rate,2086.51704545455,MOF_POE.csv
2010-04-01,exchange_rate,2083.01275,MOF_POE.csv
2010-05-01,exchange_rate,2174.56952380952,MOF_POE.csv
2010-06-01,exchange_rate,2258.5595,MOF_POE.csv
2010-07-01,exchange_rate,2257.28795454545,MOF_POE.csv
2010-08-01,exchange_rate,2229.2755,MOF_POE.csv
2010-09-01,exchange_rate,2251.30476190476,MOF_POE.csv
2010-10-01,exchange_rate,2264.82023809524,MOF_POE.csv
2010-11-01,exchange_rate,2289.13571428571,MOF_POE.csv
2010-12-01,exchange_rate,2303.9302173913,MOF_POE.csv
2011-01-01,exchange_rate,2333.1355,MOF_POE.csv
2011-02-01,exchange_rate,2341.92833333333,MOF_POE.csv
2011-03-01,exchange_rate,2393.31352380952,MOF_POE.csv
2011-04-01,exchange_rate,2367.59026315789,MOF_POE.csv
2011-05-01,exchange_rate,2387.68404761905,MOF_POE.csv
2011-06-01,exchange_rate,2461.03925,MOF_POE.csv
2011-07-01,exchange_rate,2587.22857142857,MOF_POE.csv
2011-08-01,exchange_rate,2753.23295454545,MOF_POE.csv
2011-09-01,exchange_rate,2814.01876833079,MOF_POE.csv
2011-10-01,exchange_rate,2805.36597490669,MOF_POE.csv
2011-11-01,exchange_rate,2582.17727272727,MOF_POE.csv
2011-12-01,exchange_rate,2446.915,MOF_POE.csv
2012-01-01,exchange_rate,2414.1930952381,MOF_POE.csv
2012-02-01,exchange_rate,2327.96928571429,MOF_POE.csv
2012-03-01,exchange_rate,2485.01976190476,MOF_POE.csv
2012-04-01,exchange_rate,2506.21263157895,MOF_POE.csv
2012-05-01,exchange_rate,2479.05294603737,MOF_POE.csv
2012-06-01,exchange_rate,2484.35761904762,MOF_POE.csv
2012-07-01,exchange_rate,2474.18204545455,MOF_POE.csv
2012-08-01,exchange_rate,2492.03834634177,MOF_POE.csv
2012-09-01,exchange_rate,2515.877,MOF_POE.csv
2012-10-01,exchange_rate,2579.42833333333,MOF_POE.csv
2012-11-01,exchange_rate,2622.95272727273,MOF_POE.csv
2012-12-01,exchange_rate,2673.47706169355,MOF_POE.csv
2013-01-01,exchange_rate,2683.78928571429,MOF_POE.csv
2013-02-01,exchange_rate,2657.54930301252,MOF_POE.csv
2013-03-01,exchange_rate,2636.89157894737,MOF_POE.csv
2013-04-01,exchange_rate,2578.01169263981,MOF_POE.csv
2013-05-01,exchange_rate,2586.11348761546,MOF_POE.csv
2013-06-01,exchange_rate,2593.08150594265,MOF_POE.csv
2013-07-01,exchange_rate,2588.90052048496,MOF_POE.csv
2013-08-01,exchange_rate,2578.87150811025,MOF_POE.csv
2013-09-01,exchange_rate,2568.86421408837,MOF_POE.csv
2013-10-01,exchange_rate,2534.39184378998,MOF_POE.csv
2013-11-01,exchange_rate,2523.27262143086,MOF_POE.csv
2013-12-01,exchange_rate,2512.93726101084,MOF_POE.csv
2014-01-01,exchange_rate,2499.90389076533,MOF_POE.csv
2014-02-01,exchange_rate,2471.96178951448,MOF_POE.csv
2014-03-01,exchange_rate,2534.21569131073,MOF_POE.csv
2014-04-01,exchange_rate,2529.78700697517,MOF_POE.csv
2014-05-01,exchange_rate,2532.38585285101,MOF_POE.csv
2014-06-01,exchange_rate,2580.86227148587,MOF_POE.csv
2014-07-01,exchange_rate,2633.51535669946,MOF_POE.csv
2014-08-01,exchange_rate,2612.50468682125,MOF_POE.csv
2014-09-01,exchange_rate,2618.79615030458,MOF_POE.csv
2014-10-01,exchange_rate,2680.50843414695,MOF_POE.csv
2014-11-01,exchange_rate,2734.22225,MOF_POE.csv
2014-12-01,exchange_rate,2768.79503727576,MOF_POE.csv
2015-01-01,exchange_rate,2860.712,MOF_POE.csv
2015-02-01,exchange_rate,2868.84775,MOF_POE.csv
2015-03-01,exchange_rate,2951.51027214751,MOF_POE.csv
2015-04-01,exchange_rate,2995.57775,MOF_POE.csv
2015-05-01,exchange_rate,3007.603,MOF_POE.csv
2015-06-01,exchange_rate,3199.90275,MOF_POE.csv
2015-07-01,exchange_rate,3360.09431488801,MOF_POE.csv
2015-08-01,exchange_rate,3548.25142857143,MOF_POE.csv
2015-09-01,exchange_rate,3667.56714285714,MOF_POE.csv
2015-10-01,exchange_rate,3636.02452380952,MOF_POE.csv
2015-11-01,exchange_rate,3428.99809523809,MOF_POE.csv
2015-12-01,exchange_rate,3362.49256916996,MOF_POE.csv
2016-01-01,exchange_rate,3451.20894736842,MOF_POE.csv
2016-02-01,exchange_rate,3435.11396135266,MOF_POE.csv
2016-03-01,exchange_rate,3365.24689130435,MOF_POE.csv
2016-04-01,exchange_rate,3343.57207729469,MOF_POE.csv
2016-05-01,exchange_rate,3348.91925465838,MOF_POE.csv
2016-06-01,exchange_rate,3367.992602657,MOF_POE.csv
2016-07-01,exchange_rate,3379.29338888889,MOF_POE.csv
2016-08-01,exchange_rate,3373.535,MOF_POE.csv
2016-09-01,exchange_rate,3381.40619047619,MOF_POE.csv
2016-10-01,exchange_rate,3435.84835978836,MOF_POE.csv
2016-11-01,exchange_rate,3560.62343434343,MOF_POE.csv
2016-12-01,exchange_rate,3598.16597883598,MOF_POE.csv
2017-01-01,exchange_rate,3609.4773015873,MOF_POE.csv
2017-02-01,exchange_rate,3585.34954678363,MOF_POE.csv
2017-03-01,exchange_rate,3599.01411363636,MOF_POE.csv
2017-04-01,exchange_rate,3618.69722222222,MOF_POE.csv
2017-05-01,exchange_rate,3623.60659090909,MOF_POE.csv
2017-06-01,exchange_rate,3591.09838624339,MOF_POE.csv
2017-07-01,exchange_rate,3601.5305,MOF_POE.csv
2017-08-01,exchange_rate,3606.03173913043,MOF_POE.csv
2017-09-01,exchange_rate,3599.866,MOF_POE.csv
2017-10-01,exchange_rate,3637.90952380952,MOF_POE.csv
2017-11-01,exchange_rate,3638.85080808081,MOF_POE.csv
2017-12-01,exchange_rate,3623.26157894737,MOF_POE.csv
2018-01-01,exchange_rate,3640.05304232804,MOF_POE.csv
2018-02-01,exchange_rate,3637.56260233918,MOF_POE.csv
2018-03-01,exchange_rate,3660.11786111111,MOF_POE.csv
2018-04-01,exchange_rate,3697.2425,MOF_POE.csv
2018-05-01,exchange_rate,3726.84315656566,MOF_POE.csv
2018-06-01,exchange_rate,3840.47675,MOF_POE.csv
2018-07-01,exchange_rate,3760.44343915344,MOF_POE.csv
2018-08-01,exchange_rate,3729.5325,MOF_POE.csv
2018-09-01,exchange_rate,3800.67941666667,MOF_POE.csv
2018-10-01,exchange_rate,3777.97772727273,MOF_POE.csv
2018-11-01,exchange_rate,3739.57772727273,MOF_POE.csv
2018-12-01,exchange_rate,3714.12678362573,MOF_POE.csv
2019-01-01,exchange_rate,3702.43409090909,MOF_POE.csv
2019-02-01,exchange_rate,3672.894,MOF_POE.csv
2019-03-01,exchange_rate,3706.1915,MOF_POE.csv
2019-04-01,exchange_rate,3736.97575,MOF_POE.csv
2019-05-01,exchange_rate,3765.62933080808,MOF_POE.csv
2019-06-01,exchange_rate,3728.98830246914,MOF_POE.csv
2019-07-01,exchange_rate,3696.48695652174,MOF_POE.csv
2019-08-01,exchange_rate,3693.73386363636,MOF_POE.csv
2019-09-01,exchange_rate,3675.49642857143,MOF_POE.csv
2019-10-01,exchange_rate,3695.83636363636,MOF_POE.csv
2019-11-01,exchange_rate,3697.44285714286,MOF_POE.csv
2019-12-01,exchange_rate,3676.60441666667,MOF_POE.csv
2020-01-01,exchange_rate,3680.77116161616,MOF_POE.csv
2020-02-01,exchange_rate,3676.8465,MOF_POE.csv
2020-03-01,exchange_rate,3772.9075,MOF_POE.csv
2020-04-01,exchange_rate,3785.74630555556,MOF_POE.csv
2020-05-01,exchange_rate,3791.46,MOF_POE.csv
2020-06-01,exchange_rate,3737.9445,MOF_POE.csv
2020-07-01,exchange_rate,3703.53704545455,MOF_POE.csv
2020-08-01,exchange_rate,3677.52758454106,MOF_POE.csv
2020-09-01,exchange_rate,3695.08727272727,MOF_POE.csv
2020-10-01,exchange_rate,3719.91692857143,MOF_POE.csv
2020-11-01,exchange_rate,3710.67738095238,MOF_POE.csv
2020-12-01,exchange_rate,3666.54318181818,MOF_POE.csv
2021-01-01,exchange_rate,3691.563657289,MOF_POE.csv
2021-02-01,exchange_rate,3667.31578947368,MOF_POE.csv
2021-03-01,exchange_rate,3662.86954545455,MOF_POE.csv
2021-04-01,exchange_rate,3623.302,MOF_POE.csv
2021-05-01,exchange_rate,3552.78657894737,MOF_POE.csv
2021-06-01,exchange_rate,3540.35210526316,MOF_POE.csv
2021-07-01,exchange_rate,3552.30571428571,MOF_POE.csv
2021-08-01,exchange_rate,3537.03681818182,MOF_POE.csv
2021-09-01,exchange_rate,3530.51772727273,MOF_POE.csv
2021-10-01,exchange_rate,3579.94238095238,MOF_POE.csv
2021-11-01,exchange_rate,3551.52279545455,MOF_POE.csv
2021-12-01,exchange_rate,3554.99173913044,MOF_POE.csv
2022-01-01,exchange_rate,3528.8335,MOF_POE.csv
2022-02-01,exchange_rate,3514.50684210526,MOF_POE.csv
2022-03-01,exchange_rate,3589.83790513834,MOF_POE.csv
2022-04-01,exchange_rate,3541.45611111111,MOF_POE.csv
2022-05-01,exchange_rate,3633.06809523809,MOF_POE.csv
2022-06-01,exchange_rate,3747.38075,MOF_POE.csv
2022-07-01,exchange_rate,3791.47285714286,MOF_POE.csv
2022-08-01,exchange_rate,3832.38434782609,MOF_POE.csv
2022-09-01,exchange_rate,3825.59181818182,MOF_POE.csv
2022-10-01,exchange_rate,3822.04571428571,MOF_POE.csv
2022-11-01,exchange_rate,3760.22818181818,MOF_POE.csv
2022-12-01,exchange_rate,3690.8580952381,MOF_POE.csv
2023-01-01,exchange_rate,3693.61047619048,MOF_POE.csv
2023-02-01,exchange_rate,3685.71578947368,MOF_POE.csv
2023-03-01,exchange_rate,3744.515,MOF_POE.csv
2023-04-01,exchange_rate,3745.81941176471,MOF_POE.csv
2023-05-01,exchange_rate,3729.55454545454,MOF_POE.csv
2023-06-01,exchange_rate,3707.788,MOF_POE.csv
2023-07-01,exchange_rate,3661.22952380952,MOF_POE.csv
2023-08-01,exchange_rate,3689.12260869565,MOF_POE.csv
2023-09-01,exchange_rate,3738.94071428571,MOF_POE.csv
2023-10-01,exchange_rate,3755.62531746032,MOF_POE.csv
2023-11-01,exchange_rate,3782.02518939394,MOF_POE.csv
2023-12-01,exchange_rate,3780.73976608187,MOF_POE.csv
2024-01-01,exchange_rate,3805.03362433863,MOF_POE.csv
2024-02-01,exchange_rate,3873.58773611111,MOF_POE.csv
2024-03-01,exchange_rate,3895.7797368421,MOF_POE.csv
2024-04-01,exchange_rate,3822.6875,MOF_POE.csv
2024-05-01,exchange_rate,3791.40079365079,MOF_POE.csv
2024-06-01,exchange_rate,3747.19011695906,MOF_POE.csv
2024-07-01,exchange_rate,3705.85480676329,MOF_POE.csv
2024-08-01,exchange_rate,3723.64728650138,MOF_POE.csv
2024-09-01,exchange_rate,3711.31308802309,MOF_POE.csv
2024-10-01,exchange_rate,3667.92613636364,MOF_POE.csv
2024-11-01,exchange_rate,3678.64754689755,MOF_POE.csv
2024-12-01,exchange_rate,3664.08201515152,MOF_POE.csv
2025-01-01,exchange_rate,3688.95898760331,MOF_POE.csv
2025-02-01,exchange_rate,3677.70182954545,MOF_POE.csv
2025-03-01,exchange_rate,3667.8645995671,MOF_POE.csv
2025-04-01,exchange_rate,3669.61205681818,MOF_POE.csv
2025-05-01,exchange_rate,3653.39715367965,MOF_POE.csv
2025-06-01,exchange_rate,3605.83843434343,MOF_POE.csv
2025-07-01,exchange_rate,3586.56590909091,MOF_POE.csv
2025-08-01,exchange_rate,3563.9291017316,MOF_POE.csv
2025-09-01,exchange_rate,3507.79013429752,MOF_POE.csv
2025-10-01,exchange_rate,3463.62905991736,MOF_POE.csv
2025-11-01,exchange_rate,3573.88565909091,MOF_POE.csv
2025-12-01,exchange_rate,3575.22890692641,MOF_POE.csv
2026-01-01,exchange_rate,3562.14402777778,MOF_POE.csv
2026-02-01,exchange_rate,3568.22894736842,MOF_POE.csv
2026-03-01,exchange_rate,3730.53132251082,MOF_POE.csv
2026-04-01,exchange_rate,3716.69922619048,MOF_POE.csv
2026-05-01,exchange_rate,3764.10974867725,MOF_POE.csv
2026-06-01,exchange_rate,3710.63582142857,MOF_POE.csv
1983-01-01,lending_rate,16.0,MOF_POE.csv
1983-07-01,lending_rate,16.0,MOF_POE.csv
1983-12-01,lending_rate,18.0,MOF_POE.csv
1984-01-01,lending_rate,18.0,MOF_POE.csv
1984-07-01,lending_rate,24.0,MOF_POE.csv
1984-12-01,lending_rate,24.0,MOF_POE.csv
1985-01-01,lending_rate,24.0,MOF_POE.csv
1985-07-01,lending_rate,24.0,MOF_POE.csv
1985-12-01,lending_rate,24.0,MOF_POE.csv
1986-01-01,lending_rate,24.0,MOF_POE.csv
1986-07-01,lending_rate,38.0,MOF_POE.csv
1986-12-01,lending_rate,38.0,MOF_POE.csv
1987-03-01,lending_rate,38.0,MOF_POE.csv
1987-06-01,lending_rate,38.0,MOF_POE.csv
1990-09-01,lending_rate,36.0,MOF_POE.csv
1990-12-01,lending_rate,36.0,MOF_POE.csv
1991-03-01,lending_rate,32.0,MOF_POE.csv
1991-06-01,lending_rate,32.0,MOF_POE.csv
1991-09-01,lending_rate,37.0,MOF_POE.csv
1991-12-01,lending_rate,37.0,MOF_POE.csv
1992-03-01,lending_rate,38.0,MOF_POE.csv
1992-04-01,lending_rate,40.0,MOF_POE.csv
1992-06-01,lending_rate,40.0,MOF_POE.csv
1992-09-01,lending_rate,40.0,MOF_POE.csv
1992-12-01,lending_rate,33.06,MOF_POE.csv
1993-01-01,lending_rate,22.13,MOF_POE.csv
1993-02-01,lending_rate,25.05,MOF_POE.csv
1993-03-01,lending_rate,25.86,MOF_POE.csv
1993-04-01,lending_rate,26.01,MOF_POE.csv
1993-05-01,lending_rate,24.8,MOF_POE.csv
1993-06-01,lending_rate,26.79,MOF_POE.csv
1993-07-01,lending_rate,26.25,MOF_POE.csv
1993-08-01,lending_rate,25.89,MOF_POE.csv
1993-09-01,lending_rate,25.52,MOF_POE.csv
1993-10-01,lending_rate,22.46,MOF_POE.csv
1993-11-01,lending_rate,20.06,MOF_POE.csv
1993-12-01,lending_rate,20.33,MOF_POE.csv
1994-01-01,lending_rate,22.24,MOF_POE.csv
1994-02-01,lending_rate,24.36,MOF_POE.csv
1994-03-01,lending_rate,25.03,MOF_POE.csv
1994-04-01,lending_rate,23.05,MOF_POE.csv
1994-05-01,lending_rate,17.2,MOF_POE.csv
1994-06-01,lending_rate,14.0,MOF_POE.csv
1994-07-01,lending_rate,20.49,MOF_POE.csv
1994-08-01,lending_rate,19.32,MOF_POE.csv
1994-09-01,lending_rate,19.66,MOF_POE.csv
1994-10-01,lending_rate,19.22,MOF_POE.csv
1994-11-01,lending_rate,22.02,MOF_POE.csv
1994-12-01,lending_rate,22.25,MOF_POE.csv
1995-01-01,lending_rate,22.01,MOF_POE.csv
1995-02-01,lending_rate,21.78,MOF_POE.csv
1995-03-01,lending_rate,21.71,MOF_POE.csv
1995-04-01,lending_rate,21.7,MOF_POE.csv
1995-05-01,lending_rate,20.07,MOF_POE.csv
1995-06-01,lending_rate,19.53,MOF_POE.csv
1995-07-01,lending_rate,19.54,MOF_POE.csv
1995-08-01,lending_rate,19.25,MOF_POE.csv
1995-09-01,lending_rate,19.32,MOF_POE.csv
1995-10-01,lending_rate,19.12,MOF_POE.csv
1995-11-01,lending_rate,19.02,MOF_POE.csv
1995-12-01,lending_rate,18.9,MOF_POE.csv
1996-01-01,lending_rate,19.3623397709793,MOF_POE.csv
1996-02-01,lending_rate,19.4313675643355,MOF_POE.csv
1996-03-01,lending_rate,19.2772744889061,MOF_POE.csv
1996-04-01,lending_rate,19.9419677024338,MOF_POE.csv
1996-05-01,lending_rate,20.2628862237741,MOF_POE.csv
1996-06-01,lending_rate,20.774264198521,MOF_POE.csv
1996-07-01,lending_rate,20.4638351847319,MOF_POE.csv
1996-08-01,lending_rate,20.8071197652356,MOF_POE.csv
1996-09-01,lending_rate,20.6283563125544,MOF_POE.csv
1996-10-01,lending_rate,20.7711358262619,MOF_POE.csv
1996-11-01,lending_rate,20.7016274992106,MOF_POE.csv
1996-12-01,lending_rate,21.1690111519816,MOF_POE.csv
1997-01-01,lending_rate,21.1570962018343,MOF_POE.csv
1997-02-01,lending_rate,21.2825480465597,MOF_POE.csv
1997-03-01,lending_rate,21.3381619210638,MOF_POE.csv
1997-04-01,lending_rate,21.4268082057798,MOF_POE.csv
1997-05-01,lending_rate,21.4417501457997,MOF_POE.csv
1997-06-01,lending_rate,21.703939616709,MOF_POE.csv
1997-07-01,lending_rate,21.9695540908061,MOF_POE.csv
1997-08-01,lending_rate,21.9641346939721,MOF_POE.csv
1997-09-01,lending_rate,21.0762689869592,MOF_POE.csv
1997-10-01,lending_rate,20.9765685055852,MOF_POE.csv
1997-11-01,lending_rate,20.9435329959064,MOF_POE.csv
1997-12-01,lending_rate,21.1660325349715,MOF_POE.csv
1998-01-01,lending_rate,21.3604318281625,MOF_POE.csv
1998-02-01,lending_rate,21.3270474704553,MOF_POE.csv
1998-03-01,lending_rate,21.2547452968576,MOF_POE.csv
1998-04-01,lending_rate,21.5142558993547,MOF_POE.csv
1998-05-01,lending_rate,21.4074607143504,MOF_POE.csv
1998-06-01,lending_rate,21.4775597,MOF_POE.csv
1998-07-01,lending_rate,21.3123029,MOF_POE.csv
1998-08-01,lending_rate,20.0165576,MOF_POE.csv
1998-09-01,lending_rate,19.333,MOF_POE.csv
1998-10-01,lending_rate,20.36,MOF_POE.csv
1998-11-01,lending_rate,20.74,MOF_POE.csv
1998-12-01,lending_rate,20.24,MOF_POE.csv
1999-01-01,lending_rate,20.72,MOF_POE.csv
1999-02-01,lending_rate,20.75,MOF_POE.csv
1999-03-01,lending_rate,24.11,MOF_POE.csv
1999-04-01,lending_rate,21.0,MOF_POE.csv
1999-05-01,lending_rate,22.27,MOF_POE.csv
1999-06-01,lending_rate,22.96,MOF_POE.csv
1999-07-01,lending_rate,22.87,MOF_POE.csv
1999-08-01,lending_rate,21.2,MOF_POE.csv
1999-09-01,lending_rate,20.18,MOF_POE.csv
1999-10-01,lending_rate,20.38,MOF_POE.csv
1999-11-01,lending_rate,22.68,MOF_POE.csv
1999-12-01,lending_rate,19.47,MOF_POE.csv
2000-01-01,lending_rate,21.51,MOF_POE.csv
2000-02-01,lending_rate,21.76,MOF_POE.csv
2000-03-01,lending_rate,20.82,MOF_POE.csv
2000-04-01,lending_rate,21.2285,MOF_POE.csv
2000-05-01,lending_rate,23.3029,MOF_POE.csv
2000-06-01,lending_rate,21.9099,MOF_POE.csv
2000-07-01,lending_rate,23.96719,MOF_POE.csv
2000-08-01,lending_rate,24.17,MOF_POE.csv
2000-09-01,lending_rate,24.03,MOF_POE.csv
2000-10-01,lending_rate,24.17,MOF_POE.csv
2000-11-01,lending_rate,23.02,MOF_POE.csv
2000-12-01,lending_rate,25.1491810068149,MOF_POE.csv
2001-01-01,lending_rate,25.4946861116676,MOF_POE.csv
2001-02-01,lending_rate,26.28,MOF_POE.csv
2001-03-01,lending_rate,25.55,MOF_POE.csv
2001-04-01,lending_rate,23.22,MOF_POE.csv
2001-05-01,lending_rate,23.59,MOF_POE.csv
2001-06-01,lending_rate,21.74,MOF_POE.csv
2001-07-01,lending_rate,19.1354815251574,MOF_POE.csv
2001-08-01,lending_rate,21.0514004652557,MOF_POE.csv
2001-09-01,lending_rate,22.9709208487243,MOF_POE.csv
2001-10-01,lending_rate,21.39,MOF_POE.csv
2001-11-01,lending_rate,19.91,MOF_POE.csv
2001-12-01,lending_rate,21.5277323344924,MOF_POE.csv
2002-01-01,lending_rate,19.3538401217623,MOF_POE.csv
2002-02-01,lending_rate,21.4332444871875,MOF_POE.csv
2002-03-01,lending_rate,20.2673826298313,MOF_POE.csv
2002-04-01,lending_rate,19.81,MOF_POE.csv
2002-05-01,lending_rate,18.02,MOF_POE.csv
2002-06-01,lending_rate,17.57,MOF_POE.csv
2002-07-01,lending_rate,20.889,MOF_POE.csv
2002-08-01,lending_rate,18.29971629773,MOF_POE.csv
2002-09-01,lending_rate,20.1568617248848,MOF_POE.csv
2002-10-01,lending_rate,17.144,MOF_POE.csv
2002-11-01,lending_rate,17.756,MOF_POE.csv
2002-12-01,lending_rate,18.467,MOF_POE.csv
2003-01-01,lending_rate,17.909,MOF_POE.csv
2003-02-01,lending_rate,17.6667110632616,MOF_POE.csv
2003-03-01,lending_rate,17.6047834158409,MOF_POE.csv
2003-04-01,lending_rate,17.93,MOF_POE.csv
2003-05-01,lending_rate,19.5535838670665,MOF_POE.csv
2003-06-01,lending_rate,18.34,MOF_POE.csv
2003-07-01,lending_rate,19.518,MOF_POE.csv
2003-08-01,lending_rate,22.4331660769865,MOF_POE.csv
2003-09-01,lending_rate,18.4186973155597,MOF_POE.csv
2003-10-01,lending_rate,16.8947186920869,MOF_POE.csv
2003-11-01,lending_rate,20.5479626822489,MOF_POE.csv
2003-12-01,lending_rate,21.4327821686555,MOF_POE.csv
2004-01-01,lending_rate,23.241358051211,MOF_POE.csv
2004-02-01,lending_rate,23.2637265449913,MOF_POE.csv
2004-03-01,lending_rate,22.123200869894,MOF_POE.csv
2004-04-01,lending_rate,19.7662150735204,MOF_POE.csv
2004-05-01,lending_rate,20.7954418867469,MOF_POE.csv
2004-06-01,lending_rate,20.8848629654527,MOF_POE.csv
2004-07-01,lending_rate,19.9202434312787,MOF_POE.csv
2004-08-01,lending_rate,20.2005608075147,MOF_POE.csv
2004-09-01,lending_rate,19.55155692147,MOF_POE.csv
2004-10-01,lending_rate,19.7295374284388,MOF_POE.csv
2004-11-01,lending_rate,21.3364769262504,MOF_POE.csv
2004-12-01,lending_rate,18.7966048631899,MOF_POE.csv
2005-01-01,lending_rate,19.36,MOF_POE.csv
2005-02-01,lending_rate,20.36,MOF_POE.csv
2005-03-01,lending_rate,20.63,MOF_POE.csv
2005-04-01,lending_rate,20.78,MOF_POE.csv
2005-05-01,lending_rate,19.42,MOF_POE.csv
2005-06-01,lending_rate,18.07,MOF_POE.csv
2005-07-01,lending_rate,19.557,MOF_POE.csv
2005-08-01,lending_rate,20.611,MOF_POE.csv
2005-09-01,lending_rate,19.176,MOF_POE.csv
2005-10-01,lending_rate,19.59,MOF_POE.csv
2005-11-01,lending_rate,18.79,MOF_POE.csv
2005-12-01,lending_rate,19.37,MOF_POE.csv
2006-01-01,lending_rate,19.74,MOF_POE.csv
2006-02-01,lending_rate,19.18,MOF_POE.csv
2006-03-01,lending_rate,18.86,MOF_POE.csv
2006-04-01,lending_rate,18.733,MOF_POE.csv
2006-05-01,lending_rate,18.23,MOF_POE.csv
2006-06-01,lending_rate,18.5987214813787,MOF_POE.csv
2006-07-01,lending_rate,18.2100893713232,MOF_POE.csv
2006-08-01,lending_rate,18.174,MOF_POE.csv
2006-09-01,lending_rate,19.176,MOF_POE.csv
2006-10-01,lending_rate,18.671,MOF_POE.csv
2006-11-01,lending_rate,17.8907142275962,MOF_POE.csv
2006-12-01,lending_rate,18.9087892923582,MOF_POE.csv
2007-01-01,lending_rate,18.9253279104779,MOF_POE.csv
2007-02-01,lending_rate,18.826363578196,MOF_POE.csv
2007-03-01,lending_rate,19.1662175684321,MOF_POE.csv
2007-04-01,lending_rate,18.8505278736593,MOF_POE.csv
2007-05-01,lending_rate,19.6988652551042,MOF_POE.csv
2007-06-01,lending_rate,19.384,MOF_POE.csv
2007-07-01,lending_rate,19.411564896307,MOF_POE.csv
2007-08-01,lending_rate,19.6753840478646,MOF_POE.csv
2007-09-01,lending_rate,18.9787380609737,MOF_POE.csv
2007-10-01,lending_rate,19.8593656569218,MOF_POE.csv
2007-11-01,lending_rate,18.2882546652236,MOF_POE.csv
2007-12-01,lending_rate,18.204864102881,MOF_POE.csv
2008-01-01,lending_rate,19.4,MOF_POE.csv
2008-02-01,lending_rate,19.48,MOF_POE.csv
2008-03-01,lending_rate,20.084,MOF_POE.csv
2008-04-01,lending_rate,21.219,MOF_POE.csv
2008-05-01,lending_rate,19.92,MOF_POE.csv
2008-06-01,lending_rate,20.1796276413635,MOF_POE.csv
2008-07-01,lending_rate,22.0077140097903,MOF_POE.csv
2008-08-01,lending_rate,23.3385473503078,MOF_POE.csv
2008-09-01,lending_rate,21.2282707375152,MOF_POE.csv
2008-10-01,lending_rate,20.1636334230794,MOF_POE.csv
2008-11-01,lending_rate,19.38,MOF_POE.csv
2008-12-01,lending_rate,19.0,MOF_POE.csv
2009-01-01,lending_rate,18.9237758794523,MOF_POE.csv
2009-02-01,lending_rate,20.6979807807587,MOF_POE.csv
2009-03-01,lending_rate,20.9702774066981,MOF_POE.csv
2009-04-01,lending_rate,21.4354955734237,MOF_POE.csv
2009-05-01,lending_rate,22.1968248034371,MOF_POE.csv
2009-06-01,lending_rate,21.7956698708985,MOF_POE.csv
2009-07-01,lending_rate,21.0,MOF_POE.csv
2009-08-01,lending_rate,21.7539071468318,MOF_POE.csv
2009-09-01,lending_rate,20.69,MOF_POE.csv
2009-10-01,lending_rate,20.4177052611617,MOF_POE.csv
2009-11-01,lending_rate,21.5742090591037,MOF_POE.csv
2009-12-01,lending_rate,20.0061435953712,MOF_POE.csv
2010-01-01,lending_rate,19.5712138971581,MOF_POE.csv
2010-02-01,lending_rate,20.1934950746309,MOF_POE.csv
2010-03-01,lending_rate,21.1287540314364,MOF_POE.csv
2010-04-01,lending_rate,21.95318720375,MOF_POE.csv
2010-05-01,lending_rate,20.6124452305987,MOF_POE.csv
2010-06-01,lending_rate,20.0651767003077,MOF_POE.csv
2010-07-01,lending_rate,19.5666395661505,MOF_POE.csv
2010-08-01,lending_rate,20.3203259741641,MOF_POE.csv
2010-09-01,lending_rate,18.8191232190694,MOF_POE.csv
2010-10-01,lending_rate,20.0070897163189,MOF_POE.csv
2010-11-01,lending_rate,20.1436272046866,MOF_POE.csv
2010-12-01,lending_rate,19.714483692957,MOF_POE.csv
2011-01-01,lending_rate,20.09,MOF_POE.csv
2011-02-01,lending_rate,19.5774004426404,MOF_POE.csv
2011-03-01,lending_rate,19.9651823853528,MOF_POE.csv
2011-04-01,lending_rate,19.9719371180576,MOF_POE.csv
2011-05-01,lending_rate,19.8672408086994,MOF_POE.csv
2011-06-01,lending_rate,19.9368396336293,MOF_POE.csv
2011-07-01,lending_rate,21.7245804579027,MOF_POE.csv
2011-08-01,lending_rate,21.3075444993191,MOF_POE.csv
2011-09-01,lending_rate,23.3359523961013,MOF_POE.csv
2011-10-01,lending_rate,23.5495918160434,MOF_POE.csv
2011-11-01,lending_rate,25.9679818584324,MOF_POE.csv
2011-12-01,lending_rate,26.7055197010198,MOF_POE.csv
2012-01-01,lending_rate,27.237894705117,MOF_POE.csv
2012-02-01,lending_rate,26.9199039757476,MOF_POE.csv
2012-03-01,lending_rate,27.5655091843762,MOF_POE.csv
2012-04-01,lending_rate,26.1429960237743,MOF_POE.csv
2012-05-01,lending_rate,26.6569806498912,MOF_POE.csv
2012-06-01,lending_rate,27.0207042515861,MOF_POE.csv
2012-07-01,lending_rate,26.8794773447707,MOF_POE.csv
2012-08-01,lending_rate,26.4277726723914,MOF_POE.csv
2012-09-01,lending_rate,25.6579667887168,MOF_POE.csv
2012-10-01,lending_rate,23.5388274362171,MOF_POE.csv
2012-11-01,lending_rate,23.7792622406711,MOF_POE.csv
2012-12-01,lending_rate,24.9205447416324,MOF_POE.csv
2013-01-01,lending_rate,24.0960643515367,MOF_POE.csv
2013-02-01,lending_rate,24.3229985437882,MOF_POE.csv
2013-03-01,lending_rate,24.0305179153044,MOF_POE.csv
2013-04-01,lending_rate,24.6947160963886,MOF_POE.csv
2013-05-01,lending_rate,23.4519863280217,MOF_POE.csv
2013-06-01,lending_rate,22.7175118633896,MOF_POE.csv
2013-07-01,lending_rate,23.145730723566,MOF_POE.csv
2013-08-01,lending_rate,23.0957847812148,MOF_POE.csv
2013-09-01,lending_rate,22.5152112149347,MOF_POE.csv
2013-10-01,lending_rate,22.2232990091955,MOF_POE.csv
2013-11-01,lending_rate,22.6980714028555,MOF_POE.csv
2013-12-01,lending_rate,22.4350450453722,MOF_POE.csv
2014-01-01,lending_rate,21.924662920088,MOF_POE.csv
2014-02-01,lending_rate,20.8134222612181,MOF_POE.csv
2014-03-01,lending_rate,21.8703234542479,MOF_POE.csv
2014-04-01,lending_rate,21.7776609899996,MOF_POE.csv
2014-05-01,lending_rate,21.8921819047354,MOF_POE.csv
2014-06-01,lending_rate,21.5481028162378,MOF_POE.csv
2014-07-01,lending_rate,21.5597927318759,MOF_POE.csv
2014-08-01,lending_rate,21.7207206683614,MOF_POE.csv
2014-09-01,lending_rate,21.1779232882472,MOF_POE.csv
2014-10-01,lending_rate,21.9062402148964,MOF_POE.csv
2014-11-01,lending_rate,22.1417565781373,MOF_POE.csv
2014-12-01,lending_rate,20.6779344561068,MOF_POE.csv
2015-01-01,lending_rate,21.6867684590963,MOF_POE.csv
2015-02-01,lending_rate,20.82,MOF_POE.csv
2015-03-01,lending_rate,20.0801326974771,MOF_POE.csv
2015-04-01,lending_rate,22.1,MOF_POE.csv
2015-05-01,lending_rate,22.7391753057081,MOF_POE.csv
2015-06-01,lending_rate,22.34,MOF_POE.csv
2015-07-01,lending_rate,21.76,MOF_POE.csv
2015-08-01,lending_rate,23.5,MOF_POE.csv
2015-09-01,lending_rate,23.25,MOF_POE.csv
2015-10-01,lending_rate,23.9,MOF_POE.csv
2015-11-01,lending_rate,24.45,MOF_POE.csv
2015-12-01,lending_rate,24.59,MOF_POE.csv
2016-01-01,lending_rate,24.29,MOF_POE.csv
2016-02-01,lending_rate,25.22,MOF_POE.csv
2016-03-01,lending_rate,24.37,MOF_POE.csv
2016-04-01,lending_rate,24.23,MOF_POE.csv
2016-05-01,lending_rate,24.48,MOF_POE.csv
2016-06-01,lending_rate,23.54,MOF_POE.csv
2016-07-01,lending_rate,23.9,MOF_POE.csv
2016-08-01,lending_rate,24.29,MOF_POE.csv
2016-09-01,lending_rate,23.7135914959542,MOF_POE.csv
2016-10-01,lending_rate,22.81,MOF_POE.csv
2016-11-01,lending_rate,23.07,MOF_POE.csv
2016-12-01,lending_rate,22.72,MOF_POE.csv
2017-01-01,lending_rate,22.37,MOF_POE.csv
2017-02-01,lending_rate,23.1273568441806,MOF_POE.csv
2017-03-01,lending_rate,22.45,MOF_POE.csv
2017-04-01,lending_rate,20.52,MOF_POE.csv
2017-05-01,lending_rate,21.04,MOF_POE.csv
2017-06-01,lending_rate,21.11,MOF_POE.csv
2017-07-01,lending_rate,20.88,MOF_POE.csv
2017-08-01,lending_rate,22.29,MOF_POE.csv
2017-09-01,lending_rate,20.89,MOF_POE.csv
2017-10-01,lending_rate,18.97,MOF_POE.csv
2017-11-01,lending_rate,21.42,MOF_POE.csv
2017-12-01,lending_rate,20.276701023335,MOF_POE.csv
2018-01-01,lending_rate,20.2573268024728,MOF_POE.csv
2018-02-01,lending_rate,21.1035262097449,MOF_POE.csv
2018-03-01,lending_rate,20.1018827701149,MOF_POE.csv
2018-04-01,lending_rate,20.034877234095,MOF_POE.csv
2018-05-01,lending_rate,20.1999073716358,MOF_POE.csv
2018-06-01,lending_rate,17.683715187874,MOF_POE.csv
2018-07-01,lending_rate,19.17,MOF_POE.csv
2018-08-01,lending_rate,19.03,MOF_POE.csv
2018-09-01,lending_rate,19.56,MOF_POE.csv
2018-10-01,lending_rate,20.3713441887711,MOF_POE.csv
2018-11-01,lending_rate,20.5096932845887,MOF_POE.csv
2018-12-01,lending_rate,20.1477551090464,MOF_POE.csv
2019-01-01,lending_rate,21.3984700795888,MOF_POE.csv
2019-02-01,lending_rate,21.1052143002769,MOF_POE.csv
2019-03-01,lending_rate,19.6053445259492,MOF_POE.csv
2019-04-01,lending_rate,19.7906989423451,MOF_POE.csv
2019-05-01,lending_rate,19.6312875341174,MOF_POE.csv
2019-06-01,lending_rate,19.0216093138992,MOF_POE.csv
2019-07-01,lending_rate,21.4359983055731,MOF_POE.csv
2019-08-01,lending_rate,20.227302712304,MOF_POE.csv
2019-09-01,lending_rate,19.823623988352,MOF_POE.csv
2019-10-01,lending_rate,19.8048609403963,MOF_POE.csv
2019-11-01,lending_rate,18.3397265329228,MOF_POE.csv
2019-12-01,lending_rate,18.8344591980902,MOF_POE.csv
2020-01-01,lending_rate,19.8834273260785,MOF_POE.csv
2020-02-01,lending_rate,19.12,MOF_POE.csv
2020-03-01,lending_rate,17.78,MOF_POE.csv
2020-04-01,lending_rate,17.73,MOF_POE.csv
2020-05-01,lending_rate,18.84,MOF_POE.csv
2020-06-01,lending_rate,19.2971441954946,MOF_POE.csv
2020-07-01,lending_rate,20.9292024479297,MOF_POE.csv
2020-08-01,lending_rate,19.8382721634667,MOF_POE.csv
2020-09-01,lending_rate,19.9062974975883,MOF_POE.csv
2020-10-01,lending_rate,19.2995093421278,MOF_POE.csv
2020-11-01,lending_rate,19.6383111146535,MOF_POE.csv
2020-12-01,lending_rate,17.1101860472377,MOF_POE.csv
2021-01-01,lending_rate,17.3963201483861,MOF_POE.csv
2021-02-01,lending_rate,19.8615200132269,MOF_POE.csv
2021-03-01,lending_rate,18.76,MOF_POE.csv
2021-04-01,lending_rate,18.1,MOF_POE.csv
2021-05-01,lending_rate,19.55,MOF_POE.csv
2021-06-01,lending_rate,17.0,MOF_POE.csv
2021-07-01,lending_rate,16.276291253495,MOF_POE.csv
2021-08-01,lending_rate,18.29,MOF_POE.csv
2021-09-01,lending_rate,19.0474008665586,MOF_POE.csv
2021-10-01,lending_rate,19.6552944030961,MOF_POE.csv
2021-11-01,lending_rate,19.8703336625883,MOF_POE.csv
2021-12-01,lending_rate,18.6034951497352,MOF_POE.csv
2022-01-01,lending_rate,19.3983031503427,MOF_POE.csv
2022-02-01,lending_rate,18.8365783640463,MOF_POE.csv
2022-03-01,lending_rate,19.3501256323033,MOF_POE.csv
2022-04-01,lending_rate,18.8408377284236,MOF_POE.csv
2022-05-01,lending_rate,18.3201709512936,MOF_POE.csv
2022-06-01,lending_rate,16.3293799369815,MOF_POE.csv
2022-07-01,lending_rate,15.5313039825407,MOF_POE.csv
2022-08-01,lending_rate,17.2864483883482,MOF_POE.csv
2022-09-01,lending_rate,18.2353549472688,MOF_POE.csv
2022-10-01,lending_rate,18.4165387517413,MOF_POE.csv
2022-11-01,lending_rate,18.9784083347439,MOF_POE.csv
2022-12-01,lending_rate,18.9064470461976,MOF_POE.csv
2023-01-01,lending_rate,18.5400974430027,MOF_POE.csv
2023-02-01,lending_rate,20.2362343638096,MOF_POE.csv
2023-03-01,lending_rate,18.7584902721643,MOF_POE.csv
2023-04-01,lending_rate,19.2651590800361,MOF_POE.csv
2023-05-01,lending_rate,20.1394089070404,MOF_POE.csv
2023-06-01,lending_rate,18.4082123018226,MOF_POE.csv
2023-07-01,lending_rate,17.9498651177107,MOF_POE.csv
2023-08-01,lending_rate,18.3985911813771,MOF_POE.csv
2023-09-01,lending_rate,18.9544282388269,MOF_POE.csv
2023-10-01,lending_rate,18.9024268363324,MOF_POE.csv
2023-11-01,lending_rate,16.7856863531231,MOF_POE.csv
2023-12-01,lending_rate,16.7016240400385,MOF_POE.csv
2024-01-01,lending_rate,17.3248768728134,MOF_POE.csv
2024-02-01,lending_rate,18.0870873137629,MOF_POE.csv
2024-03-01,lending_rate,17.3360655545441,MOF_POE.csv
2024-04-01,lending_rate,17.7356961711199,MOF_POE.csv
2024-05-01,lending_rate,18.854354306528,MOF_POE.csv
2024-06-01,lending_rate,17.6381432245516,MOF_POE.csv
2024-07-01,lending_rate,17.7584983012056,MOF_POE.csv
2024-08-01,lending_rate,19.0645263774834,MOF_POE.csv
2024-09-01,lending_rate,18.8391962000317,MOF_POE.csv
2024-10-01,lending_rate,19.4349578166566,MOF_POE.csv
2024-11-01,lending_rate,18.0796980535332,MOF_POE.csv
2024-12-01,lending_rate,17.3709694111586,MOF_POE.csv
2025-01-01,lending_rate,16.4988057873297,MOF_POE.csv
2025-02-01,lending_rate,18.7574811601536,MOF_POE.csv
2025-03-01,lending_rate,17.7392016887777,MOF_POE.csv
2025-04-01,lending_rate,16.63648067205,MOF_POE.csv
2025-05-01,lending_rate,18.6391328290903,MOF_POE.csv
2025-06-01,lending_rate,19.0740826628708,MOF_POE.csv
2025-07-01,lending_rate,19.6460468113828,MOF_POE.csv
2025-08-01,lending_rate,18.4642031057101,MOF_POE.csv
2025-09-01,lending_rate,18.4496128874087,MOF_POE.csv
2025-10-01,lending_rate,19.7050513710754,MOF_POE.csv
2025-11-01,lending_rate,18.43,MOF_POE.csv
2025-12-01,lending_rate,18.0015639290607,MOF_POE.csv
2026-01-01,lending_rate,18.3328222154981,MOF_POE.csv
2026-02-01,lending_rate,18.7258984321092,MOF_POE.csv
2026-03-01,lending_rate,18.8926671383762,MOF_POE.csv
2026-04-01,lending_rate,18.2593161371183,MOF_POE.csv
2026-05-01,lending_rate,18.0040780216752,MOF_POE.csv
2016-07-01,ppi_manufacturing,98.38722603108204,macro_block_ubos.csv
2016-08-01,ppi_manufacturing,98.41303868483298,macro_block_ubos.csv
2016-09-01,ppi_manufacturing,98.48356769920449,macro_block_ubos.csv
2016-10-01,ppi_manufacturing,98.70484794039614,macro_block_ubos.csv
2016-11-01,ppi_manufacturing,99.38708319290642,macro_block_ubos.csv
2016-12-01,ppi_manufacturing,99.87006436367106,macro_block_ubos.csv
2017-01-01,ppi_manufacturing,100.18150617841022,macro_block_ubos.csv
2017-02-01,ppi_manufacturing,100.6284246756666,macro_block_ubos.csv
2017-03-01,ppi_manufacturing,100.7594788447286,macro_block_ubos.csv
2017-04-01,ppi_manufacturing,101.46321621856303,macro_block_ubos.csv
2017-05-01,ppi_manufacturing,101.96846770466452,macro_block_ubos.csv
2017-06-01,ppi_manufacturing,101.74983835180328,macro_block_ubos.csv
2017-07-01,ppi_manufacturing,102.4342470449186,macro_block_ubos.csv
2017-08-01,ppi_manufacturing,103.49581718778089,macro_block_ubos.csv
2017-09-01,ppi_manufacturing,103.75000551885088,macro_block_ubos.csv
2017-10-01,ppi_manufacturing,103.99331491463492,macro_block_ubos.csv
2017-11-01,ppi_manufacturing,103.5691120972497,macro_block_ubos.csv
2017-12-01,ppi_manufacturing,102.53313216825724,macro_block_ubos.csv
2018-01-01,ppi_manufacturing,102.05296387592853,macro_block_ubos.csv
2018-02-01,ppi_manufacturing,102.49659849393348,macro_block_ubos.csv
2018-03-01,ppi_manufacturing,103.09334402405872,macro_block_ubos.csv
2018-04-01,ppi_manufacturing,103.70469964465,macro_block_ubos.csv
2018-05-01,ppi_manufacturing,104.11363144943276,macro_block_ubos.csv
2018-06-01,ppi_manufacturing,104.72388025033882,macro_block_ubos.csv
2018-07-01,ppi_manufacturing,104.96432931678176,macro_block_ubos.csv
2018-08-01,ppi_manufacturing,105.61708933501428,macro_block_ubos.csv
2018-09-01,ppi_manufacturing,105.93130894677978,macro_block_ubos.csv
2018-10-01,ppi_manufacturing,105.70868831415538,macro_block_ubos.csv
2018-11-01,ppi_manufacturing,105.23211890956692,macro_block_ubos.csv
2018-12-01,ppi_manufacturing,105.58383274612464,macro_block_ubos.csv
2019-01-01,ppi_manufacturing,105.4132536185468,macro_block_ubos.csv
2019-02-01,ppi_manufacturing,105.18100943601908,macro_block_ubos.csv
2019-03-01,ppi_manufacturing,105.42783912921168,macro_block_ubos.csv
2019-04-01,ppi_manufacturing,105.8325084204937,macro_block_ubos.csv
2019-05-01,ppi_manufacturing,105.93897338064794,macro_block_ubos.csv
2019-06-01,ppi_manufacturing,105.5943714986798,macro_block_ubos.csv
2019-07-01,ppi_manufacturing,105.54889631132684,macro_block_ubos.csv
2019-08-01,ppi_manufacturing,105.75002007836724,macro_block_ubos.csv
2019-09-01,ppi_manufacturing,105.92098423198266,macro_block_ubos.csv
2019-10-01,ppi_manufacturing,105.81524751408868,macro_block_ubos.csv
2019-11-01,ppi_manufacturing,106.31373819321462,macro_block_ubos.csv
2019-12-01,ppi_manufacturing,106.91374759333476,macro_block_ubos.csv
2020-01-01,ppi_manufacturing,107.68925070164056,macro_block_ubos.csv
2020-02-01,ppi_manufacturing,107.545555448379,macro_block_ubos.csv
2020-03-01,ppi_manufacturing,108.4930426010824,macro_block_ubos.csv
2020-04-01,ppi_manufacturing,108.563405490518,macro_block_ubos.csv
2020-05-01,ppi_manufacturing,108.35386611547185,macro_block_ubos.csv
2020-06-01,ppi_manufacturing,108.90744186377027,macro_block_ubos.csv
2020-07-01,ppi_manufacturing,108.85876369502606,macro_block_ubos.csv
2020-08-01,ppi_manufacturing,109.1111898722621,macro_block_ubos.csv
2020-09-01,ppi_manufacturing,108.91564663055578,macro_block_ubos.csv
2020-10-01,ppi_manufacturing,109.08054736024776,macro_block_ubos.csv
2020-11-01,ppi_manufacturing,108.96852676077216,macro_block_ubos.csv
2020-12-01,ppi_manufacturing,109.6892287024918,macro_block_ubos.csv
2021-01-01,ppi_manufacturing,110.73494057237043,macro_block_ubos.csv
2021-02-01,ppi_manufacturing,111.10053464220054,macro_block_ubos.csv
2021-03-01,ppi_manufacturing,111.885727754716,macro_block_ubos.csv
2021-04-01,ppi_manufacturing,112.06710020430046,macro_block_ubos.csv
2021-05-01,ppi_manufacturing,112.05693045603954,macro_block_ubos.csv
2021-06-01,ppi_manufacturing,112.00441886950442,macro_block_ubos.csv
2021-07-01,ppi_manufacturing,112.7252819493108,macro_block_ubos.csv
2021-08-01,ppi_manufacturing,113.23370987499538,macro_block_ubos.csv
2021-09-01,ppi_manufacturing,112.99649349480556,macro_block_ubos.csv
2021-10-01,ppi_manufacturing,114.06907019792531,macro_block_ubos.csv
2021-11-01,ppi_manufacturing,115.32379344455636,macro_block_ubos.csv
2021-12-01,ppi_manufacturing,115.60738721087584,macro_block_ubos.csv
2022-01-01,ppi_manufacturing,116.3540833628826,macro_block_ubos.csv
2022-02-01,ppi_manufacturing,116.63312311699184,macro_block_ubos.csv
2022-03-01,ppi_manufacturing,117.84580455107854,macro_block_ubos.csv
2022-04-01,ppi_manufacturing,120.03443345052683,macro_block_ubos.csv
2022-05-01,ppi_manufacturing,120.53319892313608,macro_block_ubos.csv
2022-06-01,ppi_manufacturing,121.89682102525292,macro_block_ubos.csv
2022-07-01,ppi_manufacturing,122.29045080777682,macro_block_ubos.csv
2022-08-01,ppi_manufacturing,122.51143378493391,macro_block_ubos.csv
2022-09-01,ppi_manufacturing,123.65336571607966,macro_block_ubos.csv
2022-10-01,ppi_manufacturing,123.28681708526912,macro_block_ubos.csv
2022-11-01,ppi_manufacturing,123.23853700108084,macro_block_ubos.csv
2022-12-01,ppi_manufacturing,123.1764863705002,macro_block_ubos.csv
2023-01-01,ppi_manufacturing,123.36134040122604,macro_block_ubos.csv
2023-02-01,ppi_manufacturing,123.2778578240249,macro_block_ubos.csv
2023-03-01,ppi_manufacturing,123.29418615217068,macro_block_ubos.csv
2023-04-01,ppi_manufacturing,123.7206448999166,macro_block_ubos.csv
2023-05-01,ppi_manufacturing,123.5009923740074,macro_block_ubos.csv
2023-06-01,ppi_manufacturing,122.96303083257226,macro_block_ubos.csv
2023-07-01,ppi_manufacturing,122.8800252786956,macro_block_ubos.csv
2023-08-01,ppi_manufacturing,123.34794505793842,macro_block_ubos.csv
2023-09-01,ppi_manufacturing,123.58845188863872,macro_block_ubos.csv
2023-10-01,ppi_manufacturing,123.2955367061006,macro_block_ubos.csv
2023-11-01,ppi_manufacturing,123.33935948462616,macro_block_ubos.csv
2023-12-01,ppi_manufacturing,123.17694722101832,macro_block_ubos.csv
2024-01-01,ppi_manufacturing,123.65008856448073,macro_block_ubos.csv
2024-02-01,ppi_manufacturing,124.48666224229969,macro_block_ubos.csv
2024-03-01,ppi_manufacturing,124.68562178950764,macro_block_ubos.csv
2024-04-01,ppi_manufacturing,124.4713719006392,macro_block_ubos.csv
2024-05-01,ppi_manufacturing,124.40637999981244,macro_block_ubos.csv
2024-06-01,ppi_manufacturing,124.50425559184252,macro_block_ubos.csv
2024-07-01,ppi_manufacturing,124.56911764709189,macro_block_ubos.csv
2024-08-01,ppi_manufacturing,124.57158355950456,macro_block_ubos.csv
2024-09-01,ppi_manufacturing,123.94781221544535,macro_block_ubos.csv
2024-10-01,ppi_manufacturing,123.9736843644281,macro_block_ubos.csv
2024-11-01,ppi_manufacturing,124.32958305748222,macro_block_ubos.csv
2024-12-01,ppi_manufacturing,124.9258937176514,macro_block_ubos.csv
2025-01-01,ppi_manufacturing,125.79173288502808,macro_block_ubos.csv
2025-02-01,ppi_manufacturing,126.24824406054697,macro_block_ubos.csv
2025-03-01,ppi_manufacturing,126.61786460934158,macro_block_ubos.csv
2025-04-01,ppi_manufacturing,126.4250267223964,macro_block_ubos.csv
2025-05-01,ppi_manufacturing,126.71226922625776,macro_block_ubos.csv
2025-06-01,ppi_manufacturing,126.71444417098384,macro_block_ubos.csv
2025-07-01,ppi_manufacturing,126.63034437071272,macro_block_ubos.csv
2025-08-01,ppi_manufacturing,126.42249563218648,macro_block_ubos.csv
2025-09-01,ppi_manufacturing,126.30462044534376,macro_block_ubos.csv
2025-10-01,ppi_manufacturing,125.95356773010931,macro_block_ubos.csv
2025-11-01,ppi_manufacturing,125.913523787074,macro_block_ubos.csv
2025-12-01,ppi_manufacturing,126.08299566278956,macro_block_ubos.csv
2026-01-01,ppi_manufacturing,126.4808542531572,macro_block_ubos.csv
2026-02-01,ppi_manufacturing,126.76393679124328,macro_block_ubos.csv
2026-03-01,ppi_manufacturing,127.16306937799652,macro_block_ubos.csv
2026-04-01,ppi_manufacturing,127.4815627490996,macro_block_ubos.csv
2026-05-01,ppi_manufacturing,127.90997257068958,macro_block_ubos.csv
2007-06-01,private_credit,1.827083161193,MOF_POE.csv
2007-07-01,private_credit,1.87364194507468,MOF_POE.csv
2007-08-01,private_credit,2.01226293300614,MOF_POE.csv
2007-09-01,private_credit,2.06221969554525,MOF_POE.csv
2007-10-01,private_credit,2.116934942815,MOF_POE.csv
2007-11-01,private_credit,2.158053439473,MOF_POE.csv
2007-12-01,private_credit,2.23324056005785,MOF_POE.csv
2008-01-01,private_credit,2.439527451907,MOF_POE.csv
2008-02-01,private_credit,2.56880350329405,MOF_POE.csv
2008-03-01,private_credit,2.600895515713,MOF_POE.csv
2008-04-01,private_credit,2.72099907119925,MOF_POE.csv
2008-05-01,private_credit,2.67789499280543,MOF_POE.csv
2008-06-01,private_credit,2.746200837036,MOF_POE.csv
2008-07-01,private_credit,2.95564543942045,MOF_POE.csv
2008-08-01,private_credit,3.03853517853,MOF_POE.csv
2008-09-01,private_credit,3.09886281667854,MOF_POE.csv
2008-10-01,private_credit,3.243994158312,MOF_POE.csv
2008-11-01,private_credit,3.32588610471,MOF_POE.csv
2008-12-01,private_credit,3.456430708587,MOF_POE.csv
2009-01-01,private_credit,3.48067716724991,MOF_POE.csv
2009-02-01,private_credit,3.53285467635017,MOF_POE.csv
2009-03-01,private_credit,3.64445354434056,MOF_POE.csv
2009-04-01,private_credit,3.70232441270508,MOF_POE.csv
2009-05-01,private_credit,3.68158278801363,MOF_POE.csv
2009-06-01,private_credit,3.62169321180184,MOF_POE.csv
2009-07-01,private_credit,3.71437359669012,MOF_POE.csv
2009-08-01,private_credit,3.71295861313162,MOF_POE.csv
2009-09-01,private_credit,3.73892435583296,MOF_POE.csv
2009-10-01,private_credit,3.84581247132107,MOF_POE.csv
2009-11-01,private_credit,3.92164061721176,MOF_POE.csv
2009-12-01,private_credit,4.03486749699255,MOF_POE.csv
2010-01-01,private_credit,4.07367981959723,MOF_POE.csv
2010-02-01,private_credit,4.3465757013333,MOF_POE.csv
2010-03-01,private_credit,4.41898013724592,MOF_POE.csv
2010-04-01,private_credit,4.46564226143239,MOF_POE.csv
2010-05-01,private_credit,4.62372413960705,MOF_POE.csv
2010-06-01,private_credit,4.7062636445069,MOF_POE.csv
2010-07-01,private_credit,4.82352552380065,MOF_POE.csv
2010-08-01,private_credit,4.8967386107467,MOF_POE.csv
2010-09-01,private_credit,5.00662658488698,MOF_POE.csv
2010-10-01,private_credit,5.27934580462754,MOF_POE.csv
2010-11-01,private_credit,5.46011740463445,MOF_POE.csv
2010-12-01,private_credit,5.66271072079871,MOF_POE.csv
2011-01-01,private_credit,5.75775381689557,MOF_POE.csv
2011-02-01,private_credit,5.91711567339647,MOF_POE.csv
2011-03-01,private_credit,6.04192458011888,MOF_POE.csv
2011-04-01,private_credit,6.12995926171737,MOF_POE.csv
2011-05-01,private_credit,6.36240564723871,MOF_POE.csv
2011-06-01,private_credit,6.74388161940575,MOF_POE.csv
2011-07-01,private_credit,6.78849238065984,MOF_POE.csv
2011-08-01,private_credit,7.06842083413321,MOF_POE.csv
2011-09-01,private_credit,7.31314647394796,MOF_POE.csv
2011-10-01,private_credit,7.22758554191648,MOF_POE.csv
2011-11-01,private_credit,7.31802725852095,MOF_POE.csv
2011-12-01,private_credit,7.26078199389275,MOF_POE.csv
2012-01-01,private_credit,7.13393140429677,MOF_POE.csv
2012-02-01,private_credit,7.16328800033594,MOF_POE.csv
2012-03-01,private_credit,7.37934163966028,MOF_POE.csv
2012-04-01,private_credit,7.39692295492386,MOF_POE.csv
2012-05-01,private_credit,7.41669431582923,MOF_POE.csv
2012-06-01,private_credit,7.50282377188435,MOF_POE.csv
2012-07-01,private_credit,7.48202853569867,MOF_POE.csv
2012-08-01,private_credit,7.52827336618008,MOF_POE.csv
2012-09-01,private_credit,7.62806489931342,MOF_POE.csv
2012-10-01,private_credit,7.78296473412995,MOF_POE.csv
2012-11-01,private_credit,7.96204706509689,MOF_POE.csv
2012-12-01,private_credit,8.0993895228089,MOF_POE.csv
2013-01-01,private_credit,8.10513374969371,MOF_POE.csv
2013-02-01,private_credit,8.10050453220516,MOF_POE.csv
2013-03-01,private_credit,7.97675668366402,MOF_POE.csv
2013-04-01,private_credit,7.98778915167214,MOF_POE.csv
2013-05-01,private_credit,7.937823007844,MOF_POE.csv
2013-06-01,private_credit,8.00359199357778,MOF_POE.csv
2013-07-01,private_credit,8.14727964433312,MOF_POE.csv
2013-08-01,private_credit,8.2455950659666,MOF_POE.csv
2013-09-01,private_credit,8.31347146322106,MOF_POE.csv
2013-10-01,private_credit,8.4678875563618,MOF_POE.csv
2013-11-01,private_credit,8.57214462169683,MOF_POE.csv
2013-12-01,private_credit,8.63456976986686,MOF_POE.csv
2014-01-01,private_credit,8.58422665870854,MOF_POE.csv
2014-02-01,private_credit,8.6727349902902,MOF_POE.csv
2014-03-01,private_credit,8.81129887317447,MOF_POE.csv
2014-04-01,private_credit,8.83627460361862,MOF_POE.csv
2014-05-01,private_credit,9.00176450481188,MOF_POE.csv
2014-06-01,private_credit,9.13040719423891,MOF_POE.csv
2014-07-01,private_credit,9.20951036534519,MOF_POE.csv
2014-08-01,private_credit,9.31235402989921,MOF_POE.csv
2014-09-01,private_credit,9.35292787119971,MOF_POE.csv
2014-10-01,private_credit,9.51132382450156,MOF_POE.csv
2014-11-01,private_credit,9.76966104153243,MOF_POE.csv
2014-12-01,private_credit,9.85149928552278,MOF_POE.csv
2015-01-01,private_credit,10.0417664368523,MOF_POE.csv
2015-02-01,private_credit,10.0787147382315,MOF_POE.csv
2015-03-01,private_credit,10.3091552172567,MOF_POE.csv
2015-04-01,private_credit,10.3324425126001,MOF_POE.csv
2015-05-01,private_credit,10.5161236134342,MOF_POE.csv
2015-06-01,private_credit,10.9746762757788,MOF_POE.csv
2015-07-01,private_credit,11.3378024441266,MOF_POE.csv
2015-08-01,private_credit,11.6059738615961,MOF_POE.csv
2015-09-01,private_credit,11.7202607913257,MOF_POE.csv
2015-10-01,private_credit,11.5437917359952,MOF_POE.csv
2015-11-01,private_credit,11.33334649049,MOF_POE.csv
2015-12-01,private_credit,11.3570992892838,MOF_POE.csv
2016-01-01,private_credit,11.4368290610789,MOF_POE.csv
2016-02-01,private_credit,11.2077840734218,MOF_POE.csv
2016-03-01,private_credit,11.2079716791478,MOF_POE.csv
2016-04-01,private_credit,11.2645189784789,MOF_POE.csv
2016-05-01,private_credit,11.3143774092613,MOF_POE.csv
2016-06-01,private_credit,11.459084998148,MOF_POE.csv
2016-07-01,private_credit,11.5122776243088,MOF_POE.csv
2016-08-01,private_credit,11.505616739328,MOF_POE.csv
2016-09-01,private_credit,11.5935130751149,MOF_POE.csv
2016-10-01,private_credit,11.7637586370317,MOF_POE.csv
2016-11-01,private_credit,12.1846001563216,MOF_POE.csv
2016-12-01,private_credit,12.0726757142981,MOF_POE.csv
2017-01-01,private_credit,11.9617217326224,MOF_POE.csv
2017-02-01,private_credit,11.995983202797,MOF_POE.csv
2017-03-01,private_credit,11.8969890599049,MOF_POE.csv
2017-04-01,private_credit,11.9720398674928,MOF_POE.csv
2017-05-01,private_credit,11.962177817277,MOF_POE.csv
2017-06-01,private_credit,12.1183064057984,MOF_POE.csv
2017-07-01,private_credit,12.1666643634193,MOF_POE.csv
2017-08-01,private_credit,12.2243283045191,MOF_POE.csv
2017-09-01,private_credit,12.3507297763164,MOF_POE.csv
2017-10-01,private_credit,12.5681923477558,MOF_POE.csv
2017-11-01,private_credit,12.5790076008021,MOF_POE.csv
2017-12-01,private_credit,12.8251198868611,MOF_POE.csv
2018-01-01,private_credit,12.6547601712683,MOF_POE.csv
2018-02-01,private_credit,12.6357124327097,MOF_POE.csv
2018-03-01,private_credit,12.8279615873349,MOF_POE.csv
2018-04-01,private_credit,12.9259833537793,MOF_POE.csv
2018-05-01,private_credit,13.0323425963498,MOF_POE.csv
2018-06-01,private_credit,13.4046252857106,MOF_POE.csv
2018-07-01,private_credit,13.3790462036214,MOF_POE.csv
2018-08-01,private_credit,13.5535294487902,MOF_POE.csv
2018-09-01,private_credit,13.8918008277995,MOF_POE.csv
2018-10-01,private_credit,13.8798050008377,MOF_POE.csv
2018-11-01,private_credit,14.0995360693288,MOF_POE.csv
2018-12-01,private_credit,14.2236507000663,MOF_POE.csv
2019-01-01,private_credit,14.0697659825823,MOF_POE.csv
2019-02-01,private_credit,14.1349565214484,MOF_POE.csv
2019-03-01,private_credit,14.5358315637738,MOF_POE.csv
2019-04-01,private_credit,14.759921454982,MOF_POE.csv
2019-05-01,private_credit,14.9152788909739,MOF_POE.csv
2019-06-01,private_credit,15.0921988265046,MOF_POE.csv
2019-07-01,private_credit,15.2262591243972,MOF_POE.csv
2019-08-01,private_credit,15.3573771987977,MOF_POE.csv
2019-09-01,private_credit,15.3629381847365,MOF_POE.csv
2019-10-01,private_credit,15.4986782863277,MOF_POE.csv
2019-11-01,private_credit,15.6394439347934,MOF_POE.csv
2019-12-01,private_credit,15.9279329627316,MOF_POE.csv
2020-01-01,private_credit,15.7946754977727,MOF_POE.csv
2020-02-01,private_credit,15.7355143091059,MOF_POE.csv
2020-03-01,private_credit,15.9406361976612,MOF_POE.csv
2020-04-01,private_credit,16.2307097697094,MOF_POE.csv
2020-05-01,private_credit,16.3163716806885,MOF_POE.csv
2020-06-01,private_credit,16.9818131979102,MOF_POE.csv
2020-07-01,private_credit,16.996574400882,MOF_POE.csv
2020-08-01,private_credit,16.9713743223835,MOF_POE.csv
2020-09-01,private_credit,17.2214664911589,MOF_POE.csv
2020-10-01,private_credit,17.3186042083637,MOF_POE.csv
2020-11-01,private_credit,17.4603958602501,MOF_POE.csv
2020-12-01,private_credit,17.845398002375,MOF_POE.csv
2021-01-01,private_credit,17.9115229097398,MOF_POE.csv
2021-02-01,private_credit,17.8969202541125,MOF_POE.csv
2021-03-01,private_credit,17.9850511930386,MOF_POE.csv
2021-04-01,private_credit,17.8294544806131,MOF_POE.csv
2021-05-01,private_credit,17.7921736401406,MOF_POE.csv
2021-06-01,private_credit,18.1878623404886,MOF_POE.csv
2021-07-01,private_credit,18.415818306576,MOF_POE.csv
2021-08-01,private_credit,18.4137379162818,MOF_POE.csv
2021-09-01,private_credit,18.4459510154603,MOF_POE.csv
2021-10-01,private_credit,18.5860680517527,MOF_POE.csv
2021-11-01,private_credit,18.7336005176683,MOF_POE.csv
2021-12-01,private_credit,18.9240935359506,MOF_POE.csv
2022-01-01,private_credit,18.9363421803931,MOF_POE.csv
2022-02-01,private_credit,19.1627877522499,MOF_POE.csv
2022-03-01,private_credit,19.0836512385273,MOF_POE.csv
2022-04-01,private_credit,19.1138868174181,MOF_POE.csv
2022-05-01,private_credit,19.5257535059467,MOF_POE.csv
2022-06-01,private_credit,19.8087133591588,MOF_POE.csv
2022-07-01,private_credit,20.0412161256606,MOF_POE.csv
2022-08-01,private_credit,20.1159145204316,MOF_POE.csv
2022-09-01,private_credit,19.6150366873096,MOF_POE.csv
2022-10-01,private_credit,19.8273617603426,MOF_POE.csv
2022-11-01,private_credit,19.8863617998627,MOF_POE.csv
2022-12-01,private_credit,20.1555659061799,MOF_POE.csv
2023-01-01,private_credit,20.1441137457914,MOF_POE.csv
2023-02-01,private_credit,20.1085414885156,MOF_POE.csv
2023-03-01,private_credit,20.4015909552312,MOF_POE.csv
2023-04-01,private_credit,20.469720950874,MOF_POE.csv
2023-05-01,private_credit,20.5304832425939,MOF_POE.csv
2023-06-01,private_credit,20.4073202695962,MOF_POE.csv
2023-07-01,private_credit,20.5354012786881,MOF_POE.csv
2023-08-01,private_credit,20.8413752225887,MOF_POE.csv
2023-09-01,private_credit,21.1674427800147,MOF_POE.csv
2023-10-01,private_credit,21.0917192010129,MOF_POE.csv
2023-11-01,private_credit,21.4264590817447,MOF_POE.csv
2023-12-01,private_credit,21.7030671020507,MOF_POE.csv
2024-01-01,private_credit,21.5426762248319,MOF_POE.csv
2024-02-01,private_credit,21.7419186326344,MOF_POE.csv
2024-03-01,private_credit,21.7358584318734,MOF_POE.csv
2024-04-01,private_credit,21.5374375449535,MOF_POE.csv
2024-05-01,private_credit,21.6349240068222,MOF_POE.csv
2024-06-01,private_credit,21.9058228385907,MOF_POE.csv
2024-07-01,private_credit,22.2430722591738,MOF_POE.csv
2024-08-01,private_credit,22.2848125730354,MOF_POE.csv
2024-09-01,private_credit,22.209111650809,MOF_POE.csv
2024-10-01,private_credit,22.2708671715564,MOF_POE.csv
2024-11-01,private_credit,22.8451000214255,MOF_POE.csv
2024-12-01,private_credit,22.8189645860496,MOF_POE.csv
2025-01-01,private_credit,22.8804528309946,MOF_POE.csv
2025-02-01,private_credit,23.1213771531718,MOF_POE.csv
2025-03-01,private_credit,23.3051857756329,MOF_POE.csv
2025-04-01,private_credit,23.5220409284511,MOF_POE.csv
2025-05-01,private_credit,23.5361022720848,MOF_POE.csv
2025-06-01,private_credit,23.901935152281,MOF_POE.csv
2025-07-01,private_credit,23.785741685077,MOF_POE.csv
2025-08-01,private_credit,24.0482329113105,MOF_POE.csv
2025-09-01,private_credit,24.2874152829261,MOF_POE.csv
2025-10-01,private_credit,24.353162917562,MOF_POE.csv
2025-11-01,private_credit,25.0254549110226,MOF_POE.csv
2025-12-01,private_credit,25.3466973665874,MOF_POE.csv
2026-01-01,private_credit,25.427943490152,MOF_POE.csv
2026-02-01,private_credit,25.3770398734542,MOF_POE.csv
2026-03-01,private_credit,25.9403280652109,MOF_POE.csv
2026-04-01,private_credit,26.4343371247288,MOF_POE.csv
2026-05-01,private_credit,26.7158822345481,MOF_POE.csv
